Workbook

Sheet Ene 2023
C2: Matriz Origen-Destino Tarjetas Biotren
C3: Mes: ENERO 2023 | G3: Periodo: 01 al 31 Enero
B5: 01 al 31 Enero | E5: T. Monedero
B6: Estaciones | C6: Hualqui | D6: La Leonera | E6: Manquimávida | F6: Pedro Medina | G6: Chiguayante | H6: Concepción | I6: Lorenzo Arenas | J6: UTFSM | K6: Los Cóndores | L6: Higueras | M6: El Arenal | N6: Mercado | O6: Juan Pablo II | P6: Diagonal Biobío | Q6: Alborada | R6: Costa Mar | S6: El Parque | T6: Lomas Coloradas | U6: C. Raúl Silva H. | V6: Hito Galvarino | W6: Los Canelos | X6: Huinca | Y6: Cristo Redentor | Z6: Laguna Quiñenco | AA6: Intermodal Coronel | AB6: Pasajero Lota | AC6: Concepcion Centro | AD6: Total | AF6: Estaciones | AG6: Hualqui | AH6: Leonera | AI6: Manquimavida | AJ6: Pedro Medina | AK6: Chiguayante | AL6: Concepcion | AM6: Lorenzo Arenas | AN6: UTFSM | AO6: Los Condores | AP6: Higueras | AQ6: Arenal | AR6: Mercado | AS6: Juan Pablo II | AT6: Diagonal Bio Bio | AU6: Alborada | AV6: Costa Mar | AW6: El Parque | AX6: Lomas Coloradas | AY6: Raul Silva H. | AZ6: Hito Galvarino | BA6: Los Canelos | BB6: Huinca | BC6: Cristo Redentor | BD6: Lag.Quiñenco | BE6: Coronel | BF6: Pasajero Lota | BG6: Concepcion Centro
A7: 1 | B7: Hualqui | C7: 312 | D7: 109 | E7: 142 | F7: 114 | G7: 259 | H7: 3996 | I7: 524 | J7: 512 | K7: 443 | L7: 434 | M7: 438 | N7: 563 | O7: 474 | P7: 140 | Q7: 50 | R7: 285 | S7: 156 | T7: 187 | U7: 66 | V7: 106 | W7: 71 | X7: 45 | Y7: 50 | Z7: 54 | AA7: 143 | AB7: 20 | AD7: =SUM(C7:AC7) -> 9693 | AF7: Hualqui | AG7: 290 | AH7: 340 | AI7: 340 | AJ7: 340 | AK7: 340 | AL7: 390 | AM7: 390 | AN7: 400 | AO7: 400 | AP7: 400 | AQ7: 420 | AR7: 420 | AS7: 420 | AT7: 420 | AU7: 420 | AV7: 430 | AW7: 430 | AX7: 430 | AY7: 430 | AZ7: 700 | BA7: 700 | BB7: 740 | BC7: 740 | BD7: 750 | BE7: 750 | BF7: =BE7 -> 750
A8: 2 | B8: La Leonera | C8: 161 | D8: 188 | E8: 19 | F8: 46 | G8: 130 | H8: 2065 | I8: 369 | J8: 314 | K8: 479 | L8: 429 | M8: 322 | N8: 566 | O8: 570 | P8: 48 | Q8: 69 | R8: 211 | S8: 226 | T8: 167 | U8: 87 | V8: 138 | W8: 148 | X8: 32 | Y8: 83 | Z8: 67 | AA8: 145 | AB8: 28 | AD8: =SUM(C8:AC8) -> 7107 | AF8: Leonera | AG8: 340 | AH8: 290 | AI8: 290 | AJ8: 290 | AK8: 290 | AL8: 360 | AM8: 360 | AN8: 390 | AO8: 390 | AP8: 390 | AQ8: 400 | AR8: 400 | AS8: 410 | AT8: 410 | AU8: 410 | AV8: 420 | AW8: 420 | AX8: 420 | AY8: 420 | AZ8: 690 | BA8: 690 | BB8: 700 | BC8: 700 | BD8: 700 | BE8: 700 | BF8: =BE8 -> 700
A9: 3 | B9: Manquimávida | C9: 175 | D9: 18 | E9: 140 | F9: 63 | G9: 78 | H9: 2221 | I9: 373 | J9: 248 | K9: 250 | L9: 355 | M9: 189 | N9: 429 | O9: 309 | P9: 49 | Q9: 63 | R9: 122 | S9: 88 | T9: 115 | U9: 102 | V9: 60 | W9: 114 | X9: 38 | Y9: 30 | Z9: 53 | AA9: 135 | AB9: 1 | AD9: =SUM(C9:AC9) -> 5818 | AF9: Manquimavida | AG9: 340 | AH9: 290 | AI9: 290 | AJ9: 290 | AK9: 290 | AL9: 360 | AM9: 360 | AN9: 390 | AO9: 390 | AP9: 390 | AQ9: 400 | AR9: 400 | AS9: 410 | AT9: 410 | AU9: 410 | AV9: 420 | AW9: 420 | AX9: 420 | AY9: 420 | AZ9: 690 | BA9: 690 | BB9: 700 | BC9: 700 | BD9: 700 | BE9: 700 | BF9: =BE9 -> 700
A10: 4 | B10: Pedro Medina | C10: 136 | D10: 48 | E10: 21 | F10: 74 | G10: 36 | H10: 1157 | I10: 146 | J10: 253 | K10: 234 | L10: 223 | M10: 127 | N10: 298 | O10: 167 | P10: 94 | Q10: 14 | R10: 149 | S10: 114 | T10: 95 | U10: 46 | V10: 91 | W10: 63 | X10: 17 | Y10: 70 | Z10: 20 | AA10: 87 | AB10: 4 | AD10: =SUM(C10:AC10) -> 3784 | AF10: Pedro Medina | AG10: 340 | AH10: 290 | AI10: 290 | AJ10: 290 | AK10: 290 | AL10: 360 | AM10: 360 | AN10: 390 | AO10: 390 | AP10: 390 | AQ10: 400 | AR10: 400 | AS10: 410 | AT10: 410 | AU10: 410 | AV10: 420 | AW10: 420 | AX10: 420 | AY10: 420 | AZ10: 690 | BA10: 690 | BB10: 700 | BC10: 700 | BD10: 700 | BE10: 700 | BF10: =BE10 -> 700
A11: 5 | B11: Chiguayante | C11: 437 | D11: 122 | E11: 84 | F11: 30 | G11: 254 | H11: 2147 | I11: 441 | J11: 448 | K11: 399 | L11: 563 | M11: 318 | N11: 689 | O11: 388 | P11: 164 | Q11: 34 | R11: 270 | S11: 127 | T11: 215 | U11: 101 | V11: 90 | W11: 133 | X11: 76 | Y11: 73 | Z11: 171 | AA11: 216 | AB11: 23 | AD11: =SUM(C11:AC11) -> 8013 | AF11: Chiguayante | AG11: 340 | AH11: 290 | AI11: 290 | AJ11: 290 | AK11: 290 | AL11: 360 | AM11: 360 | AN11: 390 | AO11: 390 | AP11: 390 | AQ11: 400 | AR11: 400 | AS11: 410 | AT11: 410 | AU11: 410 | AV11: 420 | AW11: 420 | AX11: 420 | AY11: 420 | AZ11: 690 | BA11: 690 | BB11: 700 | BC11: 700 | BD11: 700 | BE11: 700 | BF11: =BE11 -> 700
A12: 6 | B12: Concepción | C12: 5627 | D12: 1911 | E12: 2350 | F12: 1073 | G12: 2076 | H12: 7740 | I12: 393 | J12: 778 | K12: 2338 | L12: 1341 | M12: 1272 | N12: 1564 | O12: 1147 | P12: 703 | Q12: 1078 | R12: 6138 | S12: 2083 | T12: 8544 | U12: 7119 | V12: 3312 | W12: 8749 | X12: 4263 | Y12: 8202 | Z12: 6313 | AA12: 7391 | AB12: 547 | AD12: =SUM(C12:AC12) -> 94052 | AF12: Concepcion | AG12: 390 | AH12: 360 | AI12: 360 | AJ12: 360 | AK12: 360 | AL12: 290 | AM12: 290 | AN12: 340 | AO12: 340 | AP12: 340 | AQ12: 390 | AR12: 390 | AS12: 390 | AT12: 390 | AU12: 390 | AV12: 400 | AW12: 400 | AX12: 400 | AY12: 400 | AZ12: 650 | BA12: 650 | BB12: 650 | BC12: 650 | BD12: 670 | BE12: 670 | BF12: =BE12 -> 670
A13: 7 | B13: Lorenzo Arenas | C13: 506 | D13: 394 | E13: 307 | F13: 148 | G13: 366 | H13: 331 | I13: 138 | J13: 51 | K13: 214 | L13: 209 | M13: 155 | N13: 254 | O13: 27 | P13: 46 | Q13: 29 | R13: 172 | S13: 17 | T13: 91 | U13: 127 | V13: 57 | W13: 96 | X13: 28 | Y13: 150 | Z13: 84 | AA13: 55 | AB13: 3 | AD13: =SUM(C13:AC13) -> 4055 | AF13: Lorenzo Arenas | AG13: 390 | AH13: 360 | AI13: 360 | AJ13: 360 | AK13: 360 | AL13: 290 | AM13: 290 | AN13: 340 | AO13: 340 | AP13: 340 | AQ13: 390 | AR13: 390 | AS13: 390 | AT13: 390 | AU13: 390 | AV13: 400 | AW13: 400 | AX13: 400 | AY13: 400 | AZ13: 650 | BA13: 650 | BB13: 650 | BC13: 650 | BD13: 670 | BE13: 670 | BF13: =BE13 -> 670
A14: 8 | B14: UTFSM | C14: 549 | D14: 312 | E14: 215 | F14: 229 | G14: 465 | H14: 839 | I14: 53 | J14: 115 | K14: 100 | L14: 209 | M14: 172 | N14: 368 | O14: 74 | P14: 93 | Q14: 64 | R14: 147 | S14: 68 | T14: 142 | U14: 109 | V14: 128 | W14: 124 | X14: 111 | Y14: 95 | Z14: 91 | AA14: 158 | AB14: 11 | AD14: =SUM(C14:AC14) -> 5041 | AF14: UTFSM | AG14: 400 | AH14: 390 | AI14: 390 | AJ14: 390 | AK14: 390 | AL14: 340 | AM14: 340 | AN14: 290 | AO14: 290 | AP14: 290 | AQ14: 340 | AR14: 340 | AS14: 380 | AT14: 380 | AU14: 380 | AV14: 420 | AW14: 420 | AX14: 420 | AY14: 420 | AZ14: 660 | BA14: 660 | BB14: 670 | BC14: 670 | BD14: 690 | BE14: 690 | BF14: =BE14 -> 690
A15: 9 | B15: Los Cóndores | C15: 584 | D15: 499 | E15: 305 | F15: 203 | G15: 440 | H15: 2415 | I15: 190 | J15: 132 | K15: 135 | L15: 40 | M15: 90 | N15: 197 | O15: 191 | P15: 135 | Q15: 59 | R15: 134 | S15: 88 | T15: 208 | U15: 147 | V15: 180 | W15: 295 | X15: 49 | Y15: 82 | Z15: 164 | AA15: 289 | AB15: 99 | AD15: =SUM(C15:AC15) -> 7350 | AF15: Los Condores | AG15: 400 | AH15: 390 | AI15: 390 | AJ15: 390 | AK15: 390 | AL15: 340 | AM15: 340 | AN15: 290 | AO15: 290 | AP15: 290 | AQ15: 340 | AR15: 340 | AS15: 380 | AT15: 380 | AU15: 380 | AV15: 420 | AW15: 420 | AX15: 420 | AY15: 420 | AZ15: 660 | BA15: 660 | BB15: 670 | BC15: 670 | BD15: 690 | BE15: 690 | BF15: =BE15 -> 690
A16: 10 | B16: Higueras | C16: 406 | D16: 386 | E16: 363 | F16: 202 | G16: 419 | H16: 1607 | I16: 268 | J16: 147 | K16: 62 | L16: 91 | M16: 53 | N16: 217 | O16: 191 | P16: 85 | Q16: 54 | R16: 163 | S16: 49 | T16: 247 | U16: 202 | V16: 58 | W16: 232 | X16: 65 | Y16: 84 | Z16: 138 | AA16: 209 | AB16: 35 | AD16: =SUM(C16:AC16) -> 6033 | AF16: Higueras | AG16: 400 | AH16: 390 | AI16: 390 | AJ16: 390 | AK16: 390 | AL16: 340 | AM16: 340 | AN16: 290 | AO16: 290 | AP16: 290 | AQ16: 340 | AR16: 340 | AS16: 380 | AT16: 380 | AU16: 380 | AV16: 420 | AW16: 420 | AX16: 420 | AY16: 420 | AZ16: 660 | BA16: 660 | BB16: 670 | BC16: 670 | BD16: 690 | BE16: 690 | BF16: =BE16 -> 690
A17: 11 | B17: El Arenal | C17: 487 | D17: 286 | E17: 245 | F17: 107 | G17: 284 | H17: 1396 | I17: 136 | J17: 153 | K17: 93 | L17: 58 | M17: 118 | N17: 27 | O17: 140 | P17: 93 | Q17: 80 | R17: 161 | S17: 28 | T17: 108 | U17: 64 | V17: 113 | W17: 150 | X17: 27 | Y17: 133 | Z17: 97 | AA17: 161 | AB17: 9 | AD17: =SUM(C17:AC17) -> 4754 | AF17: Arenal | AG17: 420 | AH17: 400 | AI17: 400 | AJ17: 400 | AK17: 400 | AL17: 390 | AM17: 390 | AN17: 340 | AO17: 340 | AP17: 340 | AQ17: 290 | AR17: 290 | AS17: 380 | AT17: 380 | AU17: 380 | AV17: 420 | AW17: 420 | AX17: 420 | AY17: 420 | AZ17: 670 | BA17: 670 | BB17: 690 | BC17: 690 | BD17: 700 | BE17: 700 | BF17: =BE17 -> 700
A18: 12 | B18: Mercado | C18: 542 | D18: 477 | E18: 410 | F18: 286 | G18: 509 | H18: 1598 | I18: 281 | J18: 309 | K18: 228 | L18: 186 | M18: 28 | N18: 135 | O18: 140 | P18: 105 | Q18: 45 | R18: 211 | S18: 58 | T18: 214 | U18: 215 | V18: 111 | W18: 187 | X18: 56 | Y18: 125 | Z18: 155 | AA18: 233 | AB18: 47 | AD18: =SUM(C18:AC18) -> 6891 | AF18: Mercado | AG18: 420 | AH18: 400 | AI18: 400 | AJ18: 400 | AK18: 400 | AL18: 390 | AM18: 390 | AN18: 340 | AO18: 340 | AP18: 340 | AQ18: 290 | AR18: 290 | AS18: 380 | AT18: 380 | AU18: 380 | AV18: 420 | AW18: 420 | AX18: 420 | AY18: 420 | AZ18: 670 | BA18: 670 | BB18: 690 | BC18: 690 | BD18: 700 | BE18: 700 | BF18: =BE18 -> 700
... A31: 25 | B31: Intermodal Coronel | C31: 158 | D31: 143 | E31: 110 | F31: 45 | G31: 262 | H31: 9172 | I31: 59 | J31: 226 | K31: 385 | L31: 264 | M31: 155 | N31: 303 | O31: 4573 | P31: 1524 | Q31: 274 | R31: 1562 | S31: 900 | T31: 1685 | U31: 1264 | V31: 755 | W31: 1604 | X31: 1036 | Y31: 1832 | Z31: 1106 | AA31: 494 | AB31: 5 | AD31: =SUM(C31:AC31) -> 29896 | AF31: Coronel | AG31: 750 | AH31: 700 | AI31: 700 | AJ31: 700 | AK31: 700 | AL31: 670 | AM31: 670 | AN31: 690 | AO31: 690 | AP31: 690 | AQ31: 700 | AR31: 700 | AS31: 600 | AT31: 600 | AU31: 600 | AV31: 470 | AW31: 470 | AX31: 470 | AY31: 470 | AZ31: 380 | BA31: 380 | BB31: 290 | BC31: 290 | BD31: 290 | BE31: 290 | BF31: =BE31 -> 290
A32: 26 | B32: Pasajero Lota | C32: 5 | D32: 11 | E32: 11 | F32: 2 | G32: 18 | H32: 299 | I32: 0 | J32: 5 | K32: 30 | L32: 7 | M32: 12 | N32: 7 | O32: 219 | P32: 55 | Q32: 11 | R32: 98 | S32: 53 | T32: 81 | U32: 28 | V32: 48 | W32: 27 | X32: 35 | Y32: 37 | Z32: 19 | AA32: 12 | AB32: 27 | AD32: =SUM(C32:AC32) -> 1157 | AF32: Pasajero Lota | AG32: =AG31 -> 750 | AH32: =AH31 -> 700 | AI32: =AI31 -> 700 | AJ32: =AJ31 -> 700 | AK32: =AK31 -> 700 | AL32: =AL31 -> 670 | AM32: =AM31 -> 670 | AN32: =AN31 -> 690 | ... BF32: =BF31 -> 290
A33: 27 | B33: Concepcion Centro | AD33: =SUM(C33:AC33) -> 0 | AF33: Concepcion Centro
B34: Total | C34: =SUM(C7:C33) -> 11466 | D34: =SUM(D7:D33) -> 6208 | E34: =SUM(E7:E33) -> 5731 | F34: =SUM(F7:F33) -> 3466 | G34: =SUM(G7:G33) -> 7088 | H34: =SUM(H7:H33) -> 94962 | I34: =SUM(I7:I33) -> 4329 | J34: =SUM(J7:J33) -> 4989 | ... AC34: =SUM(AC7:AC33) -> 0 | AD34: =SUM(AD7:AD32) -> 428499
B37: =+B5 -> 01 al 31 Enero | E37: T. Estudiante
B38: Estaciones | C38: Hualqui | D38: La Leonera | E38: Manquimávida | F38: Pedro Medina | G38: Chiguayante | H38: Concepción | I38: Lorenzo Arenas | J38: UTFSM | K38: Los Cóndores | L38: Higueras | M38: El Arenal | N38: Mercado | O38: Juan Pablo II | P38: Diagonal Biobío | Q38: Alborada | R38: Costa Mar | S38: El Parque | T38: Lomas Coloradas | U38: C. Raúl Silva H. | V38: Hito Galvarino | W38: Los Canelos | X38: Huinca | Y38: Cristo Redentor | Z38: Laguna Quiñenco | AA38: Intermodal Coronel | AB38: Pasajero Lota | AC38: Concepcion Centro | AD38: Total | AF38: Estaciones | AG38: Hualqui | AH38: Leonera | AI38: Manquimavida | AJ38: Pedro Medina | AK38: Chiguayante | AL38: Concepcion | AM38: Lorenzo Arenas | AN38: UTFSM | AO38: Los Condores | AP38: Higueras | AQ38: Arenal | AR38: Mercado | AS38: Juan Pablo II | AT38: Diagonal Bio Bio | AU38: Alborada | AV38: Costa Mar | AW38: El Parque | AX38: Lomas Coloradas | AY38: Raul Silva H. | AZ38: Hito Galvarino | BA38: Los Canelos | BB38: Huinca | BC38: Cristo Redentor | BD38: Lag.Quiñenco | BE38: Coronel | BF38: Pasajero Lota | BG38: Concepcion Centro
B39: Hualqui | C39: 21 | D39: 7 | E39: 13 | F39: 4 | G39: 31 | H39: 538 | I39: 25 | J39: 23 | K39: 35 | L39: 42 | M39: 9 | N39: 24 | O39: 21 | P39: 1 | Q39: 2 | R39: 10 | S39: 17 | T39: 6 | U39: 8 | V39: 10 | W39: 4 | X39: 3 | Y39: 2 | Z39: 6 | AA39: 15 | AB39: 0 | AD39: =SUM(C39:AC39) -> 877 | AF39: Hualqui | AG39: 100 | AH39: 120 | AI39: 120 | AJ39: 120 | AK39: 120 | AL39: 130 | AM39: 130 | AN39: 130 | AO39: 130 | AP39: 130 | AQ39: 140 | AR39: 140 | AS39: 140 | AT39: 140 | AU39: 140 | AV39: 140 | AW39: 140 | AX39: 140 | AY39: 140 | AZ39: 240 | BA39: 240 | BB39: 250 | BC39: 250 | BD39: 250 | BE39: 250 | BF39: =BE39 -> 250
B40: La Leonera | C40: 11 | D40: 15 | E40: 0 | F40: 5 | G40: 7 | H40: 188 | I40: 30 | J40: 7 | K40: 16 | L40: 19 | M40: 40 | N40: 24 | O40: 13 | P40: 9 | Q40: 23 | R40: 20 | S40: 13 | T40: 10 | U40: 1 | V40: 32 | W40: 40 | X40: 4 | Y40: 19 | Z40: 19 | AA40: 12 | AB40: 0 | AD40: =SUM(C40:AC40) -> 577 | AF40: Leonera | AG40: 120 | AH40: 100 | AI40: 100 | AJ40: 100 | AK40: 100 | AL40: 120 | AM40: 120 | AN40: 130 | AO40: 130 | AP40: 130 | AQ40: 130 | AR40: 130 | AS40: 140 | AT40: 140 | AU40: 140 | AV40: 140 | AW40: 140 | AX40: 140 | AY40: 140 | AZ40: 230 | BA40: 230 | BB40: 230 | BC40: 230 | BD40: 240 | BE40: 240 | BF40: =BE40 -> 240
B41: Manquimávida | C41: 18 | D41: 0 | E41: 10 | F41: 1 | G41: 5 | H41: 190 | I41: 43 | J41: 34 | K41: 7 | L41: 25 | M41: 1 | N41: 33 | O41: 2 | P41: 0 | Q41: 18 | R41: 1 | S41: 32 | T41: 21 | U41: 3 | V41: 11 | W41: 9 | X41: 3 | Y41: 1 | Z41: 1 | AA41: 7 | AB41: 0 | AD41: =SUM(C41:AC41) -> 476 | AF41: Manquimavida | AG41: 120 | AH41: 100 | AI41: 100 | AJ41: 100 | AK41: 100 | AL41: 120 | AM41: 120 | AN41: 130 | AO41: 130 | AP41: 130 | AQ41: 130 | AR41: 130 | AS41: 140 | AT41: 140 | AU41: 140 | AV41: 140 | AW41: 140 | AX41: 140 | AY41: 140 | AZ41: 230 | BA41: 230 | BB41: 230 | BC41: 230 | BD41: 240 | BE41: 240 | BF41: =BE41 -> 240
B42: Pedro Medina | C42: 15 | D42: 7 | E42: 3 | F42: 9 | G42: 3 | H42: 81 | I42: 10 | J42: 1 | K42: 7 | L42: 60 | M42: 1 | N42: 2 | O42: 1 | P42: 1 | Q42: 10 | R42: 5 | S42: 1 | T42: 3 | U42: 0 | V42: 1 | W42: 37 | X42: 1 | Y42: 7 | Z42: 14 | AA42: 2 | AB42: 0 | AD42: =SUM(C42:AC42) -> 282 | AF42: Pedro Medina | AG42: 120 | AH42: 100 | AI42: 100 | AJ42: 100 | AK42: 100 | AL42: 120 | AM42: 120 | AN42: 130 | AO42: 130 | AP42: 130 | AQ42: 130 | AR42: 130 | AS42: 140 | AT42: 140 | AU42: 140 | AV42: 140 | AW42: 140 | AX42: 140 | AY42: 140 | AZ42: 230 | BA42: 230 | BB42: 230 | BC42: 230 | BD42: 240 | BE42: 240 | BF42: =BE42 -> 240
B43: Chiguayante | C43: 53 | D43: 12 | E43: 12 | F43: 4 | G43: 11 | H43: 284 | I43: 35 | J43: 34 | K43: 20 | L43: 46 | M43: 9 | N43: 28 | O43: 54 | P43: 17 | Q43: 2 | R43: 15 | S43: 14 | T43: 54 | U43: 15 | V43: 12 | W43: 12 | X43: 5 | Y43: 7 | Z43: 15 | AA43: 17 | AB43: 0 | AD43: =SUM(C43:AC43) -> 787 | AF43: Chiguayante | AG43: 120 | AH43: 100 | AI43: 100 | AJ43: 100 | AK43: 100 | AL43: 120 | AM43: 120 | AN43: 130 | AO43: 130 | AP43: 130 | AQ43: 130 | AR43: 130 | AS43: 140 | AT43: 140 | AU43: 140 | AV43: 140 | AW43: 140 | AX43: 140 | AY43: 140 | AZ43: 230 | BA43: 230 | BB43: 230 | BC43: 230 | BD43: 240 | BE43: 240 | BF43: =BE43 -> 240
B44: Concepción | C44: 620 | D44: 157 | E44: 181 | F44: 95 | G44: 189 | H44: 859 | I44: 49 | J44: 85 | K44: 176 | L44: 193 | M44: 119 | N44: 89 | O44: 197 | P44: 118 | Q44: 114 | R44: 740 | S44: 218 | T44: 1588 | U44: 1480 | V44: 1069 | W44: 1929 | X44: 1155 | Y44: 1706 | Z44: 1413 | AA44: 1271 | AB44: 79 | AD44: =SUM(C44:AC44) -> 15889 | AF44: Concepcion | AG44: 130 | AH44: 120 | AI44: 120 | AJ44: 120 | AK44: 120 | AL44: 100 | AM44: 100 | AN44: 120 | AO44: 120 | AP44: 120 | AQ44: 130 | AR44: 130 | AS44: 130 | AT44: 130 | AU44: 130 | AV44: 140 | AW44: 140 | AX44: 140 | AY44: 140 | AZ44: 220 | BA44: 220 | BB44: 220 | BC44: 220 | BD44: 220 | BE44: 220 | BF44: =BE44 -> 220
B45: Lorenzo Arenas | C45: 29 | D45: 15 | E45: 27 | F45: 11 | G45: 21 | H45: 26 | I45: 10 | J45: 5 | K45: 2 | L45: 31 | M45: 22 | N45: 25 | O45: 4 | P45: 10 | Q45: 5 | R45: 17 | S45: 0 | T45: 9 | U45: 22 | V45: 9 | W45: 23 | X45: 13 | Y45: 27 | Z45: 8 | AA45: 31 | AB45: 0 | AD45: =SUM(C45:AC45) -> 402 | AF45: Lorenzo Arenas | AG45: 130 | AH45: 120 | AI45: 120 | AJ45: 120 | AK45: 120 | AL45: 100 | AM45: 100 | AN45: 120 | AO45: 120 | AP45: 120 | AQ45: 130 | AR45: 130 | AS45: 130 | AT45: 130 | AU45: 130 | AV45: 140 | AW45: 140 | AX45: 140 | AY45: 140 | AZ45: 220 | BA45: 220 | BB45: 220 | BC45: 220 | BD45: 220 | BE45: 220 | BF45: =BE45 -> 220
B46: UTFSM | C46: 26 | D46: 6 | E46: 35 | F46: 2 | G46: 28 | H46: 75 | I46: 15 | J46: 10 | K46: 22 | L46: 21 | M46: 5 | N46: 10 | O46: 6 | P46: 5 | Q46: 0 | R46: 37 | S46: 2 | T46: 16 | U46: 13 | V46: 32 | W46: 38 | X46: 19 | Y46: 34 | Z46: 29 | AA46: 8 | AB46: 8 | AD46: =SUM(C46:AC46) -> 502 | AF46: UTFSM | AG46: 130 | AH46: 130 | AI46: 130 | AJ46: 130 | AK46: 130 | AL46: 120 | AM46: 120 | AN46: 100 | AO46: 100 | AP46: 100 | AQ46: 120 | AR46: 120 | AS46: 130 | AT46: 130 | AU46: 130 | AV46: 140 | AW46: 140 | AX46: 140 | AY46: 140 | AZ46: 220 | BA46: 220 | BB46: 220 | BC46: 220 | BD46: 230 | BE46: 230 | BF46: =BE46 -> 230
B47: Los Cóndores | C47: 26 | D47: 19 | E47: 13 | F47: 9 | G47: 9 | H47: 147 | I47: 8 | J47: 30 | K47: 13 | L47: 2 | M47: 4 | N47: 0 | O47: 28 | P47: 8 | Q47: 1 | R47: 11 | S47: 8 | T47: 17 | U47: 25 | V47: 40 | W47: 20 | X47: 42 | Y47: 39 | Z47: 10 | AA47: 10 | AB47: 0 | AD47: =SUM(C47:AC47) -> 539 | AF47: Los Condores | AG47: 130 | AH47: 130 | AI47: 130 | AJ47: 130 | AK47: 130 | AL47: 120 | AM47: 120 | AN47: 100 | AO47: 100 | AP47: 100 | AQ47: 120 | AR47: 120 | AS47: 130 | AT47: 130 | AU47: 130 | AV47: 140 | AW47: 140 | AX47: 140 | AY47: 140 | AZ47: 220 | BA47: 220 | BB47: 220 | BC47: 220 | BD47: 230 | BE47: 230 | BF47: =BE47 -> 230
B48: Higueras | C48: 24 | D48: 14 | E48: 14 | F48: 42 | G48: 13 | H48: 194 | I48: 9 | J48: 18 | K48: 3 | L48: 15 | M48: 1 | N48: 5 | O48: 6 | P48: 23 | Q48: 0 | R48: 10 | S48: 9 | T48: 36 | U48: 29 | V48: 15 | W48: 46 | X48: 15 | Y48: 29 | Z48: 10 | AA48: 45 | AB48: 3 | AD48: =SUM(C48:AC48) -> 628 | AF48: Higueras | AG48: 130 | AH48: 130 | AI48: 130 | AJ48: 130 | AK48: 130 | AL48: 120 | AM48: 120 | AN48: 100 | AO48: 100 | AP48: 100 | AQ48: 120 | AR48: 120 | AS48: 130 | AT48: 130 | AU48: 130 | AV48: 140 | AW48: 140 | AX48: 140 | AY48: 140 | AZ48: 220 | BA48: 220 | BB48: 220 | BC48: 220 | BD48: 230 | BE48: 230 | BF48: =BE48 -> 230
B49: El Arenal | C49: 24 | D49: 32 | E49: 0 | F49: 4 | G49: 8 | H49: 93 | I49: 32 | J49: 15 | K49: 7 | L49: 1 | M49: 6 | N49: 1 | O49: 0 | P49: 0 | Q49: 7 | R49: 9 | S49: 1 | T49: 15 | U49: 6 | V49: 8 | W49: 12 | X49: 16 | Y49: 14 | Z49: 11 | AA49: 7 | AB49: 0 | AD49: =SUM(C49:AC49) -> 329 | AF49: Arenal | AG49: 140 | AH49: 130 | AI49: 130 | AJ49: 130 | AK49: 130 | AL49: 130 | AM49: 130 | AN49: 120 | AO49: 120 | AP49: 120 | AQ49: 100 | AR49: 100 | AS49: 130 | AT49: 130 | AU49: 130 | AV49: 140 | AW49: 140 | AX49: 140 | AY49: 140 | AZ49: 220 | BA49: 220 | BB49: 230 | BC49: 230 | BD49: 230 | BE49: 230 | BF49: =BE49 -> 230
B50: Mercado | C50: 40 | D50: 24 | E50: 24 | F50: 2 | G50: 23 | H50: 99 | I50: 15 | J50: 21 | K50: 1 | L50: 16 | M50: 1 | N50: 8 | O50: 21 | P50: 3 | Q50: 2 | R50: 21 | S50: 10 | T50: 19 | U50: 10 | V50: 20 | W50: 16 | X50: 14 | Y50: 11 | Z50: 3 | AA50: 19 | AB50: 0 | AD50: =SUM(C50:AC50) -> 443 | AF50: Mercado | AG50: 140 | AH50: 130 | AI50: 130 | AJ50: 130 | AK50: 130 | AL50: 130 | AM50: 130 | AN50: 120 | AO50: 120 | AP50: 120 | AQ50: 100 | AR50: 100 | AS50: 130 | AT50: 130 | AU50: 130 | AV50: 140 | AW50: 140 | AX50: 140 | AY50: 140 | AZ50: 220 | BA50: 220 | BB50: 230 | BC50: 230 | BD50: 230 | BE50: 230 | BF50: =BE50 -> 230
... B63: Intermodal Coronel | C63: 19 | D63: 2 | E63: 1 | F63: 7 | G63: 37 | H63: 1662 | I63: 21 | J63: 25 | K63: 9 | L63: 50 | M63: 4 | N63: 21 | O63: 1079 | P63: 187 | Q63: 45 | R63: 137 | S63: 50 | T63: 196 | U63: 148 | V63: 114 | W63: 284 | X63: 173 | Y63: 292 | Z63: 215 | AA63: 54 | AB63: 1 | AD63: =SUM(C63:AC63) -> 4833 | AF63: Coronel | AG63: 250 | AH63: 240 | AI63: 240 | AJ63: 240 | AK63: 240 | AL63: 220 | AM63: 220 | AN63: 230 | AO63: 230 | AP63: 230 | AQ63: 230 | AR63: 230 | AS63: 200 | AT63: 200 | AU63: 200 | AV63: 160 | AW63: 160 | AX63: 160 | AY63: 160 | AZ63: 130 | BA63: 130 | BB63: 100 | BC63: 100 | BD63: 100 | BE63: 100 | BF63: =BE63 -> 100
B64: Pasajero Lota | C64: 1 | D64: 0 | E64: 0 | F64: 0 | G64: 0 | H64: 30 | I64: 0 | J64: 0 | K64: 0 | L64: 1 | M64: 0 | N64: 0 | O64: 35 | P64: 2 | Q64: 5 | R64: 6 | S64: 1 | T64: 10 | U64: 1 | V64: 1 | W64: 4 | X64: 4 | Y64: 8 | Z64: 3 | AA64: 2 | AB64: 2 | AD64: =SUM(C64:AC64) -> 116 | AF64: Pasajero Lota | AG64: =AG63 -> 250 | AH64: =AH63 -> 240 | AI64: =AI63 -> 240 | AJ64: =AJ63 -> 240 | AK64: =AK63 -> 240 | AL64: =AL63 -> 220 | AM64: =AM63 -> 220 | AN64: =AN63 -> 230 | ... BF64: =BF63 -> 100
B65: Concepcion Centro | AD65: =SUM(C65:AC65) -> 0 | AF65: Concepcion Centro
B66: Total | C66: =SUM(C39:C65) -> 998 | D66: =SUM(D39:D65) -> 431 | E66: =SUM(E39:E65) -> 435 | F66: =SUM(F39:F65) -> 244 | G66: =SUM(G39:G65) -> 602 | H66: =SUM(H39:H65) -> 15576 | I66: =SUM(I39:I65) -> 428 | J66: =SUM(J39:J65) -> 522 | ... AC66: =SUM(AC39:AC65) -> 0 | AD66: =SUM(C66:AC66) -> 69115
B69: =+B37 -> 01 al 31 Enero | E69: T. Tercera Edad
B70: Estaciones | C70: Hualqui | D70: La Leonera | E70: Manquimávida | F70: Pedro Medina | G70: Chiguayante | H70: Concepción | I70: Lorenzo Arenas | J70: UTFSM | K70: Los Cóndores | L70: Higueras | M70: El Arenal | N70: Mercado | O70: Juan Pablo II | P70: Diagonal Biobío | Q70: Alborada | R70: Costa Mar | S70: El Parque | T70: Lomas Coloradas | U70: C. Raúl Silva H. | V70: Hito Galvarino | W70: Los Canelos | X70: Huinca | Y70: Cristo Redentor | Z70: Laguna Quiñenco | AA70: Intermodal Coronel | AB70: Pasajero Lota | AC70: Concepcion Centro | AD70: Total | AF70: Estaciones | AG70: Hualqui | AH70: Leonera | AI70: Manquimavida | AJ70: Pedro Medina | AK70: Chiguayante | AL70: Concepcion | AM70: Lorenzo Arenas | AN70: UTFSM | AO70: Los Condores | AP70: Higueras | AQ70: Arenal | AR70: Mercado | AS70: Juan Pablo II | AT70: Diagonal Bio Bio | AU70: Alborada | AV70: Costa Mar | AW70: El Parque | AX70: Lomas Coloradas | AY70: Raul Silva H. | AZ70: Hito Galvarino | BA70: Los Canelos | BB70: Huinca | BC70: Cristo Redentor | BD70: Lag.Quiñenco | BE70: Coronel | BF70: Pasajero Lota | BG70: Concepcion Centro
B71: Hualqui | C71: 10 | D71: 1 | E71: 2 | F71: 15 | G71: 2 | H71: 189 | I71: 6 | J71: 9 | K71: 9 | L71: 7 | M71: 4 | N71: 19 | O71: 25 | P71: 3 | Q71: 0 | R71: 18 | S71: 1 | T71: 18 | U71: 1 | V71: 1 | W71: 2 | X71: 0 | Y71: 0 | Z71: 3 | AA71: 4 | AB71: 0 | AD71: =SUM(C71:AC71) -> 349 | AF71: Hualqui | AG71: 150 | AH71: 170 | AI71: 170 | AJ71: 170 | AK71: 170 | AL71: 200 | AM71: 200 | AN71: 200 | AO71: 200 | AP71: 200 | AQ71: 210 | AR71: 210 | AS71: 210 | AT71: 210 | AU71: 210 | AV71: 220 | AW71: 220 | AX71: 220 | AY71: 220 | AZ71: 350 | BA71: 350 | BB71: 370 | BC71: 370 | BD71: 380 | BE71: 380 | BF71: =BE71 -> 380
B72: La Leonera | C72: 3 | D72: 3 | E72: 1 | F72: 5 | G72: 2 | H72: 78 | I72: 4 | J72: 0 | K72: 16 | L72: 11 | M72: 5 | N72: 28 | O72: 3 | P72: 1 | Q72: 0 | R72: 1 | S72: 14 | T72: 13 | U72: 1 | V72: 0 | W72: 21 | X72: 0 | Y72: 2 | Z72: 2 | AA72: 5 | AB72: 0 | AD72: =SUM(C72:AC72) -> 219 | AF72: Leonera | AG72: 170 | AH72: 150 | AI72: 150 | AJ72: 150 | AK72: 150 | AL72: 180 | AM72: 180 | AN72: 200 | AO72: 200 | AP72: 200 | AQ72: 200 | AR72: 200 | AS72: 210 | AT72: 210 | AU72: 210 | AV72: 210 | AW72: 210 | AX72: 210 | AY72: 210 | AZ72: 350 | BA72: 350 | BB72: 350 | BC72: 350 | BD72: 350 | BE72: 350 | BF72: =BE72 -> 350
B73: Manquimávida | C73: 11 | D73: 0 | E73: 5 | F73: 4 | G73: 1 | H73: 30 | I73: 43 | J73: 4 | K73: 2 | L73: 22 | M73: 33 | N73: 29 | O73: 14 | P73: 0 | Q73: 0 | R73: 0 | S73: 1 | T73: 18 | U73: 2 | V73: 3 | W73: 4 | X73: 18 | Y73: 2 | Z73: 0 | AA73: 0 | AB73: 0 | AD73: =SUM(C73:AC73) -> 246 | AF73: Manquimavida | AG73: 170 | AH73: 150 | AI73: 150 | AJ73: 150 | AK73: 150 | AL73: 180 | AM73: 180 | AN73: 200 | AO73: 200 | AP73: 200 | AQ73: 200 | AR73: 200 | AS73: 210 | AT73: 210 | AU73: 210 | AV73: 210 | AW73: 210 | AX73: 210 | AY73: 210 | AZ73: 350 | BA73: 350 | BB73: 350 | BC73: 350 | BD73: 350 | BE73: 350 | BF73: =BE73 -> 350
B74: Pedro Medina | C74: 15 | D74: 0 | E74: 2 | F74: 3 | G74: 0 | H74: 29 | I74: 4 | J74: 0 | K74: 1 | L74: 14 | M74: 6 | N74: 15 | O74: 0 | P74: 10 | Q74: 0 | R74: 0 | S74: 0 | T74: 13 | U74: 19 | V74: 0 | W74: 0 | X74: 0 | Y74: 3 | Z74: 0 | AA74: 1 | AB74: 0 | AD74: =SUM(C74:AC74) -> 135 | AF74: Pedro Medina | AG74: 170 | AH74: 150 | AI74: 150 | AJ74: 150 | AK74: 150 | AL74: 180 | AM74: 180 | AN74: 200 | AO74: 200 | AP74: 200 | AQ74: 200 | AR74: 200 | AS74: 210 | AT74: 210 | AU74: 210 | AV74: 210 | AW74: 210 | AX74: 210 | AY74: 210 | AZ74: 350 | BA74: 350 | BB74: 350 | BC74: 350 | BD74: 350 | BE74: 350 | BF74: =BE74 -> 350
B75: Chiguayante | C75: 7 | D75: 2 | E75: 6 | F75: 1 | G75: 7 | H75: 111 | I75: 4 | J75: 9 | K75: 37 | L75: 13 | M75: 12 | N75: 36 | O75: 24 | P75: 10 | Q75: 2 | R75: 1 | S75: 0 | T75: 3 | U75: 1 | V75: 6 | W75: 0 | X75: 9 | Y75: 7 | Z75: 2 | AA75: 10 | AB75: 1 | AD75: =SUM(C75:AC75) -> 321 | AF75: Chiguayante | AG75: 170 | AH75: 150 | AI75: 150 | AJ75: 150 | AK75: 150 | AL75: 180 | AM75: 180 | AN75: 200 | AO75: 200 | AP75: 200 | AQ75: 200 | AR75: 200 | AS75: 210 | AT75: 210 | AU75: 210 | AV75: 210 | AW75: 210 | AX75: 210 | AY75: 210 | AZ75: 350 | BA75: 350 | BB75: 350 | BC75: 350 | BD75: 350 | BE75: 350 | BF75: =BE75 -> 350
B76: Concepción | C76: 173 | D76: 62 | E76: 59 | F76: 16 | G76: 100 | H76: 157 | I76: 22 | J76: 24 | K76: 97 | L76: 59 | M76: 52 | N76: 42 | O76: 37 | P76: 51 | Q76: 16 | R76: 135 | S76: 48 | T76: 266 | U76: 326 | V76: 142 | W76: 832 | X76: 381 | Y76: 703 | Z76: 448 | AA76: 676 | AB76: 22 | AD76: =SUM(C76:AC76) -> 4946 | AF76: Concepcion | AG76: 200 | AH76: 180 | AI76: 180 | AJ76: 180 | AK76: 180 | AL76: 150 | AM76: 150 | AN76: 170 | AO76: 170 | AP76: 170 | AQ76: 200 | AR76: 200 | AS76: 200 | AT76: 200 | AU76: 200 | AV76: 200 | AW76: 200 | AX76: 200 | AY76: 200 | AZ76: 330 | BA76: 330 | BB76: 330 | BC76: 330 | BD76: 340 | BE76: 340 | BF76: =BE76 -> 340
B77: Lorenzo Arenas | C77: 9 | D77: 4 | E77: 42 | F77: 1 | G77: 36 | H77: 3 | I77: 2 | J77: 0 | K77: 6 | L77: 1 | M77: 1 | N77: 6 | O77: 0 | P77: 0 | Q77: 0 | R77: 1 | S77: 0 | T77: 1 | U77: 0 | V77: 0 | W77: 2 | X77: 4 | Y77: 21 | Z77: 2 | AA77: 2 | AB77: 0 | AD77: =SUM(C77:AC77) -> 144 | AF77: Lorenzo Arenas | AG77: 200 | AH77: 180 | AI77: 180 | AJ77: 180 | AK77: 180 | AL77: 150 | AM77: 150 | AN77: 170 | AO77: 170 | AP77: 170 | AQ77: 200 | AR77: 200 | AS77: 200 | AT77: 200 | AU77: 200 | AV77: 200 | AW77: 200 | AX77: 200 | AY77: 200 | AZ77: 330 | BA77: 330 | BB77: 330 | BC77: 330 | BD77: 340 | BE77: 340 | BF77: =BE77 -> 340
B78: UTFSM | C78: 9 | D78: 3 | E78: 6 | F78: 0 | G78: 7 | H78: 24 | I78: 0 | J78: 4 | K78: 0 | L78: 4 | M78: 0 | N78: 1 | O78: 0 | P78: 0 | Q78: 0 | R78: 11 | S78: 7 | T78: 1 | U78: 8 | V78: 1 | W78: 20 | X78: 11 | Y78: 1 | Z78: 0 | AA78: 8 | AB78: 1 | AD78: =SUM(C78:AC78) -> 127 | AF78: UTFSM | AG78: 200 | AH78: 200 | AI78: 200 | AJ78: 200 | AK78: 200 | AL78: 170 | AM78: 170 | AN78: 150 | AO78: 150 | AP78: 150 | AQ78: 170 | AR78: 170 | AS78: 190 | AT78: 190 | AU78: 190 | AV78: 210 | AW78: 210 | AX78: 210 | AY78: 210 | AZ78: 330 | BA78: 330 | BB78: 340 | BC78: 340 | BD78: 350 | BE78: 350 | BF78: =BE78 -> 350
B79: Los Cóndores | C79: 36 | D79: 28 | E79: 3 | F79: 2 | G79: 39 | H79: 113 | I79: 2 | J79: 0 | K79: 8 | L79: 1 | M79: 9 | N79: 10 | O79: 11 | P79: 0 | Q79: 0 | R79: 6 | S79: 0 | T79: 5 | U79: 27 | V79: 0 | W79: 1 | X79: 16 | Y79: 2 | Z79: 13 | AA79: 17 | AB79: 6 | AD79: =SUM(C79:AC79) -> 355 | AF79: Los Condores | AG79: 200 | AH79: 200 | AI79: 200 | AJ79: 200 | AK79: 200 | AL79: 170 | AM79: 170 | AN79: 150 | AO79: 150 | AP79: 150 | AQ79: 170 | AR79: 170 | AS79: 190 | AT79: 190 | AU79: 190 | AV79: 210 | AW79: 210 | AX79: 210 | AY79: 210 | AZ79: 330 | BA79: 330 | BB79: 340 | BC79: 340 | BD79: 350 | BE79: 350 | BF79: =BE79 -> 350
B80: Higueras | C80: 3 | D80: 14 | E80: 21 | F80: 15 | G80: 9 | H80: 86 | I80: 4 | J80: 3 | K80: 4 | L80: 3 | M80: 1 | N80: 14 | O80: 13 | P80: 1 | Q80: 0 | R80: 0 | S80: 0 | T80: 7 | U80: 2 | V80: 0 | W80: 1 | X80: 23 | Y80: 4 | Z80: 14 | AA80: 10 | AB80: 0 | AD80: =SUM(C80:AC80) -> 252 | AF80: Higueras | AG80: 200 | AH80: 200 | AI80: 200 | AJ80: 200 | AK80: 200 | AL80: 170 | AM80: 170 | AN80: 150 | AO80: 150 | AP80: 150 | AQ80: 170 | AR80: 170 | AS80: 190 | AT80: 190 | AU80: 190 | AV80: 210 | AW80: 210 | AX80: 210 | AY80: 210 | AZ80: 330 | BA80: 330 | BB80: 340 | BC80: 340 | BD80: 350 | BE80: 350 | BF80: =BE80 -> 350
B81: El Arenal | C81: 4 | D81: 11 | E81: 39 | F81: 3 | G81: 37 | H81: 77 | I81: 15 | J81: 2 | K81: 4 | L81: 2 | M81: 6 | N81: 8 | O81: 0 | P81: 18 | Q81: 0 | R81: 0 | S81: 2 | T81: 1 | U81: 4 | V81: 0 | W81: 6 | X81: 0 | Y81: 1 | Z81: 11 | AA81: 12 | AB81: 32 | AD81: =SUM(C81:AC81) -> 295 | AF81: Arenal | AG81: 210 | AH81: 200 | AI81: 200 | AJ81: 200 | AK81: 200 | AL81: 200 | AM81: 200 | AN81: 170 | AO81: 170 | AP81: 170 | AQ81: 150 | AR81: 150 | AS81: 190 | AT81: 190 | AU81: 190 | AV81: 210 | AW81: 210 | AX81: 210 | AY81: 210 | AZ81: 340 | BA81: 340 | BB81: 350 | BC81: 350 | BD81: 350 | BE81: 350 | BF81: =BE81 -> 350
B82: Mercado | C82: 32 | D82: 11 | E82: 16 | F82: 15 | G82: 40 | H82: 58 | I82: 9 | J82: 3 | K82: 18 | L82: 17 | M82: 9 | N82: 13 | O82: 3 | P82: 5 | Q82: 0 | R82: 0 | S82: 0 | T82: 0 | U82: 7 | V82: 1 | W82: 16 | X82: 1 | Y82: 2 | Z82: 5 | AA82: 13 | AB82: 3 | AD82: =SUM(C82:AC82) -> 297 | AF82: Mercado | AG82: 210 | AH82: 200 | AI82: 200 | AJ82: 200 | AK82: 200 | AL82: 200 | AM82: 200 | AN82: 170 | AO82: 170 | AP82: 170 | AQ82: 150 | AR82: 150 | AS82: 190 | AT82: 190 | AU82: 190 | AV82: 210 | AW82: 210 | AX82: 210 | AY82: 210 | AZ82: 340 | BA82: 340 | BB82: 350 | BC82: 350 | BD82: 350 | BE82: 350 | BF82: =BE82 -> 350
... B95: Intermodal Coronel | C95: 3 | D95: 1 | E95: 1 | F95: 0 | G95: 14 | H95: 819 | I95: 2 | J95: 7 | K95: 16 | L95: 12 | M95: 32 | N95: 22 | O95: 398 | P95: 117 | Q95: 6 | R95: 37 | S95: 70 | T95: 102 | U95: 98 | V95: 18 | W95: 288 | X95: 165 | Y95: 284 | Z95: 128 | AA95: 28 | AB95: 1 | AD95: =SUM(C95:AC95) -> 2669 | AF95: Coronel | AG95: 380 | AH95: 350 | AI95: 350 | AJ95: 350 | AK95: 350 | AL95: 340 | AM95: 340 | AN95: 350 | AO95: 350 | AP95: 350 | AQ95: 350 | AR95: 350 | AS95: 300 | AT95: 300 | AU95: 300 | AV95: 240 | AW95: 240 | AX95: 240 | AY95: 240 | AZ95: 190 | BA95: 190 | BB95: 150 | BC95: 150 | BD95: 150 | BE95: 150 | BF95: =BE95 -> 150
B96: Pasajero Lota | C96: 1 | D96: 0 | E96: 0 | F96: 0 | G96: 0 | H96: 15 | I96: 0 | J96: 0 | K96: 2 | L96: 0 | M96: 2 | N96: 1 | O96: 16 | P96: 2 | Q96: 0 | R96: 1 | S96: 0 | T96: 0 | U96: 0 | V96: 0 | W96: 7 | X96: 5 | Y96: 1 | Z96: 3 | AA96: 0 | AB96: 1 | AD96: =SUM(C96:AC96) -> 57 | AF96: Pasajero Lota | AG96: =AG95 -> 380 | AH96: =AH95 -> 350 | AI96: =AI95 -> 350 | AJ96: =AJ95 -> 350 | AK96: =AK95 -> 350 | AL96: =AL95 -> 340 | AM96: =AM95 -> 340 | AN96: =AN95 -> 350 | ... BF96: =BF95 -> 150
B97: Concepcion Centro | AD97: =SUM(C97:AC97) -> 0 | AF97: Concepcion Centro
B98: Total | C98: =SUM(C71:C97) -> 364 | D98: =SUM(D71:D97) -> 201 | E98: =SUM(E71:E97) -> 256 | F98: =SUM(F71:F97) -> 111 | G98: =SUM(G71:G97) -> 359 | H98: =SUM(H71:H97) -> 5253 | I98: =SUM(I71:I97) -> 172 | J98: =SUM(J71:J97) -> 112 | ... AC98: =SUM(AC71:AC97) -> 0 | AD98: =SUM(AD71:AD96) -> 24638
B102: =+B69 -> 01 al 31 Enero | E102: Total Mes Tarjetas
B103: Estaciones | C103: Hualqui | D103: La Leonera | E103: Manquimávida | F103: Pedro Medina | G103: Chiguayante | H103: Concepción | I103: Lorenzo Arenas | J103: UTFSM | K103: Los Cóndores | L103: Higueras | M103: El Arenal | N103: Mercado | O103: Juan Pablo II | P103: Diagonal Biobío | Q103: Alborada | R103: Costa Mar | S103: El Parque | T103: Lomas Coloradas | U103: C. Raúl Silva H. | V103: Hito Galvarino | W103: Los Canelos | X103: Huinca | Y103: Cristo Redentor | Z103: Laguna Quiñenco | AA103: Intermodal Coronel | AB103: Pasajero Lota | AC103: Concepcion Centro | AD103: Total
B104: Hualqui | C104: =+C7+C39+C71 -> 343 | D104: =+D7+D39+D71 -> 117 | E104: =+E7+E39+E71 -> 157 | F104: =+F7+F39+F71 -> 133 | G104: =+G7+G39+G71 -> 292 | H104: =+H7+H39+H71 -> 4723 | I104: =+I7+I39+I71 -> 555 | J104: =+J7+J39+J71 -> 544 | ... AB104: =+AB7+AB39+AB71 -> 20 | AC104: 0 | AD104: =SUM(C104:AC104) -> 10919
B105: La Leonera | C105: =+C8+C40+C72 -> 175 | D105: =+D8+D40+D72 -> 206 | E105: =+E8+E40+E72 -> 20 | F105: =+F8+F40+F72 -> 56 | G105: =+G8+G40+G72 -> 139 | H105: =+H8+H40+H72 -> 2331 | I105: =+I8+I40+I72 -> 403 | J105: =+J8+J40+J72 -> 321 | ... AB105: =+AB8+AB40+AB72 -> 28 | AC105: 0 | AD105: =SUM(C105:AC105) -> 7903
B106: Manquimávida | C106: =+C9+C41+C73 -> 204 | D106: =+D9+D41+D73 -> 18 | E106: =+E9+E41+E73 -> 155 | F106: =+F9+F41+F73 -> 68 | G106: =+G9+G41+G73 -> 84 | H106: =+H9+H41+H73 -> 2441 | I106: =+I9+I41+I73 -> 459 | J106: =+J9+J41+J73 -> 286 | ... AB106: =+AB9+AB41+AB73 -> 1 | AC106: 0 | AD106: =SUM(C106:AC106) -> 6540
B107: Pedro Medina | C107: =+C10+C42+C74 -> 166 | D107: =+D10+D42+D74 -> 55 | E107: =+E10+E42+E74 -> 26 | F107: =+F10+F42+F74 -> 86 | G107: =+G10+G42+G74 -> 39 | H107: =+H10+H42+H74 -> 1267 | I107: =+I10+I42+I74 -> 160 | J107: =+J10+J42+J74 -> 254 | ... AB107: =+AB10+AB42+AB74 -> 4 | AC107: 0 | AD107: =SUM(C107:AC107) -> 4201
B108: Chiguayante | C108: =+C11+C43+C75 -> 497 | D108: =+D11+D43+D75 -> 136 | E108: =+E11+E43+E75 -> 102 | F108: =+F11+F43+F75 -> 35 | G108: =+G11+G43+G75 -> 272 | H108: =+H11+H43+H75 -> 2542 | I108: =+I11+I43+I75 -> 480 | J108: =+J11+J43+J75 -> 491 | ... AB108: =+AB11+AB43+AB75 -> 24 | AC108: 0 | AD108: =SUM(C108:AC108) -> 9121
B109: Concepción | C109: =+C12+C44+C76 -> 6420 | D109: =+D12+D44+D76 -> 2130 | E109: =+E12+E44+E76 -> 2590 | F109: =+F12+F44+F76 -> 1184 | G109: =+G12+G44+G76 -> 2365 | H109: =+H12+H44+H76 -> 8756 | I109: =+I12+I44+I76 -> 464 | J109: =+J12+J44+J76 -> 887 | ... AB109: =+AB12+AB44+AB76 -> 648 | AC109: 0 | AD109: =SUM(C109:AC109) -> 114887
B110: Lorenzo Arenas | C110: =+C13+C45+C77 -> 544 | D110: =+D13+D45+D77 -> 413 | E110: =+E13+E45+E77 -> 376 | F110: =+F13+F45+F77 -> 160 | G110: =+G13+G45+G77 -> 423 | H110: =+H13+H45+H77 -> 360 | I110: =+I13+I45+I77 -> 150 | J110: =+J13+J45+J77 -> 56 | ... AB110: =+AB13+AB45+AB77 -> 3 | AC110: 0 | AD110: =SUM(C110:AC110) -> 4601
B111: UTFSM | C111: =+C14+C46+C78 -> 584 | D111: =+D14+D46+D78 -> 321 | E111: =+E14+E46+E78 -> 256 | F111: =+F14+F46+F78 -> 231 | G111: =+G14+G46+G78 -> 500 | H111: =+H14+H46+H78 -> 938 | I111: =+I14+I46+I78 -> 68 | J111: =+J14+J46+J78 -> 129 | ... AB111: =+AB14+AB46+AB78 -> 20 | AC111: 0 | AD111: =SUM(C111:AC111) -> 5670
B112: Los Cóndores | C112: =+C15+C47+C79 -> 646 | D112: =+D15+D47+D79 -> 546 | E112: =+E15+E47+E79 -> 321 | F112: =+F15+F47+F79 -> 214 | G112: =+G15+G47+G79 -> 488 | H112: =+H15+H47+H79 -> 2675 | I112: =+I15+I47+I79 -> 200 | J112: =+J15+J47+J79 -> 162 | ... AB112: =+AB15+AB47+AB79 -> 105 | AC112: 0 | AD112: =SUM(C112:AC112) -> 8244
B113: Higueras | C113: =+C16+C48+C80 -> 433 | D113: =+D16+D48+D80 -> 414 | E113: =+E16+E48+E80 -> 398 | F113: =+F16+F48+F80 -> 259 | G113: =+G16+G48+G80 -> 441 | H113: =+H16+H48+H80 -> 1887 | I113: =+I16+I48+I80 -> 281 | J113: =+J16+J48+J80 -> 168 | ... AB113: =+AB16+AB48+AB80 -> 38 | AC113: 0 | AD113: =SUM(C113:AC113) -> 6913
B114: El Arenal | C114: =+C17+C49+C81 -> 515 | D114: =+D17+D49+D81 -> 329 | E114: =+E17+E49+E81 -> 284 | F114: =+F17+F49+F81 -> 114 | G114: =+G17+G49+G81 -> 329 | H114: =+H17+H49+H81 -> 1566 | I114: =+I17+I49+I81 -> 183 | J114: =+J17+J49+J81 -> 170 | ... AB114: =+AB17+AB49+AB81 -> 41 | AC114: 0 | AD114: =SUM(C114:AC114) -> 5378
B115: Mercado | C115: =+C18+C50+C82 -> 614 | D115: =+D18+D50+D82 -> 512 | E115: =+E18+E50+E82 -> 450 | F115: =+F18+F50+F82 -> 303 | G115: =+G18+G50+G82 -> 572 | H115: =+H18+H50+H82 -> 1755 | I115: =+I18+I50+I82 -> 305 | J115: =+J18+J50+J82 -> 333 | ... AB115: =+AB18+AB50+AB82 -> 50 | AC115: 0 | AD115: =SUM(C115:AC115) -> 7631
... B129: Pasajero Lota | C129: =+C32+C64+C96 -> 7 | D129: =+D32+D64+D96 -> 11 | E129: =+E32+E64+E96 -> 11 | F129: =+F32+F64+F96 -> 2 | G129: =+G32+G64+G96 -> 18 | H129: =+H32+H64+H96 -> 344 | I129: =+I32+I64+I96 -> 0 | J129: =+J32+J64+J96 -> 5 | ... AB129: =+AB32+AB64+AB96 -> 30 | AC129: 0 | AD129: =SUM(C129:AC129) -> 1330
B130: Concepcion Centro | C130: 0 | D130: 0 | E130: 0 | F130: 0 | G130: 0 | H130: 0 | I130: 0 | J130: 0 | K130: 0 | L130: 0 | M130: 0 | N130: 0 | O130: 0 | P130: 0 | Q130: 0 | R130: 0 | S130: 0 | T130: 0 | U130: 0 | V130: 0 | W130: 0 | X130: 0 | Y130: 0 | Z130: 0 | AA130: 0 | AB130: 0 | AC130: 0 | AD130: =SUM(C130:AC130) -> 0
B131: Total | C131: =SUM(C104:C130) -> 12828 | D131: =SUM(D104:D130) -> 6840 | E131: =SUM(E104:E130) -> 6422 | F131: =SUM(F104:F130) -> 3821 | G131: =SUM(G104:G130) -> 8049 | H131: =SUM(H104:H130) -> 115791 | I131: =SUM(I104:I130) -> 4929 | J131: =SUM(J104:J130) -> 5623 | ... AC131: =SUM(AC104:AC130) -> 0 | AD131: =SUM(AD104:AD129) -> 522252
C133: Viajes | D133: % total
B134: CC-JP2 | C134: =SUM(H116,O109) -> 2383 | D134: =C134/$AD$131 -> 0.0045629313
B135: JP2 a L2 | C135: =SUM(O116:AC116)+SUM(O117:O130) -> 76505 | D135: =C135/$AD$131 -> 0.14649058
B136: CC a L2 | C136: =SUM(O109:AB109)+SUM(H116:H129) -> 167299 | D136: =C136/$AD$131 -> 0.32034152
B137: DBB a L2 | C137: =SUM(Q117:AC117)+SUM(P117:P130) -> 32581 | D137: =C137/$AD$131 -> 0.062385592
B139: Intrazonales | C139: =SUM(C104,D105,E106,F107,G108,H109,I110,J111,K112,L113,M114,N115,O116,P117,Q118,R119,S120,T121,U122,V123,W124,X125,Y126,Z127,AA128,AB129) -> 16777 | D139: =C139/$AD$131 -> 0.032124338
B140: L1 | C140: =SUM(C104:N115) -> 88674 | D140: =C140/$AD$131 -> 0.16979159
B141: L2 | C141: =SUM(O116:AC130)+SUM(H116:H130)+SUM(O109:AC109) -> 393840 | D141: =C141/$AD$131 -> 0.7541187
B142: trasbordos | C142: =AD131-C140-C141 -> 39738 | D142: =C142/$AD$131 -> 0.076089704
B143: total | C143: =AD131 -> 522252

Sheet Feb 2023
C2: Matriz Origen-Destino Tarjetas Biotren
C3: Mes: FEBRERO 2023 | G3: Periodo: 01 al 28 Febrero
B5: 01 al 28 Febrero | E5: T. Monedero
B6: Estaciones | C6: Hualqui | D6: La Leonera | E6: Manquimávida | F6: Pedro Medina | G6: Chiguayante | H6: Concepción | I6: Lorenzo Arenas | J6: UTFSM | K6: Los Cóndores | L6: Higueras | M6: El Arenal | N6: Mercado | O6: Juan Pablo II | P6: Diagonal Biobío | Q6: Alborada | R6: Costa Mar | S6: El Parque | T6: Lomas Coloradas | U6: C. Raúl Silva H. | V6: Hito Galvarino | W6: Los Canelos | X6: Huinca | Y6: Cristo Redentor | Z6: Laguna Quiñenco | AA6: Intermodal Coronel | AB6: Pasajero Lota | AC6: Concepcion Centro | AD6: Total | AF6: Estaciones | AG6: Hualqui | AH6: Leonera | AI6: Manquimavida | AJ6: Pedro Medina | AK6: Chiguayante | AL6: Concepcion | AM6: Lorenzo Arenas | AN6: UTFSM | AO6: Los Condores | AP6: Higueras | AQ6: Arenal | AR6: Mercado | AS6: Juan Pablo II | AT6: Diagonal Bio Bio | AU6: Alborada | AV6: Costa Mar | AW6: El Parque | AX6: Lomas Coloradas | AY6: Raul Silva H. | AZ6: Hito Galvarino | BA6: Los Canelos | BB6: Huinca | BC6: Cristo Redentor | BD6: Lag.Quiñenco | BE6: Coronel | BF6: Pasajero Lota | BG6: Concepcion Centro
A7: 1 | B7: Hualqui | C7: 320 | D7: 58 | E7: 59 | F7: 79 | G7: 150 | H7: 2409 | I7: 363 | J7: 328 | K7: 266 | L7: 346 | M7: 266 | N7: 355 | O7: 330 | P7: 52 | Q7: 52 | R7: 180 | S7: 123 | T7: 143 | U7: 52 | V7: 61 | W7: 50 | X7: 49 | Y7: 28 | Z7: 18 | AA7: 130 | AB7: 2 | AD7: =SUM(C7:AC7) -> 6269 | AF7: Hualqui | AG7: 290 | AH7: 340 | AI7: 340 | AJ7: 340 | AK7: 340 | AL7: 390 | AM7: 390 | AN7: 400 | AO7: 400 | AP7: 400 | AQ7: 420 | AR7: 420 | AS7: 420 | AT7: 420 | AU7: 420 | AV7: 430 | AW7: 430 | AX7: 430 | AY7: 430 | AZ7: 700 | BA7: 700 | BB7: 740 | BC7: 740 | BD7: 750 | BE7: 750 | BF7: =BE7 -> 750
A8: 2 | B8: La Leonera | C8: 148 | D8: 225 | E8: 35 | F8: 62 | G8: 95 | H8: 1409 | I8: 355 | J8: 182 | K8: 377 | L8: 367 | M8: 301 | N8: 409 | O8: 453 | P8: 27 | Q8: 61 | R8: 143 | S8: 249 | T8: 101 | U8: 51 | V8: 151 | W8: 143 | X8: 25 | Y8: 55 | Z8: 54 | AA8: 132 | AB8: 1 | AD8: =SUM(C8:AC8) -> 5611 | AF8: Leonera | AG8: 340 | AH8: 290 | AI8: 290 | AJ8: 290 | AK8: 290 | AL8: 360 | AM8: 360 | AN8: 390 | AO8: 390 | AP8: 390 | AQ8: 400 | AR8: 400 | AS8: 410 | AT8: 410 | AU8: 410 | AV8: 420 | AW8: 420 | AX8: 420 | AY8: 420 | AZ8: 690 | BA8: 690 | BB8: 700 | BC8: 700 | BD8: 700 | BE8: 700 | BF8: =BE8 -> 700
A9: 3 | B9: Manquimávida | C9: 85 | D9: 9 | E9: 227 | F9: 34 | G9: 91 | H9: 1545 | I9: 256 | J9: 155 | K9: 163 | L9: 329 | M9: 154 | N9: 307 | O9: 209 | P9: 37 | Q9: 64 | R9: 114 | S9: 102 | T9: 80 | U9: 71 | V9: 74 | W9: 82 | X9: 42 | Y9: 48 | Z9: 27 | AA9: 128 | AB9: 0 | AD9: =SUM(C9:AC9) -> 4433 | AF9: Manquimavida | AG9: 340 | AH9: 290 | AI9: 290 | AJ9: 290 | AK9: 290 | AL9: 360 | AM9: 360 | AN9: 390 | AO9: 390 | AP9: 390 | AQ9: 400 | AR9: 400 | AS9: 410 | AT9: 410 | AU9: 410 | AV9: 420 | AW9: 420 | AX9: 420 | AY9: 420 | AZ9: 690 | BA9: 690 | BB9: 700 | BC9: 700 | BD9: 700 | BE9: 700 | BF9: =BE9 -> 700
A10: 4 | B10: Pedro Medina | C10: 94 | D10: 38 | E10: 22 | F10: 113 | G10: 22 | H10: 770 | I10: 144 | J10: 183 | K10: 155 | L10: 196 | M10: 103 | N10: 215 | O10: 123 | P10: 50 | Q10: 3 | R10: 115 | S10: 147 | T10: 82 | U10: 42 | V10: 43 | W10: 50 | X10: 9 | Y10: 39 | Z10: 9 | AA10: 68 | AB10: 0 | AD10: =SUM(C10:AC10) -> 2835 | AF10: Pedro Medina | AG10: 340 | AH10: 290 | AI10: 290 | AJ10: 290 | AK10: 290 | AL10: 360 | AM10: 360 | AN10: 390 | AO10: 390 | AP10: 390 | AQ10: 400 | AR10: 400 | AS10: 410 | AT10: 410 | AU10: 410 | AV10: 420 | AW10: 420 | AX10: 420 | AY10: 420 | AZ10: 690 | BA10: 690 | BB10: 700 | BC10: 700 | BD10: 700 | BE10: 700 | BF10: =BE10 -> 700
A11: 5 | B11: Chiguayante | C11: 265 | D11: 64 | E11: 49 | F11: 13 | G11: 213 | H11: 1112 | I11: 338 | J11: 264 | K11: 319 | L11: 418 | M11: 172 | N11: 486 | O11: 155 | P11: 82 | Q11: 15 | R11: 152 | S11: 114 | T11: 112 | U11: 35 | V11: 39 | W11: 52 | X11: 54 | Y11: 65 | Z11: 44 | AA11: 145 | AB11: 2 | AD11: =SUM(C11:AC11) -> 4779 | AF11: Chiguayante | AG11: 340 | AH11: 290 | AI11: 290 | AJ11: 290 | AK11: 290 | AL11: 360 | AM11: 360 | AN11: 390 | AO11: 390 | AP11: 390 | AQ11: 400 | AR11: 400 | AS11: 410 | AT11: 410 | AU11: 410 | AV11: 420 | AW11: 420 | AX11: 420 | AY11: 420 | AZ11: 690 | BA11: 690 | BB11: 700 | BC11: 700 | BD11: 700 | BE11: 700 | BF11: =BE11 -> 700
A12: 6 | B12: Concepción | C12: 3477 | D12: 1351 | E12: 1632 | F12: 820 | G12: 1210 | H12: 5313 | I12: 331 | J12: 581 | K12: 1652 | L12: 949 | M12: 949 | N12: 1213 | O12: 892 | P12: 505 | Q12: 969 | R12: 4897 | S12: 1725 | T12: 6920 | U12: 5574 | V12: 2616 | W12: 6591 | X12: 3801 | Y12: 6811 | Z12: 4716 | AA12: 5842 | AB12: 75 | AD12: =SUM(C12:AC12) -> 71412 | AF12: Concepcion | AG12: 390 | AH12: 360 | AI12: 360 | AJ12: 360 | AK12: 360 | AL12: 290 | AM12: 290 | AN12: 340 | AO12: 340 | AP12: 340 | AQ12: 390 | AR12: 390 | AS12: 390 | AT12: 390 | AU12: 390 | AV12: 400 | AW12: 400 | AX12: 400 | AY12: 400 | AZ12: 650 | BA12: 650 | BB12: 650 | BC12: 650 | BD12: 670 | BE12: 670 | BF12: =BE12 -> 670
A13: 8 | B13: Lorenzo Arenas | C13: 324 | D13: 300 | E13: 205 | F13: 161 | G13: 301 | H13: 337 | I13: 103 | J13: 45 | K13: 144 | L13: 157 | M13: 141 | N13: 193 | O13: 16 | P13: 29 | Q13: 36 | R13: 108 | S13: 26 | T13: 55 | U13: 99 | V13: 44 | W13: 80 | X13: 21 | Y13: 98 | Z13: 56 | AA13: 56 | AB13: 0 | AD13: =SUM(C13:AC13) -> 3135 | AF13: Lorenzo Arenas | AG13: 390 | AH13: 360 | AI13: 360 | AJ13: 360 | AK13: 360 | AL13: 290 | AM13: 290 | AN13: 340 | AO13: 340 | AP13: 340 | AQ13: 390 | AR13: 390 | AS13: 390 | AT13: 390 | AU13: 390 | AV13: 400 | AW13: 400 | AX13: 400 | AY13: 400 | AZ13: 650 | BA13: 650 | BB13: 650 | BC13: 650 | BD13: 670 | BE13: 670 | BF13: =BE13 -> 670
A14: 9 | B14: UTFSM | C14: 387 | D14: 190 | E14: 138 | F14: 178 | G14: 299 | H14: 649 | I14: 56 | J14: 107 | K14: 73 | L14: 156 | M14: 93 | N14: 273 | O14: 55 | P14: 57 | Q14: 77 | R14: 140 | S14: 101 | T14: 87 | U14: 81 | V14: 123 | W14: 107 | X14: 95 | Y14: 59 | Z14: 52 | AA14: 153 | AB14: 3 | AD14: =SUM(C14:AC14) -> 3789 | AF14: UTFSM | AG14: 400 | AH14: 390 | AI14: 390 | AJ14: 390 | AK14: 390 | AL14: 340 | AM14: 340 | AN14: 290 | AO14: 290 | AP14: 290 | AQ14: 340 | AR14: 340 | AS14: 380 | AT14: 380 | AU14: 380 | AV14: 420 | AW14: 420 | AX14: 420 | AY14: 420 | AZ14: 660 | BA14: 660 | BB14: 670 | BC14: 670 | BD14: 690 | BE14: 690 | BF14: =BE14 -> 690
A15: 10 | B15: Los Cóndores | C15: 407 | D15: 392 | E15: 168 | F15: 182 | G15: 346 | H15: 1701 | I15: 118 | J15: 92 | K15: 157 | L15: 41 | M15: 69 | N15: 153 | O15: 142 | P15: 94 | Q15: 51 | R15: 109 | S15: 89 | T15: 166 | U15: 105 | V15: 140 | W15: 208 | X15: 49 | Y15: 47 | Z15: 119 | AA15: 292 | AB15: 11 | AD15: =SUM(C15:AC15) -> 5448 | AF15: Los Condores | AG15: 400 | AH15: 390 | AI15: 390 | AJ15: 390 | AK15: 390 | AL15: 340 | AM15: 340 | AN15: 290 | AO15: 290 | AP15: 290 | AQ15: 340 | AR15: 340 | AS15: 380 | AT15: 380 | AU15: 380 | AV15: 420 | AW15: 420 | AX15: 420 | AY15: 420 | AZ15: 660 | BA15: 660 | BB15: 670 | BC15: 670 | BD15: 690 | BE15: 690 | BF15: =BE15 -> 690
A16: 11 | B16: Higueras | C16: 305 | D16: 264 | E16: 283 | F16: 210 | G16: 315 | H16: 1147 | I16: 155 | J16: 103 | K16: 41 | L16: 168 | M16: 34 | N16: 167 | O16: 141 | P16: 78 | Q16: 28 | R16: 116 | S16: 68 | T16: 208 | U16: 182 | V16: 53 | W16: 191 | X16: 65 | Y16: 69 | Z16: 133 | AA16: 186 | AB16: 8 | AD16: =SUM(C16:AC16) -> 4718 | AF16: Higueras | AG16: 400 | AH16: 390 | AI16: 390 | AJ16: 390 | AK16: 390 | AL16: 340 | AM16: 340 | AN16: 290 | AO16: 290 | AP16: 290 | AQ16: 340 | AR16: 340 | AS16: 380 | AT16: 380 | AU16: 380 | AV16: 420 | AW16: 420 | AX16: 420 | AY16: 420 | AZ16: 660 | BA16: 660 | BB16: 670 | BC16: 670 | BD16: 690 | BE16: 690 | BF16: =BE16 -> 690
A17: 12 | B17: El Arenal | C17: 319 | D17: 232 | E17: 180 | F17: 149 | G17: 181 | H17: 933 | I17: 118 | J17: 101 | K17: 38 | L17: 39 | M17: 141 | N17: 20 | O17: 85 | P17: 83 | Q17: 48 | R17: 132 | S17: 23 | T17: 82 | U17: 69 | V17: 49 | W17: 138 | X17: 32 | Y17: 84 | Z17: 53 | AA17: 111 | AB17: 0 | AD17: =SUM(C17:AC17) -> 3440 | AF17: Arenal | AG17: 420 | AH17: 400 | AI17: 400 | AJ17: 400 | AK17: 400 | AL17: 390 | AM17: 390 | AN17: 340 | AO17: 340 | AP17: 340 | AQ17: 290 | AR17: 290 | AS17: 380 | AT17: 380 | AU17: 380 | AV17: 420 | AW17: 420 | AX17: 420 | AY17: 420 | AZ17: 670 | BA17: 670 | BB17: 690 | BC17: 690 | BD17: 700 | BE17: 700 | BF17: =BE17 -> 700
A18: 13 | B18: Mercado | C18: 363 | D18: 370 | E18: 303 | F18: 267 | G18: 416 | H18: 1273 | I18: 179 | J18: 214 | K18: 187 | L18: 139 | M18: 40 | N18: 148 | O18: 115 | P18: 70 | Q18: 45 | R18: 180 | S18: 45 | T18: 179 | U18: 140 | V18: 92 | W18: 201 | X18: 66 | Y18: 122 | Z18: 116 | AA18: 255 | AB18: 12 | AD18: =SUM(C18:AC18) -> 5537 | AF18: Mercado | AG18: 420 | AH18: 400 | AI18: 400 | AJ18: 400 | AK18: 400 | AL18: 390 | AM18: 390 | AN18: 340 | AO18: 340 | AP18: 340 | AQ18: 290 | AR18: 290 | AS18: 380 | AT18: 380 | AU18: 380 | AV18: 420 | AW18: 420 | AX18: 420 | AY18: 420 | AZ18: 670 | BA18: 670 | BB18: 690 | BC18: 690 | BD18: 700 | BE18: 700 | BF18: =BE18 -> 700
... A31: 26 | B31: Intermodal Coronel | C31: 152 | D31: 108 | E31: 112 | F31: 40 | G31: 163 | H31: 7228 | I31: 59 | J31: 160 | K31: 336 | L31: 185 | M31: 132 | N31: 260 | O31: 3500 | P31: 1396 | Q31: 323 | R31: 1239 | S31: 978 | T31: 1379 | U31: 974 | V31: 572 | W31: 1394 | X31: 916 | Y31: 1455 | Z31: 860 | AA31: 839 | AB31: 7 | AD31: =SUM(C31:AC31) -> 24767 | AF31: Coronel | AG31: 750 | AH31: 700 | AI31: 700 | AJ31: 700 | AK31: 700 | AL31: 670 | AM31: 670 | AN31: 690 | AO31: 690 | AP31: 690 | AQ31: 700 | AR31: 700 | AS31: 600 | AT31: 600 | AU31: 600 | AV31: 470 | AW31: 470 | AX31: 470 | AY31: 470 | AZ31: 380 | BA31: 380 | BB31: 290 | BC31: 290 | BD31: 290 | BE31: 290 | BF31: =BE31 -> 290
A32: 27 | B32: Pasajero Lota | C32: 1 | D32: 0 | E32: 0 | F32: 0 | G32: 1 | H32: 28 | I32: 0 | J32: 0 | K32: 3 | L32: 4 | M32: 3 | N32: 2 | O32: 29 | P32: 11 | Q32: 3 | R32: 18 | S32: 6 | T32: 0 | U32: 4 | V32: 11 | W32: 3 | X32: 2 | Y32: 8 | Z32: 1 | AA32: 2 | AB32: 12 | AD32: =SUM(C32:AC32) -> 152 | AF32: Pasajero Lota | AG32: =AG31 -> 750 | AH32: =AH31 -> 700 | AI32: =AI31 -> 700 | AJ32: =AJ31 -> 700 | AK32: =AK31 -> 700 | AL32: =AL31 -> 670 | AM32: =AM31 -> 670 | AN32: =AN31 -> 690 | ... BF32: =BF31 -> 290
A33: 28 | B33: Concepcion Centro | AD33: =SUM(C33:AC33) -> 0 | AF33: Concepcion Centro
B34: Total | C34: =SUM(C7:C33) -> 7534 | D34: =SUM(D7:D32) -> 4576 | E34: =SUM(E7:E32) -> 4199 | F34: =SUM(F7:F32) -> 2980 | G34: =SUM(G7:G32) -> 4732 | H34: =SUM(H7:H32) -> 71183 | I34: =SUM(I7:I32) -> 3237 | J34: =SUM(J7:J32) -> 3585 | K34: =SUM(K7:K32) -> 5253 | ... AD34: =SUM(AD7:AD32) -> 336933
B37: =+B5 -> 01 al 28 Febrero | E37: T. Estudiante
B38: Estaciones | C38: Hualqui | D38: La Leonera | E38: Manquimávida | F38: Pedro Medina | G38: Chiguayante | H38: Concepción | I38: Lorenzo Arenas | J38: UTFSM | K38: Los Cóndores | L38: Higueras | M38: El Arenal | N38: Mercado | O38: Juan Pablo II | P38: Diagonal Biobío | Q38: Alborada | R38: Costa Mar | S38: El Parque | T38: Lomas Coloradas | U38: C. Raúl Silva H. | V38: Hito Galvarino | W38: Los Canelos | X38: Huinca | Y38: Cristo Redentor | Z38: Laguna Quiñenco | AA38: Intermodal Coronel | AB38: Pasajero Lota | AC38: Concepcion Centro | AD38: Total | AF38: Estaciones | AG38: Hualqui | AH38: Leonera | AI38: Manquimavida | AJ38: Pedro Medina | AK38: Chiguayante | AL38: Concepcion | AM38: Lorenzo Arenas | AN38: UTFSM | AO38: Los Condores | AP38: Higueras | AQ38: Arenal | AR38: Mercado | AS38: Juan Pablo II | AT38: Diagonal Bio Bio | AU38: Alborada | AV38: Costa Mar | AW38: El Parque | AX38: Lomas Coloradas | AY38: Raul Silva H. | AZ38: Hito Galvarino | BA38: Los Canelos | BB38: Huinca | BC38: Cristo Redentor | BD38: Lag.Quiñenco | BE38: Coronel | BF38: Pasajero Lota | BG38: Concepcion Centro
B39: Hualqui | C39: 29 | D39: 7 | E39: 1 | F39: 2 | G39: 37 | H39: 273 | I39: 16 | J39: 13 | K39: 22 | L39: 29 | M39: 5 | N39: 8 | O39: 33 | P39: 0 | Q39: 0 | R39: 19 | S39: 15 | T39: 3 | U39: 7 | V39: 12 | W39: 3 | X39: 1 | Y39: 0 | Z39: 1 | AA39: 6 | AB39: 0 | AD39: =SUM(C39:AB39) -> 542 | AF39: Hualqui | AG39: 100 | AH39: 120 | AI39: 120 | AJ39: 120 | AK39: 120 | AL39: 130 | AM39: 130 | AN39: 130 | AO39: 130 | AP39: 130 | AQ39: 140 | AR39: 140 | AS39: 140 | AT39: 140 | AU39: 140 | AV39: 140 | AW39: 140 | AX39: 140 | AY39: 140 | AZ39: 240 | BA39: 240 | BB39: 250 | BC39: 250 | BD39: 250 | BE39: 250 | BF39: =BE39 -> 250
B40: La Leonera | C40: 10 | D40: 11 | E40: 1 | F40: 1 | G40: 3 | H40: 141 | I40: 5 | J40: 6 | K40: 13 | L40: 22 | M40: 25 | N40: 16 | O40: 24 | P40: 0 | Q40: 18 | R40: 13 | S40: 25 | T40: 8 | U40: 0 | V40: 25 | W40: 39 | X40: 4 | Y40: 13 | Z40: 3 | AA40: 9 | AB40: 0 | AD40: =SUM(C40:AB40) -> 435 | AF40: Leonera | AG40: 120 | AH40: 100 | AI40: 100 | AJ40: 100 | AK40: 100 | AL40: 120 | AM40: 120 | AN40: 130 | AO40: 130 | AP40: 130 | AQ40: 130 | AR40: 130 | AS40: 140 | AT40: 140 | AU40: 140 | AV40: 140 | AW40: 140 | AX40: 140 | AY40: 140 | AZ40: 230 | BA40: 230 | BB40: 230 | BC40: 230 | BD40: 240 | BE40: 240 | BF40: =BE40 -> 240
B41: Manquimávida | C41: 17 | D41: 1 | E41: 13 | F41: 6 | G41: 7 | H41: 110 | I41: 30 | J41: 27 | K41: 8 | L41: 13 | M41: 4 | N41: 28 | O41: 3 | P41: 0 | Q41: 11 | R41: 3 | S41: 10 | T41: 16 | U41: 15 | V41: 10 | W41: 8 | X41: 6 | Y41: 1 | Z41: 5 | AA41: 4 | AB41: 1 | AD41: =SUM(C41:AB41) -> 357 | AF41: Manquimavida | AG41: 120 | AH41: 100 | AI41: 100 | AJ41: 100 | AK41: 100 | AL41: 120 | AM41: 120 | AN41: 130 | AO41: 130 | AP41: 130 | AQ41: 130 | AR41: 130 | AS41: 140 | AT41: 140 | AU41: 140 | AV41: 140 | AW41: 140 | AX41: 140 | AY41: 140 | AZ41: 230 | BA41: 230 | BB41: 230 | BC41: 230 | BD41: 240 | BE41: 240 | BF41: =BE41 -> 240
B42: Pedro Medina | C42: 8 | D42: 4 | E42: 4 | F42: 11 | G42: 1 | H42: 54 | I42: 2 | J42: 3 | K42: 3 | L42: 30 | M42: 1 | N42: 2 | O42: 0 | P42: 1 | Q42: 1 | R42: 2 | S42: 1 | T42: 0 | U42: 1 | V42: 5 | W42: 26 | X42: 1 | Y42: 7 | Z42: 1 | AA42: 22 | AB42: 0 | AD42: =SUM(C42:AB42) -> 191 | AF42: Pedro Medina | AG42: 120 | AH42: 100 | AI42: 100 | AJ42: 100 | AK42: 100 | AL42: 120 | AM42: 120 | AN42: 130 | AO42: 130 | AP42: 130 | AQ42: 130 | AR42: 130 | AS42: 140 | AT42: 140 | AU42: 140 | AV42: 140 | AW42: 140 | AX42: 140 | AY42: 140 | AZ42: 230 | BA42: 230 | BB42: 230 | BC42: 230 | BD42: 240 | BE42: 240 | BF42: =BE42 -> 240
B43: Chiguayante | C43: 31 | D43: 3 | E43: 3 | F43: 5 | G43: 22 | H43: 95 | I43: 37 | J43: 10 | K43: 11 | L43: 43 | M43: 2 | N43: 7 | O43: 4 | P43: 1 | Q43: 0 | R43: 7 | S43: 11 | T43: 27 | U43: 12 | V43: 9 | W43: 7 | X43: 3 | Y43: 5 | Z43: 9 | AA43: 14 | AB43: 0 | AD43: =SUM(C43:AB43) -> 378 | AF43: Chiguayante | AG43: 120 | AH43: 100 | AI43: 100 | AJ43: 100 | AK43: 100 | AL43: 120 | AM43: 120 | AN43: 130 | AO43: 130 | AP43: 130 | AQ43: 130 | AR43: 130 | AS43: 140 | AT43: 140 | AU43: 140 | AV43: 140 | AW43: 140 | AX43: 140 | AY43: 140 | AZ43: 230 | BA43: 230 | BB43: 230 | BC43: 230 | BD43: 240 | BE43: 240 | BF43: =BE43 -> 240
B44: Concepción | C44: 353 | D44: 154 | E44: 142 | F44: 83 | G44: 112 | H44: 772 | I44: 44 | J44: 53 | K44: 155 | L44: 91 | M44: 76 | N44: 64 | O44: 193 | P44: 74 | Q44: 75 | R44: 592 | S44: 189 | T44: 1130 | U44: 1100 | V44: 728 | W44: 1396 | X44: 805 | Y44: 1146 | Z44: 839 | AA44: 828 | AB44: 2 | AD44: =SUM(C44:AB44) -> 11196 | AF44: Concepcion | AG44: 130 | AH44: 120 | AI44: 120 | AJ44: 120 | AK44: 120 | AL44: 100 | AM44: 100 | AN44: 120 | AO44: 120 | AP44: 120 | AQ44: 130 | AR44: 130 | AS44: 130 | AT44: 130 | AU44: 130 | AV44: 140 | AW44: 140 | AX44: 140 | AY44: 140 | AZ44: 220 | BA44: 220 | BB44: 220 | BC44: 220 | BD44: 220 | BE44: 220 | BF44: =BE44 -> 220
B45: Lorenzo Arenas | C45: 17 | D45: 2 | E45: 17 | F45: 5 | G45: 26 | H45: 31 | I45: 3 | J45: 3 | K45: 6 | L45: 19 | M45: 20 | N45: 9 | O45: 2 | P45: 2 | Q45: 14 | R45: 17 | S45: 0 | T45: 14 | U45: 17 | V45: 2 | W45: 16 | X45: 2 | Y45: 14 | Z45: 10 | AA45: 13 | AB45: 0 | AD45: =SUM(C45:AB45) -> 281 | AF45: Lorenzo Arenas | AG45: 130 | AH45: 120 | AI45: 120 | AJ45: 120 | AK45: 120 | AL45: 100 | AM45: 100 | AN45: 120 | AO45: 120 | AP45: 120 | AQ45: 130 | AR45: 130 | AS45: 130 | AT45: 130 | AU45: 130 | AV45: 140 | AW45: 140 | AX45: 140 | AY45: 140 | AZ45: 220 | BA45: 220 | BB45: 220 | BC45: 220 | BD45: 220 | BE45: 220 | BF45: =BE45 -> 220
B46: UTFSM | C46: 12 | D46: 7 | E46: 17 | F46: 3 | G46: 12 | H46: 45 | I46: 9 | J46: 17 | K46: 10 | L46: 8 | M46: 1 | N46: 18 | O46: 0 | P46: 0 | Q46: 0 | R46: 14 | S46: 5 | T46: 29 | U46: 11 | V46: 39 | W46: 39 | X46: 9 | Y46: 4 | Z46: 13 | AA46: 7 | AB46: 0 | AD46: =SUM(C46:AB46) -> 329 | AF46: UTFSM | AG46: 130 | AH46: 130 | AI46: 130 | AJ46: 130 | AK46: 130 | AL46: 120 | AM46: 120 | AN46: 100 | AO46: 100 | AP46: 100 | AQ46: 120 | AR46: 120 | AS46: 130 | AT46: 130 | AU46: 130 | AV46: 140 | AW46: 140 | AX46: 140 | AY46: 140 | AZ46: 220 | BA46: 220 | BB46: 220 | BC46: 220 | BD46: 230 | BE46: 230 | BF46: =BE46 -> 230
B47: Los Cóndores | C47: 24 | D47: 16 | E47: 11 | F47: 13 | G47: 7 | H47: 111 | I47: 2 | J47: 5 | K47: 22 | L47: 5 | M47: 2 | N47: 2 | O47: 23 | P47: 12 | Q47: 0 | R47: 7 | S47: 5 | T47: 14 | U47: 26 | V47: 32 | W47: 7 | X47: 48 | Y47: 13 | Z47: 5 | AA47: 8 | AB47: 0 | AD47: =SUM(C47:AB47) -> 420 | AF47: Los Condores | AG47: 130 | AH47: 130 | AI47: 130 | AJ47: 130 | AK47: 130 | AL47: 120 | AM47: 120 | AN47: 100 | AO47: 100 | AP47: 100 | AQ47: 120 | AR47: 120 | AS47: 130 | AT47: 130 | AU47: 130 | AV47: 140 | AW47: 140 | AX47: 140 | AY47: 140 | AZ47: 220 | BA47: 220 | BB47: 220 | BC47: 220 | BD47: 230 | BE47: 230 | BF47: =BE47 -> 230
B48: Higueras | C48: 23 | D48: 15 | E48: 9 | F48: 23 | G48: 25 | H48: 110 | I48: 4 | J48: 8 | K48: 8 | L48: 12 | M48: 1 | N48: 9 | O48: 13 | P48: 18 | Q48: 0 | R48: 5 | S48: 12 | T48: 12 | U48: 68 | V48: 17 | W48: 24 | X48: 5 | Y48: 19 | Z48: 16 | AA48: 47 | AB48: 0 | AD48: =SUM(C48:AB48) -> 503 | AF48: Higueras | AG48: 130 | AH48: 130 | AI48: 130 | AJ48: 130 | AK48: 130 | AL48: 120 | AM48: 120 | AN48: 100 | AO48: 100 | AP48: 100 | AQ48: 120 | AR48: 120 | AS48: 130 | AT48: 130 | AU48: 130 | AV48: 140 | AW48: 140 | AX48: 140 | AY48: 140 | AZ48: 220 | BA48: 220 | BB48: 220 | BC48: 220 | BD48: 230 | BE48: 230 | BF48: =BE48 -> 230
B49: El Arenal | C49: 14 | D49: 18 | E49: 3 | F49: 2 | G49: 2 | H49: 83 | I49: 20 | J49: 8 | K49: 3 | L49: 2 | M49: 9 | N49: 2 | O49: 7 | P49: 2 | Q49: 5 | R49: 11 | S49: 2 | T49: 16 | U49: 2 | V49: 20 | W49: 10 | X49: 12 | Y49: 8 | Z49: 7 | AA49: 6 | AB49: 0 | AD49: =SUM(C49:AB49) -> 274 | AF49: Arenal | AG49: 140 | AH49: 130 | AI49: 130 | AJ49: 130 | AK49: 130 | AL49: 130 | AM49: 130 | AN49: 120 | AO49: 120 | AP49: 120 | AQ49: 100 | AR49: 100 | AS49: 130 | AT49: 130 | AU49: 130 | AV49: 140 | AW49: 140 | AX49: 140 | AY49: 140 | AZ49: 220 | BA49: 220 | BB49: 230 | BC49: 230 | BD49: 230 | BE49: 230 | BF49: =BE49 -> 230
B50: Mercado | C50: 20 | D50: 12 | E50: 18 | F50: 1 | G50: 5 | H50: 62 | I50: 3 | J50: 28 | K50: 3 | L50: 17 | M50: 2 | N50: 6 | O50: 5 | P50: 1 | Q50: 3 | R50: 16 | S50: 1 | T50: 36 | U50: 13 | V50: 6 | W50: 15 | X50: 9 | Y50: 4 | Z50: 8 | AA50: 16 | AB50: 0 | AD50: =SUM(C50:AB50) -> 310 | AF50: Mercado | AG50: 140 | AH50: 130 | AI50: 130 | AJ50: 130 | AK50: 130 | AL50: 130 | AM50: 130 | AN50: 120 | AO50: 120 | AP50: 120 | AQ50: 100 | AR50: 100 | AS50: 130 | AT50: 130 | AU50: 130 | AV50: 140 | AW50: 140 | AX50: 140 | AY50: 140 | AZ50: 220 | BA50: 220 | BB50: 230 | BC50: 230 | BD50: 230 | BE50: 230 | BF50: =BE50 -> 230
... B63: Intermodal Coronel | C63: 13 | D63: 8 | E63: 6 | F63: 15 | G63: 26 | H63: 927 | I63: 8 | J63: 8 | K63: 14 | L63: 46 | M63: 2 | N63: 22 | O63: 527 | P63: 95 | Q63: 50 | R63: 92 | S63: 56 | T63: 106 | U63: 145 | V63: 100 | W63: 259 | X63: 148 | Y63: 223 | Z63: 226 | AA63: 99 | AB63: 0 | AD63: =SUM(C63:AB63) -> 3221 | AF63: Coronel | AG63: 250 | AH63: 240 | AI63: 240 | AJ63: 240 | AK63: 240 | AL63: 220 | AM63: 220 | AN63: 230 | AO63: 230 | AP63: 230 | AQ63: 230 | AR63: 230 | AS63: 200 | AT63: 200 | AU63: 200 | AV63: 160 | AW63: 160 | AX63: 160 | AY63: 160 | AZ63: 130 | BA63: 130 | BB63: 100 | BC63: 100 | BD63: 100 | BE63: 100 | BF63: =BE63 -> 100
B64: Pasajero Lota | C64: 0 | D64: 0 | E64: 0 | F64: 0 | G64: 0 | H64: 5 | I64: 0 | J64: 0 | K64: 0 | L64: 0 | M64: 0 | N64: 0 | O64: 4 | P64: 1 | Q64: 0 | R64: 0 | S64: 0 | T64: 0 | U64: 0 | V64: 0 | W64: 1 | X64: 2 | Y64: 1 | Z64: 0 | AA64: 0 | AB64: 0 | AD64: =SUM(C64:AB64) -> 14 | AF64: Pasajero Lota | AG64: =AG63 -> 250 | AH64: =AH63 -> 240 | AI64: =AI63 -> 240 | AJ64: =AJ63 -> 240 | AK64: =AK63 -> 240 | AL64: =AL63 -> 220 | AM64: =AM63 -> 220 | AN64: =AN63 -> 230 | ... BF64: =BF63 -> 100
B65: Concepcion Centro | AD65: =SUM(C65:AB65) -> 0 | AF65: Concepcion Centro
B66: Total | C66: =SUM(C39:C64) -> 648 | D66: =SUM(D39:D64) -> 350 | E66: =SUM(E39:E64) -> 307 | F66: =SUM(F39:F64) -> 209 | G66: =SUM(G39:G64) -> 393 | H66: =SUM(H39:H64) -> 10677 | I66: =SUM(I39:I64) -> 306 | J66: =SUM(J39:J64) -> 334 | ... AD66: =SUM(AD39:AD64) -> 49449
B69: =+B37 -> 01 al 28 Febrero | E69: T. Tercera Edad
B70: Estaciones | C70: Hualqui | D70: La Leonera | E70: Manquimávida | F70: Pedro Medina | G70: Chiguayante | H70: Concepción | I70: Lorenzo Arenas | J70: UTFSM | K70: Los Cóndores | L70: Higueras | M70: El Arenal | N70: Mercado | O70: Juan Pablo II | P70: Diagonal Biobío | Q70: Alborada | R70: Costa Mar | S70: El Parque | T70: Lomas Coloradas | U70: C. Raúl Silva H. | V70: Hito Galvarino | W70: Los Canelos | X70: Huinca | Y70: Cristo Redentor | Z70: Laguna Quiñenco | AA70: Intermodal Coronel | AB70: Pasajero Lota | AC70: Concepcion Centro | AD70: Total | AF70: Estaciones | AG70: Hualqui | AH70: Leonera | AI70: Manquimavida | AJ70: Pedro Medina | AK70: Chiguayante | AL70: Concepcion | AM70: Lorenzo Arenas | AN70: UTFSM | AO70: Los Condores | AP70: Higueras | AQ70: Arenal | AR70: Mercado | AS70: Juan Pablo II | AT70: Diagonal Bio Bio | AU70: Alborada | AV70: Costa Mar | AW70: El Parque | AX70: Lomas Coloradas | AY70: Raul Silva H. | AZ70: Hito Galvarino | BA70: Los Canelos | BB70: Huinca | BC70: Cristo Redentor | BD70: Lag.Quiñenco | BE70: Coronel | BF70: Pasajero Lota | BG70: Concepcion Centro
B71: Hualqui | C71: 13 | D71: 0 | E71: 2 | F71: 17 | G71: 4 | H71: 131 | I71: 9 | J71: 6 | K71: 15 | L71: 10 | M71: 1 | N71: 10 | O71: 8 | P71: 1 | Q71: 0 | R71: 11 | S71: 5 | T71: 16 | U71: 1 | V71: 0 | W71: 0 | X71: 0 | Y71: 0 | Z71: 1 | AA71: 0 | AB71: 0 | AD71: =SUM(C71:AB71) -> 261 | AF71: Hualqui | AG71: 150 | AH71: 170 | AI71: 170 | AJ71: 170 | AK71: 170 | AL71: 200 | AM71: 200 | AN71: 200 | AO71: 200 | AP71: 200 | AQ71: 210 | AR71: 210 | AS71: 210 | AT71: 210 | AU71: 210 | AV71: 220 | AW71: 220 | AX71: 220 | AY71: 220 | AZ71: 350 | BA71: 350 | BB71: 370 | BC71: 370 | BD71: 380 | BE71: 380 | BF71: =BE71 -> 380
B72: La Leonera | C72: 5 | D72: 6 | E72: 1 | F72: 1 | G72: 1 | H72: 50 | I72: 3 | J72: 1 | K72: 1 | L72: 16 | M72: 2 | N72: 16 | O72: 13 | P72: 1 | Q72: 10 | R72: 0 | S72: 19 | T72: 11 | U72: 0 | V72: 0 | W72: 16 | X72: 0 | Y72: 1 | Z72: 0 | AA72: 1 | AB72: 0 | AD72: =SUM(C72:AB72) -> 175 | AF72: Leonera | AG72: 170 | AH72: 150 | AI72: 150 | AJ72: 150 | AK72: 150 | AL72: 180 | AM72: 180 | AN72: 200 | AO72: 200 | AP72: 200 | AQ72: 200 | AR72: 200 | AS72: 210 | AT72: 210 | AU72: 210 | AV72: 210 | AW72: 210 | AX72: 210 | AY72: 210 | AZ72: 350 | BA72: 350 | BB72: 350 | BC72: 350 | BD72: 350 | BE72: 350 | BF72: =BE72 -> 350
B73: Manquimávida | C73: 14 | D73: 0 | E73: 4 | F73: 1 | G73: 3 | H73: 15 | I73: 19 | J73: 6 | K73: 1 | L73: 17 | M73: 28 | N73: 36 | O73: 5 | P73: 0 | Q73: 0 | R73: 0 | S73: 15 | T73: 14 | U73: 0 | V73: 3 | W73: 4 | X73: 12 | Y73: 0 | Z73: 2 | AA73: 0 | AB73: 0 | AD73: =SUM(C73:AB73) -> 199 | AF73: Manquimavida | AG73: 170 | AH73: 150 | AI73: 150 | AJ73: 150 | AK73: 150 | AL73: 180 | AM73: 180 | AN73: 200 | AO73: 200 | AP73: 200 | AQ73: 200 | AR73: 200 | AS73: 210 | AT73: 210 | AU73: 210 | AV73: 210 | AW73: 210 | AX73: 210 | AY73: 210 | AZ73: 350 | BA73: 350 | BB73: 350 | BC73: 350 | BD73: 350 | BE73: 350 | BF73: =BE73 -> 350
B74: Pedro Medina | C74: 14 | D74: 3 | E74: 0 | F74: 5 | G74: 1 | H74: 22 | I74: 3 | J74: 0 | K74: 4 | L74: 11 | M74: 3 | N74: 5 | O74: 0 | P74: 12 | Q74: 0 | R74: 0 | S74: 1 | T74: 13 | U74: 13 | V74: 0 | W74: 0 | X74: 0 | Y74: 2 | Z74: 0 | AA74: 0 | AB74: 0 | AD74: =SUM(C74:AB74) -> 112 | AF74: Pedro Medina | AG74: 170 | AH74: 150 | AI74: 150 | AJ74: 150 | AK74: 150 | AL74: 180 | AM74: 180 | AN74: 200 | AO74: 200 | AP74: 200 | AQ74: 200 | AR74: 200 | AS74: 210 | AT74: 210 | AU74: 210 | AV74: 210 | AW74: 210 | AX74: 210 | AY74: 210 | AZ74: 350 | BA74: 350 | BB74: 350 | BC74: 350 | BD74: 350 | BE74: 350 | BF74: =BE74 -> 350
B75: Chiguayante | C75: 5 | D75: 2 | E75: 0 | F75: 1 | G75: 2 | H75: 75 | I75: 4 | J75: 5 | K75: 35 | L75: 5 | M75: 1 | N75: 20 | O75: 8 | P75: 4 | Q75: 0 | R75: 1 | S75: 1 | T75: 3 | U75: 1 | V75: 0 | W75: 0 | X75: 0 | Y75: 1 | Z75: 0 | AA75: 2 | AB75: 0 | AD75: =SUM(C75:AB75) -> 176 | AF75: Chiguayante | AG75: 170 | AH75: 150 | AI75: 150 | AJ75: 150 | AK75: 150 | AL75: 180 | AM75: 180 | AN75: 200 | AO75: 200 | AP75: 200 | AQ75: 200 | AR75: 200 | AS75: 210 | AT75: 210 | AU75: 210 | AV75: 210 | AW75: 210 | AX75: 210 | AY75: 210 | AZ75: 350 | BA75: 350 | BB75: 350 | BC75: 350 | BD75: 350 | BE75: 350 | BF75: =BE75 -> 350
B76: Concepción | C76: 94 | D76: 40 | E76: 34 | F76: 11 | G76: 66 | H76: 186 | I76: 17 | J76: 8 | K76: 78 | L76: 43 | M76: 52 | N76: 50 | O76: 35 | P76: 25 | Q76: 15 | R76: 139 | S76: 40 | T76: 193 | U76: 246 | V76: 116 | W76: 590 | X76: 325 | Y76: 545 | Z76: 338 | AA76: 467 | AB76: 3 | AD76: =SUM(C76:AB76) -> 3756 | AF76: Concepcion | AG76: 200 | AH76: 180 | AI76: 180 | AJ76: 180 | AK76: 180 | AL76: 150 | AM76: 150 | AN76: 170 | AO76: 170 | AP76: 170 | AQ76: 200 | AR76: 200 | AS76: 200 | AT76: 200 | AU76: 200 | AV76: 200 | AW76: 200 | AX76: 200 | AY76: 200 | AZ76: 330 | BA76: 330 | BB76: 330 | BC76: 330 | BD76: 340 | BE76: 340 | BF76: =BE76 -> 340
B77: Lorenzo Arenas | C77: 4 | D77: 2 | E77: 20 | F77: 0 | G77: 11 | H77: 10 | I77: 3 | J77: 2 | K77: 4 | L77: 1 | M77: 0 | N77: 13 | O77: 0 | P77: 0 | Q77: 0 | R77: 2 | S77: 0 | T77: 4 | U77: 0 | V77: 1 | W77: 0 | X77: 1 | Y77: 30 | Z77: 1 | AA77: 12 | AB77: 0 | AD77: =SUM(C77:AB77) -> 121 | AF77: Lorenzo Arenas | AG77: 200 | AH77: 180 | AI77: 180 | AJ77: 180 | AK77: 180 | AL77: 150 | AM77: 150 | AN77: 170 | AO77: 170 | AP77: 170 | AQ77: 200 | AR77: 200 | AS77: 200 | AT77: 200 | AU77: 200 | AV77: 200 | AW77: 200 | AX77: 200 | AY77: 200 | AZ77: 330 | BA77: 330 | BB77: 330 | BC77: 330 | BD77: 340 | BE77: 340 | BF77: =BE77 -> 340
B78: UTFSM | C78: 3 | D78: 0 | E78: 6 | F78: 0 | G78: 4 | H78: 10 | I78: 3 | J78: 6 | K78: 0 | L78: 2 | M78: 1 | N78: 0 | O78: 0 | P78: 0 | Q78: 0 | R78: 7 | S78: 8 | T78: 0 | U78: 8 | V78: 0 | W78: 13 | X78: 13 | Y78: 3 | Z78: 1 | AA78: 2 | AB78: 0 | AD78: =SUM(C78:AB78) -> 90 | AF78: UTFSM | AG78: 200 | AH78: 200 | AI78: 200 | AJ78: 200 | AK78: 200 | AL78: 170 | AM78: 170 | AN78: 150 | AO78: 150 | AP78: 150 | AQ78: 170 | AR78: 170 | AS78: 190 | AT78: 190 | AU78: 190 | AV78: 210 | AW78: 210 | AX78: 210 | AY78: 210 | AZ78: 330 | BA78: 330 | BB78: 340 | BC78: 340 | BD78: 350 | BE78: 350 | BF78: =BE78 -> 350
B79: Los Cóndores | C79: 36 | D79: 15 | E79: 16 | F79: 5 | G79: 46 | H79: 89 | I79: 3 | J79: 0 | K79: 12 | L79: 0 | M79: 0 | N79: 9 | O79: 1 | P79: 1 | Q79: 0 | R79: 2 | S79: 0 | T79: 7 | U79: 14 | V79: 16 | W79: 0 | X79: 13 | Y79: 3 | Z79: 1 | AA79: 22 | AB79: 0 | AD79: =SUM(C79:AB79) -> 311 | AF79: Los Condores | AG79: 200 | AH79: 200 | AI79: 200 | AJ79: 200 | AK79: 200 | AL79: 170 | AM79: 170 | AN79: 150 | AO79: 150 | AP79: 150 | AQ79: 170 | AR79: 170 | AS79: 190 | AT79: 190 | AU79: 190 | AV79: 210 | AW79: 210 | AX79: 210 | AY79: 210 | AZ79: 330 | BA79: 330 | BB79: 340 | BC79: 340 | BD79: 350 | BE79: 350 | BF79: =BE79 -> 350
B80: Higueras | C80: 8 | D80: 14 | E80: 13 | F80: 7 | G80: 5 | H80: 70 | I80: 2 | J80: 1 | K80: 0 | L80: 5 | M80: 3 | N80: 10 | O80: 22 | P80: 0 | Q80: 0 | R80: 0 | S80: 0 | T80: 16 | U80: 1 | V80: 0 | W80: 1 | X80: 13 | Y80: 4 | Z80: 12 | AA80: 14 | AB80: 0 | AD80: =SUM(C80:AB80) -> 221 | AF80: Higueras | AG80: 200 | AH80: 200 | AI80: 200 | AJ80: 200 | AK80: 200 | AL80: 170 | AM80: 170 | AN80: 150 | AO80: 150 | AP80: 150 | AQ80: 170 | AR80: 170 | AS80: 190 | AT80: 190 | AU80: 190 | AV80: 210 | AW80: 210 | AX80: 210 | AY80: 210 | AZ80: 330 | BA80: 330 | BB80: 340 | BC80: 340 | BD80: 350 | BE80: 350 | BF80: =BE80 -> 350
B81: El Arenal | C81: 3 | D81: 12 | E81: 31 | F81: 1 | G81: 13 | H81: 44 | I81: 2 | J81: 0 | K81: 2 | L81: 12 | M81: 1 | N81: 6 | O81: 0 | P81: 9 | Q81: 0 | R81: 0 | S81: 13 | T81: 2 | U81: 5 | V81: 2 | W81: 0 | X81: 0 | Y81: 2 | Z81: 2 | AA81: 28 | AB81: 9 | AD81: =SUM(C81:AB81) -> 199 | AF81: Arenal | AG81: 210 | AH81: 200 | AI81: 200 | AJ81: 200 | AK81: 200 | AL81: 200 | AM81: 200 | AN81: 170 | AO81: 170 | AP81: 170 | AQ81: 150 | AR81: 150 | AS81: 190 | AT81: 190 | AU81: 190 | AV81: 210 | AW81: 210 | AX81: 210 | AY81: 210 | AZ81: 340 | BA81: 340 | BB81: 350 | BC81: 350 | BD81: 350 | BE81: 350 | BF81: =BE81 -> 350
B82: Mercado | C82: 14 | D82: 8 | E82: 16 | F82: 5 | G82: 27 | H82: 65 | I82: 20 | J82: 4 | K82: 6 | L82: 12 | M82: 5 | N82: 2 | O82: 3 | P82: 1 | Q82: 0 | R82: 1 | S82: 0 | T82: 2 | U82: 7 | V82: 1 | W82: 12 | X82: 1 | Y82: 5 | Z82: 4 | AA82: 3 | AB82: 0 | AD82: =SUM(C82:AB82) -> 224 | AF82: Mercado | AG82: 210 | AH82: 200 | AI82: 200 | AJ82: 200 | AK82: 200 | AL82: 200 | AM82: 200 | AN82: 170 | AO82: 170 | AP82: 170 | AQ82: 150 | AR82: 150 | AS82: 190 | AT82: 190 | AU82: 190 | AV82: 210 | AW82: 210 | AX82: 210 | AY82: 210 | AZ82: 340 | BA82: 340 | BB82: 350 | BC82: 350 | BD82: 350 | BE82: 350 | BF82: =BE82 -> 350
... B95: Intermodal Coronel | C95: 0 | D95: 2 | E95: 1 | F95: 2 | G95: 3 | H95: 526 | I95: 11 | J95: 4 | K95: 17 | L95: 18 | M95: 27 | N95: 2 | O95: 304 | P95: 112 | Q95: 20 | R95: 38 | S95: 48 | T95: 70 | U95: 81 | V95: 24 | W95: 249 | X95: 111 | Y95: 220 | Z95: 92 | AA95: 63 | AB95: 1 | AD95: =SUM(C95:AB95) -> 2046 | AF95: Coronel | AG95: 380 | AH95: 350 | AI95: 350 | AJ95: 350 | AK95: 350 | AL95: 340 | AM95: 340 | AN95: 350 | AO95: 350 | AP95: 350 | AQ95: 350 | AR95: 350 | AS95: 300 | AT95: 300 | AU95: 300 | AV95: 240 | AW95: 240 | AX95: 240 | AY95: 240 | AZ95: 190 | BA95: 190 | BB95: 150 | BC95: 150 | BD95: 150 | BE95: 150 | BF95: =BE95 -> 150
B96: Pasajero Lota | C96: 0 | D96: 0 | E96: 0 | F96: 0 | G96: 0 | H96: 1 | I96: 0 | J96: 0 | K96: 0 | L96: 0 | M96: 1 | N96: 0 | O96: 3 | P96: 3 | Q96: 0 | R96: 0 | S96: 0 | T96: 0 | U96: 0 | V96: 0 | W96: 3 | X96: 1 | Y96: 0 | Z96: 0 | AA96: 0 | AB96: 0 | AD96: =SUM(C96:AB96) -> 12 | AF96: Pasajero Lota | AG96: =AG95 -> 380 | AH96: =AH95 -> 350 | AI96: =AI95 -> 350 | AJ96: =AJ95 -> 350 | AK96: =AK95 -> 350 | AL96: =AL95 -> 340 | AM96: =AM95 -> 340 | AN96: =AN95 -> 350 | ... BF96: =BF95 -> 150
B97: Concepcion Centro | AD97: =SUM(C97:AB97) -> 0 | AF97: Concepcion Centro
B98: Total | C98: =SUM(C71:C96) -> 240 | D98: =SUM(D71:D96) -> 158 | E98: =SUM(E71:E96) -> 178 | F98: =SUM(F71:F96) -> 89 | G98: =SUM(G71:G96) -> 213 | H98: =SUM(H71:H96) -> 4080 | I98: =SUM(I71:I96) -> 152 | J98: =SUM(J71:J96) -> 78 | ... AD98: =SUM(AD71:AD96) -> 19198
B102: =+B69 -> 01 al 28 Febrero | E102: Total Mes Tarjetas
B103: Estaciones | C103: Hualqui | D103: La Leonera | E103: Manquimávida | F103: Pedro Medina | G103: Chiguayante | H103: Concepción | I103: Lorenzo Arenas | J103: UTFSM | K103: Los Cóndores | L103: Higueras | M103: El Arenal | N103: Mercado | O103: Juan Pablo II | P103: Diagonal Biobío | Q103: Alborada | R103: Costa Mar | S103: El Parque | T103: Lomas Coloradas | U103: C. Raúl Silva H. | V103: Hito Galvarino | W103: Los Canelos | X103: Huinca | Y103: Cristo Redentor | Z103: Laguna Quiñenco | AA103: Intermodal Coronel | AB103: Pasajero Lota | AC103: Concepcion Centro | AD103: Total
B104: Hualqui | C104: =+C7+C39+C71 -> 362 | D104: =+D7+D39+D71 -> 65 | E104: =+E7+E39+E71 -> 62 | F104: =+F7+F39+F71 -> 98 | G104: =+G7+G39+G71 -> 191 | H104: =+H7+H39+H71 -> 2813 | I104: =+I7+I39+I71 -> 388 | J104: =+J7+J39+J71 -> 347 | ... AB104: =+AB7+AB39+AB71 -> 2 | AC104: 0 | AD104: =SUM(C104:AC104) -> 7072
B105: La Leonera | C105: =+C8+C40+C72 -> 163 | D105: =+D8+D40+D72 -> 242 | E105: =+E8+E40+E72 -> 37 | F105: =+F8+F40+F72 -> 64 | G105: =+G8+G40+G72 -> 99 | H105: =+H8+H40+H72 -> 1600 | I105: =+I8+I40+I72 -> 363 | J105: =+J8+J40+J72 -> 189 | ... AB105: =+AB8+AB40+AB72 -> 1 | AC105: 0 | AD105: =SUM(C105:AC105) -> 6221
B106: Manquimávida | C106: =+C9+C41+C73 -> 116 | D106: =+D9+D41+D73 -> 10 | E106: =+E9+E41+E73 -> 244 | F106: =+F9+F41+F73 -> 41 | G106: =+G9+G41+G73 -> 101 | H106: =+H9+H41+H73 -> 1670 | I106: =+I9+I41+I73 -> 305 | J106: =+J9+J41+J73 -> 188 | ... AB106: =+AB9+AB41+AB73 -> 1 | AC106: 0 | AD106: =SUM(C106:AC106) -> 4989
B107: Pedro Medina | C107: =+C10+C42+C74 -> 116 | D107: =+D10+D42+D74 -> 45 | E107: =+E10+E42+E74 -> 26 | F107: =+F10+F42+F74 -> 129 | G107: =+G10+G42+G74 -> 24 | H107: =+H10+H42+H74 -> 846 | I107: =+I10+I42+I74 -> 149 | J107: =+J10+J42+J74 -> 186 | ... AB107: =+AB10+AB42+AB74 -> 0 | AC107: 0 | AD107: =SUM(C107:AC107) -> 3138
B108: Chiguayante | C108: =+C11+C43+C75 -> 301 | D108: =+D11+D43+D75 -> 69 | E108: =+E11+E43+E75 -> 52 | F108: =+F11+F43+F75 -> 19 | G108: =+G11+G43+G75 -> 237 | H108: =+H11+H43+H75 -> 1282 | I108: =+I11+I43+I75 -> 379 | J108: =+J11+J43+J75 -> 279 | ... AB108: =+AB11+AB43+AB75 -> 2 | AC108: 0 | AD108: =SUM(C108:AC108) -> 5333
B109: Concepción | C109: =+C12+C44+C76 -> 3924 | D109: =+D12+D44+D76 -> 1545 | E109: =+E12+E44+E76 -> 1808 | F109: =+F12+F44+F76 -> 914 | G109: =+G12+G44+G76 -> 1388 | H109: =+H12+H44+H76 -> 6271 | I109: =+I12+I44+I76 -> 392 | J109: =+J12+J44+J76 -> 642 | ... AB109: =+AB12+AB44+AB76 -> 80 | AC109: 0 | AD109: =SUM(C109:AC109) -> 86364
B110: Lorenzo Arenas | C110: =+C13+C45+C77 -> 345 | D110: =+D13+D45+D77 -> 304 | E110: =+E13+E45+E77 -> 242 | F110: =+F13+F45+F77 -> 166 | G110: =+G13+G45+G77 -> 338 | H110: =+H13+H45+H77 -> 378 | I110: =+I13+I45+I77 -> 109 | J110: =+J13+J45+J77 -> 50 | ... AB110: =+AB13+AB45+AB77 -> 0 | AC110: 0 | AD110: =SUM(C110:AC110) -> 3537
B111: UTFSM | C111: =+C14+C46+C78 -> 402 | D111: =+D14+D46+D78 -> 197 | E111: =+E14+E46+E78 -> 161 | F111: =+F14+F46+F78 -> 181 | G111: =+G14+G46+G78 -> 315 | H111: =+H14+H46+H78 -> 704 | I111: =+I14+I46+I78 -> 68 | J111: =+J14+J46+J78 -> 130 | ... AB111: =+AB14+AB46+AB78 -> 3 | AC111: 0 | AD111: =SUM(C111:AC111) -> 4208
B112: Los Cóndores | C112: =+C15+C47+C79 -> 467 | D112: =+D15+D47+D79 -> 423 | E112: =+E15+E47+E79 -> 195 | F112: =+F15+F47+F79 -> 200 | G112: =+G15+G47+G79 -> 399 | H112: =+H15+H47+H79 -> 1901 | I112: =+I15+I47+I79 -> 123 | J112: =+J15+J47+J79 -> 97 | ... AB112: =+AB15+AB47+AB79 -> 11 | AC112: 0 | AD112: =SUM(C112:AC112) -> 6179
B113: Higueras | C113: =+C16+C48+C80 -> 336 | D113: =+D16+D48+D80 -> 293 | E113: =+E16+E48+E80 -> 305 | F113: =+F16+F48+F80 -> 240 | G113: =+G16+G48+G80 -> 345 | H113: =+H16+H48+H80 -> 1327 | I113: =+I16+I48+I80 -> 161 | J113: =+J16+J48+J80 -> 112 | ... AB113: =+AB16+AB48+AB80 -> 8 | AC113: 0 | AD113: =SUM(C113:AC113) -> 5442
B114: El Arenal | C114: =+C17+C49+C81 -> 336 | D114: =+D17+D49+D81 -> 262 | E114: =+E17+E49+E81 -> 214 | F114: =+F17+F49+F81 -> 152 | G114: =+G17+G49+G81 -> 196 | H114: =+H17+H49+H81 -> 1060 | I114: =+I17+I49+I81 -> 140 | J114: =+J17+J49+J81 -> 109 | ... AB114: =+AB17+AB49+AB81 -> 9 | AC114: 0 | AD114: =SUM(C114:AC114) -> 3913
B115: Mercado | C115: =+C18+C50+C82 -> 397 | D115: =+D18+D50+D82 -> 390 | E115: =+E18+E50+E82 -> 337 | F115: =+F18+F50+F82 -> 273 | G115: =+G18+G50+G82 -> 448 | H115: =+H18+H50+H82 -> 1400 | I115: =+I18+I50+I82 -> 202 | J115: =+J18+J50+J82 -> 246 | ... AB115: =+AB18+AB50+AB82 -> 12 | AC115: 0 | AD115: =SUM(C115:AC115) -> 6071
... B129: Pasajero Lota | C129: =+C32+C64+C96 -> 1 | D129: =+D32+D64+D96 -> 0 | E129: =+E32+E64+E96 -> 0 | F129: =+F32+F64+F96 -> 0 | G129: =+G32+G64+G96 -> 1 | H129: =+H32+H64+H96 -> 34 | I129: =+I32+I64+I96 -> 0 | J129: =+J32+J64+J96 -> 0 | ... AB129: =+AB32+AB64+AB96 -> 12 | AC129: 0 | AD129: =SUM(C129:AC129) -> 178
B130: Concepcion Centro | C130: 0 | D130: 0 | E130: 0 | F130: 0 | G130: 0 | H130: 0 | I130: 0 | J130: 0 | K130: 0 | L130: 0 | M130: 0 | N130: 0 | O130: 0 | P130: 0 | Q130: 0 | R130: 0 | S130: 0 | T130: 0 | U130: 0 | V130: 0 | W130: 0 | X130: 0 | Y130: 0 | Z130: 0 | AA130: 0 | AB130: 0 | AC130: 0 | AD130: =SUM(C130:AC130) -> 0
B131: Total | C131: =SUM(C104:C130) -> 8422 | D131: =SUM(D104:D130) -> 5084 | E131: =SUM(E104:E130) -> 4684 | F131: =SUM(F104:F130) -> 3278 | G131: =SUM(G104:G130) -> 5338 | H131: =SUM(H104:H130) -> 85940 | I131: =SUM(I104:I130) -> 3695 | J131: =SUM(J104:J130) -> 3997 | ... AC131: =SUM(AC104:AC130) -> 0 | AD131: =SUM(AD104:AD129) -> 405580
B133: CC a L2 | C133: =SUM(H116:H130)+SUM(O109:AC109) -> 128796
B134: L2/L1 | C134: =SUM(C116:G130)+SUM(I116:N130)+SUM(O104:AC108)+SUM(O110:AC115) -> 30615

Sheet Mar 2023
C2: Matriz Origen-Destino Tarjetas Biotren
C3: Mes: MARZO 2023 | G3: Periodo: 01 al 31 Marzo
B5: 01 al 31 de marzo | E5: T. Monedero
B6: Estaciones | C6: Hualqui | D6: La Leonera | E6: Manquimávida | F6: Pedro Medina | G6: Chiguayante | H6: Concepción | I6: Lorenzo Arenas | J6: UTFSM | K6: Los Cóndores | L6: Higueras | M6: El Arenal | N6: Mercado | O6: Juan Pablo II | P6: Diagonal Biobío | Q6: Alborada | R6: Costa Mar | S6: El Parque | T6: Lomas Coloradas | U6: C. Raúl Silva H. | V6: Hito Galvarino | W6: Los Canelos | X6: Huinca | Y6: Cristo Redentor | Z6: Laguna Quiñenco | AA6: Intermodal Coronel | AB6: Pasajero Lota | AC6: Concepcion Centro | AD6: Total | AF6: Estaciones | AG6: Hualqui | AH6: Leonera | AI6: Manquimavida | AJ6: Pedro Medina | AK6: Chiguayante | AL6: Concepcion | AM6: Lorenzo Arenas | AN6: UTFSM | AO6: Los Condores | AP6: Higueras | AQ6: Arenal | AR6: Mercado | AS6: Juan Pablo II | AT6: Diagonal Bio Bio | AU6: Alborada | AV6: Costa Mar | AW6: El Parque | AX6: Lomas Coloradas | AY6: Raul Silva H. | AZ6: Hito Galvarino | BA6: Los Canelos | BB6: Huinca | BC6: Cristo Redentor | BD6: Lag.Quiñenco | BE6: Coronel | BF6: Pasajero Lota | BG6: Concepcion Centro
B7: Hualqui | C7: 367 | D7: 137 | E7: 287 | F7: 490 | G7: 529 | H7: 5403 | I7: 519 | J7: 726 | K7: 591 | L7: 520 | M7: 492 | N7: 421 | O7: 487 | P7: 139 | Q7: 76 | R7: 241 | S7: 168 | T7: 203 | U7: 99 | V7: 82 | W7: 79 | X7: 58 | Y7: 42 | Z7: 58 | AA7: 230 | AB7: 0 | AD7: =SUM(C7:AC7) -> 12444 | AF7: Hualqui | AG7: 290 | AH7: 340 | AI7: 340 | AJ7: 340 | AK7: 340 | AL7: 390 | AM7: 390 | AN7: 400 | AO7: 400 | AP7: 400 | AQ7: 420 | AR7: 420 | AS7: 420 | AT7: 420 | AU7: 420 | AV7: 430 | AW7: 430 | AX7: 430 | AY7: 430 | AZ7: 700 | BA7: 700 | BB7: 740 | BC7: 740 | BD7: 750 | BE7: 750 | BF7: =BE7 -> 750
B8: La Leonera | C8: 271 | D8: 232 | E8: 139 | F8: 93 | G8: 217 | H8: 3347 | I8: 678 | J8: 687 | K8: 581 | L8: 502 | M8: 387 | N8: 628 | O8: 659 | P8: 137 | Q8: 72 | R8: 188 | S8: 311 | T8: 192 | U8: 81 | V8: 194 | W8: 163 | X8: 46 | Y8: 65 | Z8: 70 | AA8: 169 | AB8: 0 | AD8: =SUM(C8:AC8) -> 10109 | AF8: Leonera | AG8: 340 | AH8: 290 | AI8: 290 | AJ8: 290 | AK8: 290 | AL8: 360 | AM8: 360 | AN8: 390 | AO8: 390 | AP8: 390 | AQ8: 400 | AR8: 400 | AS8: 410 | AT8: 410 | AU8: 410 | AV8: 420 | AW8: 420 | AX8: 420 | AY8: 420 | AZ8: 690 | BA8: 690 | BB8: 700 | BC8: 700 | BD8: 700 | BE8: 700 | BF8: =BE8 -> 700
B9: Manquimávida | C9: 404 | D9: 52 | E9: 271 | F9: 92 | G9: 200 | H9: 3955 | I9: 526 | J9: 477 | K9: 444 | L9: 519 | M9: 299 | N9: 672 | O9: 435 | P9: 108 | Q9: 96 | R9: 185 | S9: 182 | T9: 173 | U9: 141 | V9: 82 | W9: 223 | X9: 46 | Y9: 70 | Z9: 48 | AA9: 237 | AB9: 0 | AD9: =SUM(C9:AC9) -> 9937 | AF9: Manquimavida | AG9: 340 | AH9: 290 | AI9: 290 | AJ9: 290 | AK9: 290 | AL9: 360 | AM9: 360 | AN9: 390 | AO9: 390 | AP9: 390 | AQ9: 400 | AR9: 400 | AS9: 410 | AT9: 410 | AU9: 410 | AV9: 420 | AW9: 420 | AX9: 420 | AY9: 420 | AZ9: 690 | BA9: 690 | BB9: 700 | BC9: 700 | BD9: 700 | BE9: 700 | BF9: =BE9 -> 700
B10: Pedro Medina | C10: 530 | D10: 65 | E10: 125 | F10: 157 | G10: 41 | H10: 1875 | I10: 311 | J10: 463 | K10: 353 | L10: 365 | M10: 137 | N10: 467 | O10: 354 | P10: 133 | Q10: 33 | R10: 131 | S10: 209 | T10: 185 | U10: 90 | V10: 86 | W10: 53 | X10: 44 | Y10: 66 | Z10: 33 | AA10: 139 | AB10: 0 | AD10: =SUM(C10:AC10) -> 6445 | AF10: Pedro Medina | AG10: 340 | AH10: 290 | AI10: 290 | AJ10: 290 | AK10: 290 | AL10: 360 | AM10: 360 | AN10: 390 | AO10: 390 | AP10: 390 | AQ10: 400 | AR10: 400 | AS10: 410 | AT10: 410 | AU10: 410 | AV10: 420 | AW10: 420 | AX10: 420 | AY10: 420 | AZ10: 690 | BA10: 690 | BB10: 700 | BC10: 700 | BD10: 700 | BE10: 700 | BF10: =BE10 -> 700
B11: Chiguayante | C11: 764 | D11: 216 | E11: 248 | F11: 24 | G11: 382 | H11: 3231 | I11: 699 | J11: 682 | K11: 661 | L11: 766 | M11: 385 | N11: 797 | O11: 375 | P11: 167 | Q11: 33 | R11: 327 | S11: 170 | T11: 311 | U11: 107 | V11: 77 | W11: 183 | X11: 62 | Y11: 102 | Z11: 102 | AA11: 265 | AB11: 0 | AD11: =SUM(C11:AC11) -> 11136 | AF11: Chiguayante | AG11: 340 | AH11: 290 | AI11: 290 | AJ11: 290 | AK11: 290 | AL11: 360 | AM11: 360 | AN11: 390 | AO11: 390 | AP11: 390 | AQ11: 400 | AR11: 400 | AS11: 410 | AT11: 410 | AU11: 410 | AV11: 420 | AW11: 420 | AX11: 420 | AY11: 420 | AZ11: 690 | BA11: 690 | BB11: 700 | BC11: 700 | BD11: 700 | BE11: 700 | BF11: =BE11 -> 700
B12: Concepción | C12: 6590 | D12: 2440 | E12: 3568 | F12: 1653 | G12: 2474 | H12: 5969 | I12: 423 | J12: 1105 | K12: 2619 | L12: 1701 | M12: 1506 | N12: 1468 | O12: 1883 | P12: 991 | Q12: 1766 | R12: 8790 | S12: 2731 | T12: 12871 | U12: 9621 | V12: 4527 | W12: 12448 | X12: 7114 | Y12: 11366 | Z12: 9243 | AA12: 10883 | AB12: 0 | AD12: =SUM(C12:AC12) -> 125750 | AF12: Concepcion | AG12: 390 | AH12: 360 | AI12: 360 | AJ12: 360 | AK12: 360 | AL12: 290 | AM12: 290 | AN12: 340 | AO12: 340 | AP12: 340 | AQ12: 390 | AR12: 390 | AS12: 390 | AT12: 390 | AU12: 390 | AV12: 400 | AW12: 400 | AX12: 400 | AY12: 400 | AZ12: 650 | BA12: 650 | BB12: 650 | BC12: 650 | BD12: 670 | BE12: 670 | BF12: =BE12 -> 670
B13: Lorenzo Arenas | C13: 588 | D13: 440 | E13: 459 | F13: 321 | G13: 553 | H13: 466 | I13: 100 | J13: 94 | K13: 251 | L13: 285 | M13: 192 | N13: 298 | O13: 23 | P13: 35 | Q13: 40 | R13: 182 | S13: 48 | T13: 143 | U13: 134 | V13: 93 | W13: 154 | X13: 42 | Y13: 179 | Z13: 115 | AA13: 111 | AB13: 0 | AD13: =SUM(C13:AC13) -> 5346 | AF13: Lorenzo Arenas | AG13: 390 | AH13: 360 | AI13: 360 | AJ13: 360 | AK13: 360 | AL13: 290 | AM13: 290 | AN13: 340 | AO13: 340 | AP13: 340 | AQ13: 390 | AR13: 390 | AS13: 390 | AT13: 390 | AU13: 390 | AV13: 400 | AW13: 400 | AX13: 400 | AY13: 400 | AZ13: 650 | BA13: 650 | BB13: 650 | BC13: 650 | BD13: 670 | BE13: 670 | BF13: =BE13 -> 670
B14: UTFSM | C14: 823 | D14: 595 | E14: 521 | F14: 511 | G14: 704 | H14: 1277 | I14: 140 | J14: 204 | K14: 314 | L14: 489 | M14: 313 | N14: 613 | O14: 169 | P14: 118 | Q14: 136 | R14: 333 | S14: 138 | T14: 257 | U14: 206 | V14: 255 | W14: 252 | X14: 300 | Y14: 225 | Z14: 267 | AA14: 315 | AB14: 0 | AD14: =SUM(C14:AC14) -> 9475 | AF14: UTFSM | AG14: 400 | AH14: 390 | AI14: 390 | AJ14: 390 | AK14: 390 | AL14: 340 | AM14: 340 | AN14: 290 | AO14: 290 | AP14: 290 | AQ14: 340 | AR14: 340 | AS14: 380 | AT14: 380 | AU14: 380 | AV14: 420 | AW14: 420 | AX14: 420 | AY14: 420 | AZ14: 660 | BA14: 660 | BB14: 670 | BC14: 670 | BD14: 690 | BE14: 690 | BF14: =BE14 -> 690
B15: Los Cóndores | C15: 696 | D15: 714 | E15: 477 | F15: 394 | G15: 651 | H15: 2797 | I15: 293 | J15: 284 | K15: 161 | L15: 61 | M15: 136 | N15: 313 | O15: 291 | P15: 128 | Q15: 96 | R15: 253 | S15: 121 | T15: 429 | U15: 239 | V15: 243 | W15: 427 | X15: 124 | Y15: 113 | Z15: 187 | AA15: 512 | AB15: 0 | AD15: =SUM(C15:AC15) -> 10140 | AF15: Los Condores | AG15: 400 | AH15: 390 | AI15: 390 | AJ15: 390 | AK15: 390 | AL15: 340 | AM15: 340 | AN15: 290 | AO15: 290 | AP15: 290 | AQ15: 340 | AR15: 340 | AS15: 380 | AT15: 380 | AU15: 380 | AV15: 420 | AW15: 420 | AX15: 420 | AY15: 420 | AZ15: 660 | BA15: 660 | BB15: 670 | BC15: 670 | BD15: 690 | BE15: 690 | BF15: =BE15 -> 690
B16: Higueras | C16: 419 | D16: 435 | E16: 491 | F16: 409 | G16: 572 | H16: 1801 | I16: 280 | J16: 235 | K16: 59 | L16: 133 | M16: 44 | N16: 283 | O16: 300 | P16: 152 | Q16: 80 | R16: 232 | S16: 139 | T16: 317 | U16: 246 | V16: 96 | W16: 239 | X16: 141 | Y16: 141 | Z16: 231 | AA16: 303 | AB16: 0 | AD16: =SUM(C16:AC16) -> 7778 | AF16: Higueras | AG16: 400 | AH16: 390 | AI16: 390 | AJ16: 390 | AK16: 390 | AL16: 340 | AM16: 340 | AN16: 290 | AO16: 290 | AP16: 290 | AQ16: 340 | AR16: 340 | AS16: 380 | AT16: 380 | AU16: 380 | AV16: 420 | AW16: 420 | AX16: 420 | AY16: 420 | AZ16: 660 | BA16: 660 | BB16: 670 | BC16: 670 | BD16: 690 | BE16: 690 | BF16: =BE16 -> 690
B17: El Arenal | C17: 478 | D17: 353 | E17: 313 | F17: 199 | G17: 273 | H17: 1533 | I17: 172 | J17: 279 | K17: 105 | L17: 52 | M17: 137 | N17: 18 | O17: 249 | P17: 145 | Q17: 70 | R17: 172 | S17: 59 | T17: 170 | U17: 105 | V17: 122 | W17: 194 | X17: 73 | Y17: 75 | Z17: 69 | AA17: 253 | AB17: 0 | AD17: =SUM(C17:AC17) -> 5668 | AF17: Arenal | AG17: 420 | AH17: 400 | AI17: 400 | AJ17: 400 | AK17: 400 | AL17: 390 | AM17: 390 | AN17: 340 | AO17: 340 | AP17: 340 | AQ17: 290 | AR17: 290 | AS17: 380 | AT17: 380 | AU17: 380 | AV17: 420 | AW17: 420 | AX17: 420 | AY17: 420 | AZ17: 670 | BA17: 670 | BB17: 690 | BC17: 690 | BD17: 700 | BE17: 700 | BF17: =BE17 -> 700
B18: Mercado | C18: 424 | D18: 563 | E18: 575 | F18: 531 | G18: 632 | H18: 1724 | I18: 315 | J18: 503 | K18: 326 | L18: 232 | M18: 51 | N18: 177 | O18: 257 | P18: 161 | Q18: 94 | R18: 242 | S18: 75 | T18: 356 | U18: 316 | V18: 167 | W18: 350 | X18: 88 | Y18: 227 | Z18: 184 | AA18: 366 | AB18: 0 | AD18: =SUM(C18:AC18) -> 8936 | AF18: Mercado | AG18: 420 | AH18: 400 | AI18: 400 | AJ18: 400 | AK18: 400 | AL18: 390 | AM18: 390 | AN18: 340 | AO18: 340 | AP18: 340 | AQ18: 290 | AR18: 290 | AS18: 380 | AT18: 380 | AU18: 380 | AV18: 420 | AW18: 420 | AX18: 420 | AY18: 420 | AZ18: 670 | BA18: 670 | BB18: 690 | BC18: 690 | BD18: 700 | BE18: 700 | BF18: =BE18 -> 700
... B31: Intermodal Coronel | C31: 246 | D31: 124 | E31: 237 | F31: 84 | G31: 269 | H31: 14015 | I31: 131 | J31: 378 | K31: 502 | L31: 287 | M31: 236 | N31: 350 | O31: 6231 | P31: 2642 | Q31: 524 | R31: 2238 | S31: 1318 | T31: 2369 | U31: 1698 | V31: 1051 | W31: 2596 | X31: 1578 | Y31: 2514 | Z31: 1649 | AA31: 1423 | AB31: 0 | AD31: =SUM(C31:AC31) -> 44690 | AF31: Coronel | AG31: 750 | AH31: 700 | AI31: 700 | AJ31: 700 | AK31: 700 | AL31: 670 | AM31: 670 | AN31: 690 | AO31: 690 | AP31: 690 | AQ31: 700 | AR31: 700 | AS31: 600 | AT31: 600 | AU31: 600 | AV31: 470 | AW31: 470 | AX31: 470 | AY31: 470 | AZ31: 380 | BA31: 380 | BB31: 290 | BC31: 290 | BD31: 290 | BE31: 290 | BF31: =BE31 -> 290
B32: Pasajero Lota | C32: 0 | D32: 0 | E32: 0 | F32: 0 | G32: 0 | H32: 0 | I32: 0 | J32: 0 | K32: 0 | L32: 0 | M32: 0 | N32: 0 | O32: 0 | P32: 0 | Q32: 0 | R32: 0 | S32: 0 | T32: 0 | U32: 0 | V32: 0 | W32: 0 | X32: 0 | Y32: 0 | Z32: 0 | AA32: 0 | AB32: 0 | AD32: =SUM(C32:AC32) -> 0 | AF32: Pasajero Lota | AG32: =AG31 -> 750 | AH32: =AH31 -> 700 | AI32: =AI31 -> 700 | AJ32: =AJ31 -> 700 | AK32: =AK31 -> 700 | AL32: =AL31 -> 670 | AM32: =AM31 -> 670 | AN32: =AN31 -> 690 | ... BF32: =BF31 -> 290
B33: Concepcion Centro | AD33: =SUM(C33:AC33) -> 0 | AF33: Concepcion Centro
B34: Total | C34: =SUM(C7:C33) -> 14079 | D34: =SUM(D7:D32) -> 7689 | E34: =SUM(E7:E32) -> 9201 | F34: =SUM(F7:F32) -> 6210 | G34: =SUM(G7:G32) -> 9180 | H34: =SUM(H7:H32) -> 135320 | I34: =SUM(I7:I32) -> 6113 | J34: =SUM(J7:J32) -> 8989 | K34: =SUM(K7:K32) -> 9507 | ... AD34: =SUM(AD7:AD32) -> 615856
B37: 01 al 31 de marzo | E37: T. Estudiante
B38: Estaciones | C38: Hualqui | D38: La Leonera | E38: Manquimávida | F38: Pedro Medina | G38: Chiguayante | H38: Concepción | I38: Lorenzo Arenas | J38: UTFSM | K38: Los Cóndores | L38: Higueras | M38: El Arenal | N38: Mercado | O38: Juan Pablo II | P38: Diagonal Biobío | Q38: Alborada | R38: Costa Mar | S38: El Parque | T38: Lomas Coloradas | U38: C. Raúl Silva H. | V38: Hito Galvarino | W38: Los Canelos | X38: Huinca | Y38: Cristo Redentor | Z38: Laguna Quiñenco | AA38: Intermodal Coronel | AB38: Pasajero Lota | AC38: Concepcion Centro | AD38: Total | AF38: Estaciones | AG38: Hualqui | AH38: Leonera | AI38: Manquimavida | AJ38: Pedro Medina | AK38: Chiguayante | AL38: Concepcion | AM38: Lorenzo Arenas | AN38: UTFSM | AO38: Los Condores | AP38: Higueras | AQ38: Arenal | AR38: Mercado | AS38: Juan Pablo II | AT38: Diagonal Bio Bio | AU38: Alborada | AV38: Costa Mar | AW38: El Parque | AX38: Lomas Coloradas | AY38: Raul Silva H. | AZ38: Hito Galvarino | BA38: Los Canelos | BB38: Huinca | BC38: Cristo Redentor | BD38: Lag.Quiñenco | BE38: Coronel | BF38: Pasajero Lota | BG38: Concepcion Centro
B39: Hualqui | C39: 39 | D39: 5 | E39: 82 | F39: 329 | G39: 122 | H39: 1103 | I39: 43 | J39: 172 | K39: 67 | L39: 51 | M39: 16 | N39: 11 | O39: 34 | P39: 37 | Q39: 0 | R39: 36 | S39: 14 | T39: 4 | U39: 12 | V39: 20 | W39: 2 | X39: 2 | Y39: 1 | Z39: 2 | AA39: 5 | AB39: 0 | AD39: =SUM(C39:AB39) -> 2209 | AF39: Hualqui | AG39: 100 | AH39: 120 | AI39: 120 | AJ39: 120 | AK39: 120 | AL39: 130 | AM39: 130 | AN39: 130 | AO39: 130 | AP39: 130 | AQ39: 140 | AR39: 140 | AS39: 140 | AT39: 140 | AU39: 140 | AV39: 140 | AW39: 140 | AX39: 140 | AY39: 140 | AZ39: 240 | BA39: 240 | BB39: 250 | BC39: 250 | BD39: 250 | BE39: 250 | BF39: =BE39 -> 250
B40: La Leonera | C40: 24 | D40: 14 | E40: 36 | F40: 5 | G40: 33 | H40: 355 | I40: 10 | J40: 151 | K40: 11 | L40: 41 | M40: 30 | N40: 34 | O40: 14 | P40: 7 | Q40: 2 | R40: 8 | S40: 24 | T40: 19 | U40: 6 | V40: 21 | W40: 35 | X40: 4 | Y40: 10 | Z40: 3 | AA40: 14 | AB40: 0 | AD40: =SUM(C40:AB40) -> 911 | AF40: Leonera | AG40: 120 | AH40: 100 | AI40: 100 | AJ40: 100 | AK40: 100 | AL40: 120 | AM40: 120 | AN40: 130 | AO40: 130 | AP40: 130 | AQ40: 130 | AR40: 130 | AS40: 140 | AT40: 140 | AU40: 140 | AV40: 140 | AW40: 140 | AX40: 140 | AY40: 140 | AZ40: 230 | BA40: 230 | BB40: 230 | BC40: 230 | BD40: 240 | BE40: 240 | BF40: =BE40 -> 240
B41: Manquimávida | C41: 116 | D41: 18 | E41: 21 | F41: 22 | G41: 36 | H41: 367 | I41: 29 | J41: 151 | K41: 14 | L41: 36 | M41: 5 | N41: 26 | O41: 4 | P41: 15 | Q41: 2 | R41: 8 | S41: 2 | T41: 35 | U41: 26 | V41: 13 | W41: 12 | X41: 9 | Y41: 0 | Z41: 6 | AA41: 3 | AB41: 0 | AD41: =SUM(C41:AB41) -> 976 | AF41: Manquimavida | AG41: 120 | AH41: 100 | AI41: 100 | AJ41: 100 | AK41: 100 | AL41: 120 | AM41: 120 | AN41: 130 | AO41: 130 | AP41: 130 | AQ41: 130 | AR41: 130 | AS41: 140 | AT41: 140 | AU41: 140 | AV41: 140 | AW41: 140 | AX41: 140 | AY41: 140 | AZ41: 230 | BA41: 230 | BB41: 230 | BC41: 230 | BD41: 240 | BE41: 240 | BF41: =BE41 -> 240
B42: Pedro Medina | C42: 283 | D42: 7 | E42: 29 | F42: 27 | G42: 4 | H42: 178 | I42: 6 | J42: 96 | K42: 13 | L42: 55 | M42: 1 | N42: 16 | O42: 4 | P42: 7 | Q42: 8 | R42: 8 | S42: 0 | T42: 3 | U42: 15 | V42: 18 | W42: 37 | X42: 0 | Y42: 11 | Z42: 7 | AA42: 12 | AB42: 0 | AD42: =SUM(C42:AB42) -> 845 | AF42: Pedro Medina | AG42: 120 | AH42: 100 | AI42: 100 | AJ42: 100 | AK42: 100 | AL42: 120 | AM42: 120 | AN42: 130 | AO42: 130 | AP42: 130 | AQ42: 130 | AR42: 130 | AS42: 140 | AT42: 140 | AU42: 140 | AV42: 140 | AW42: 140 | AX42: 140 | AY42: 140 | AZ42: 230 | BA42: 230 | BB42: 230 | BC42: 230 | BD42: 240 | BE42: 240 | BF42: =BE42 -> 240
B43: Chiguayante | C43: 145 | D43: 13 | E43: 20 | F43: 3 | G43: 21 | H43: 243 | I43: 43 | J43: 240 | K43: 42 | L43: 106 | M43: 22 | N43: 19 | O43: 25 | P43: 6 | Q43: 12 | R43: 28 | S43: 23 | T43: 49 | U43: 14 | V43: 32 | W43: 16 | X43: 3 | Y43: 3 | Z43: 2 | AA43: 13 | AB43: 0 | AD43: =SUM(C43:AB43) -> 1143 | AF43: Chiguayante | AG43: 120 | AH43: 100 | AI43: 100 | AJ43: 100 | AK43: 100 | AL43: 120 | AM43: 120 | AN43: 130 | AO43: 130 | AP43: 130 | AQ43: 130 | AR43: 130 | AS43: 140 | AT43: 140 | AU43: 140 | AV43: 140 | AW43: 140 | AX43: 140 | AY43: 140 | AZ43: 230 | BA43: 230 | BB43: 230 | BC43: 230 | BD43: 240 | BE43: 240 | BF43: =BE43 -> 240
B44: Concepción | C44: 1038 | D44: 269 | E44: 390 | F44: 160 | G44: 203 | H44: 984 | I44: 69 | J44: 248 | K44: 265 | L44: 231 | M44: 126 | N44: 115 | O44: 668 | P44: 200 | Q44: 300 | R44: 1797 | S44: 465 | T44: 3795 | U44: 3062 | V44: 2425 | W44: 5548 | X44: 3483 | Y44: 5586 | Z44: 4305 | AA44: 4844 | AB44: 0 | AD44: =SUM(C44:AB44) -> 40576 | AF44: Concepcion | AG44: 130 | AH44: 120 | AI44: 120 | AJ44: 120 | AK44: 120 | AL44: 100 | AM44: 100 | AN44: 120 | AO44: 120 | AP44: 120 | AQ44: 130 | AR44: 130 | AS44: 130 | AT44: 130 | AU44: 130 | AV44: 140 | AW44: 140 | AX44: 140 | AY44: 140 | AZ44: 220 | BA44: 220 | BB44: 220 | BC44: 220 | BD44: 220 | BE44: 220 | BF44: =BE44 -> 220
B45: Lorenzo Arenas | C45: 26 | D45: 2 | E45: 55 | F45: 4 | G45: 32 | H45: 63 | I45: 7 | J45: 48 | K45: 18 | L45: 49 | M45: 36 | N45: 35 | O45: 1 | P45: 0 | Q45: 14 | R45: 29 | S45: 7 | T45: 32 | U45: 3 | V45: 13 | W45: 11 | X45: 3 | Y45: 9 | Z45: 19 | AA45: 36 | AB45: 0 | AD45: =SUM(C45:AB45) -> 552 | AF45: Lorenzo Arenas | AG45: 130 | AH45: 120 | AI45: 120 | AJ45: 120 | AK45: 120 | AL45: 100 | AM45: 100 | AN45: 120 | AO45: 120 | AP45: 120 | AQ45: 130 | AR45: 130 | AS45: 130 | AT45: 130 | AU45: 130 | AV45: 140 | AW45: 140 | AX45: 140 | AY45: 140 | AZ45: 220 | BA45: 220 | BB45: 220 | BC45: 220 | BD45: 220 | BE45: 220 | BF45: =BE45 -> 220
B46: UTFSM | C46: 155 | D46: 87 | E46: 123 | F46: 85 | G46: 164 | H46: 283 | I46: 69 | J46: 42 | K46: 87 | L46: 54 | M46: 49 | N46: 35 | O46: 38 | P46: 25 | Q46: 19 | R46: 166 | S46: 39 | T46: 59 | U46: 67 | V46: 117 | W46: 169 | X46: 128 | Y46: 219 | Z46: 221 | AA46: 140 | AB46: 0 | AD46: =SUM(C46:AB46) -> 2640 | AF46: UTFSM | AG46: 130 | AH46: 130 | AI46: 130 | AJ46: 130 | AK46: 130 | AL46: 120 | AM46: 120 | AN46: 100 | AO46: 100 | AP46: 100 | AQ46: 120 | AR46: 120 | AS46: 130 | AT46: 130 | AU46: 130 | AV46: 140 | AW46: 140 | AX46: 140 | AY46: 140 | AZ46: 220 | BA46: 220 | BB46: 220 | BC46: 220 | BD46: 230 | BE46: 230 | BF46: =BE46 -> 230
B47: Los Cóndores | C47: 56 | D47: 9 | E47: 26 | F47: 18 | G47: 52 | H47: 282 | I47: 27 | J47: 88 | K47: 15 | L47: 18 | M47: 0 | N47: 32 | O47: 23 | P47: 33 | Q47: 7 | R47: 35 | S47: 7 | T47: 7 | U47: 44 | V47: 35 | W47: 32 | X47: 47 | Y47: 20 | Z47: 15 | AA47: 14 | AB47: 0 | AD47: =SUM(C47:AB47) -> 942 | AF47: Los Condores | AG47: 130 | AH47: 130 | AI47: 130 | AJ47: 130 | AK47: 130 | AL47: 120 | AM47: 120 | AN47: 100 | AO47: 100 | AP47: 100 | AQ47: 120 | AR47: 120 | AS47: 130 | AT47: 130 | AU47: 130 | AV47: 140 | AW47: 140 | AX47: 140 | AY47: 140 | AZ47: 220 | BA47: 220 | BB47: 220 | BC47: 220 | BD47: 230 | BE47: 230 | BF47: =BE47 -> 230
B48: Higueras | C48: 39 | D48: 42 | E48: 17 | F48: 40 | G48: 50 | H48: 292 | I48: 19 | J48: 67 | K48: 6 | L48: 12 | M48: 1 | N48: 35 | O48: 17 | P48: 15 | Q48: 1 | R48: 26 | S48: 2 | T48: 53 | U48: 90 | V48: 6 | W48: 37 | X48: 4 | Y48: 29 | Z48: 34 | AA48: 66 | AB48: 0 | AD48: =SUM(C48:AB48) -> 1000 | AF48: Higueras | AG48: 130 | AH48: 130 | AI48: 130 | AJ48: 130 | AK48: 130 | AL48: 120 | AM48: 120 | AN48: 100 | AO48: 100 | AP48: 100 | AQ48: 120 | AR48: 120 | AS48: 130 | AT48: 130 | AU48: 130 | AV48: 140 | AW48: 140 | AX48: 140 | AY48: 140 | AZ48: 220 | BA48: 220 | BB48: 220 | BC48: 220 | BD48: 230 | BE48: 230 | BF48: =BE48 -> 230
B49: El Arenal | C49: 21 | D49: 32 | E49: 2 | F49: 11 | G49: 23 | H49: 181 | I49: 40 | J49: 63 | K49: 8 | L49: 1 | M49: 14 | N49: 0 | O49: 26 | P49: 9 | Q49: 2 | R49: 13 | S49: 3 | T49: 21 | U49: 35 | V49: 1 | W49: 7 | X49: 6 | Y49: 11 | Z49: 20 | AA49: 12 | AB49: 0 | AD49: =SUM(C49:AB49) -> 562 | AF49: Arenal | AG49: 140 | AH49: 130 | AI49: 130 | AJ49: 130 | AK49: 130 | AL49: 130 | AM49: 130 | AN49: 120 | AO49: 120 | AP49: 120 | AQ49: 100 | AR49: 100 | AS49: 130 | AT49: 130 | AU49: 130 | AV49: 140 | AW49: 140 | AX49: 140 | AY49: 140 | AZ49: 220 | BA49: 220 | BB49: 230 | BC49: 230 | BD49: 230 | BE49: 230 | BF49: =BE49 -> 230
B50: Mercado | C50: 25 | D50: 27 | E50: 10 | F50: 5 | G50: 15 | H50: 191 | I50: 18 | J50: 99 | K50: 11 | L50: 33 | M50: 0 | N50: 9 | O50: 15 | P50: 6 | Q50: 7 | R50: 22 | S50: 2 | T50: 16 | U50: 33 | V50: 2 | W50: 7 | X50: 14 | Y50: 20 | Z50: 17 | AA50: 26 | AB50: 0 | AD50: =SUM(C50:AB50) -> 630 | AF50: Mercado | AG50: 140 | AH50: 130 | AI50: 130 | AJ50: 130 | AK50: 130 | AL50: 130 | AM50: 130 | AN50: 120 | AO50: 120 | AP50: 120 | AQ50: 100 | AR50: 100 | AS50: 130 | AT50: 130 | AU50: 130 | AV50: 140 | AW50: 140 | AX50: 140 | AY50: 140 | AZ50: 220 | BA50: 220 | BB50: 230 | BC50: 230 | BD50: 230 | BE50: 230 | BF50: =BE50 -> 230
... B63: Intermodal Coronel | C63: 16 | D63: 3 | E63: 2 | F63: 13 | G63: 21 | H63: 5876 | I63: 46 | J63: 167 | K63: 23 | L63: 77 | M63: 10 | N63: 29 | O63: 2218 | P63: 572 | Q63: 36 | R63: 382 | S63: 73 | T63: 229 | U63: 255 | V63: 189 | W63: 541 | X63: 351 | Y63: 455 | Z63: 362 | AA63: 368 | AB63: 0 | AD63: =SUM(C63:AB63) -> 12314 | AF63: Coronel | AG63: 250 | AH63: 240 | AI63: 240 | AJ63: 240 | AK63: 240 | AL63: 220 | AM63: 220 | AN63: 230 | AO63: 230 | AP63: 230 | AQ63: 230 | AR63: 230 | AS63: 200 | AT63: 200 | AU63: 200 | AV63: 160 | AW63: 160 | AX63: 160 | AY63: 160 | AZ63: 130 | BA63: 130 | BB63: 100 | BC63: 100 | BD63: 100 | BE63: 100 | BF63: =BE63 -> 100
B64: Pasajero Lota | C64: 0 | D64: 0 | E64: 0 | F64: 0 | G64: 0 | H64: 0 | I64: 0 | J64: 0 | K64: 0 | L64: 0 | M64: 0 | N64: 0 | O64: 0 | P64: 0 | Q64: 0 | R64: 0 | S64: 0 | T64: 0 | U64: 0 | V64: 0 | W64: 0 | X64: 0 | Y64: 0 | Z64: 0 | AA64: 0 | AB64: 0 | AD64: =SUM(C64:AB64) -> 0 | AF64: Pasajero Lota | AG64: =AG63 -> 250 | AH64: =AH63 -> 240 | AI64: =AI63 -> 240 | AJ64: =AJ63 -> 240 | AK64: =AK63 -> 240 | AL64: =AL63 -> 220 | AM64: =AM63 -> 220 | AN64: =AN63 -> 230 | ... BF64: =BF63 -> 100
B65: Concepcion Centro | AD65: =SUM(C65:AB65) -> 0 | AF65: Concepcion Centro
B66: Total | C66: =SUM(C39:C64) -> 2088 | D66: =SUM(D39:D64) -> 617 | E66: =SUM(E39:E64) -> 920 | F66: =SUM(F39:F64) -> 848 | G66: =SUM(G39:G64) -> 961 | H66: =SUM(H39:H64) -> 41684 | I66: =SUM(I39:I64) -> 639 | J66: =SUM(J39:J64) -> 3064 | ... AD66: =SUM(AD39:AD64) -> 150752
B69: 01 al 31 de marzo | E69: T. Tercera Edad
B70: Estaciones | C70: Hualqui | D70: La Leonera | E70: Manquimávida | F70: Pedro Medina | G70: Chiguayante | H70: Concepción | I70: Lorenzo Arenas | J70: UTFSM | K70: Los Cóndores | L70: Higueras | M70: El Arenal | N70: Mercado | O70: Juan Pablo II | P70: Diagonal Biobío | Q70: Alborada | R70: Costa Mar | S70: El Parque | T70: Lomas Coloradas | U70: C. Raúl Silva H. | V70: Hito Galvarino | W70: Los Canelos | X70: Huinca | Y70: Cristo Redentor | Z70: Laguna Quiñenco | AA70: Intermodal Coronel | AB70: Pasajero Lota | AC70: Concepcion Centro | AD70: Total | AF70: Estaciones | AG70: Hualqui | AH70: Leonera | AI70: Manquimavida | AJ70: Pedro Medina | AK70: Chiguayante | AL70: Concepcion | AM70: Lorenzo Arenas | AN70: UTFSM | AO70: Los Condores | AP70: Higueras | AQ70: Arenal | AR70: Mercado | AS70: Juan Pablo II | AT70: Diagonal Bio Bio | AU70: Alborada | AV70: Costa Mar | AW70: El Parque | AX70: Lomas Coloradas | AY70: Raul Silva H. | AZ70: Hito Galvarino | BA70: Los Canelos | BB70: Huinca | BC70: Cristo Redentor | BD70: Lag.Quiñenco | BE70: Coronel | BF70: Pasajero Lota | BG70: Concepcion Centro
B71: Hualqui | C71: 7 | D71: 1 | E71: 14 | F71: 14 | G71: 25 | H71: 248 | I71: 5 | J71: 18 | K71: 4 | L71: 2 | M71: 20 | N71: 31 | O71: 31 | P71: 3 | Q71: 0 | R71: 0 | S71: 13 | T71: 22 | U71: 11 | V71: 2 | W71: 0 | X71: 0 | Y71: 0 | Z71: 0 | AA71: 0 | AB71: 0 | AD71: =SUM(C71:AB71) -> 471 | AF71: Hualqui | AG71: 150 | AH71: 170 | AI71: 170 | AJ71: 170 | AK71: 170 | AL71: 200 | AM71: 200 | AN71: 200 | AO71: 200 | AP71: 200 | AQ71: 210 | AR71: 210 | AS71: 210 | AT71: 210 | AU71: 210 | AV71: 220 | AW71: 220 | AX71: 220 | AY71: 220 | AZ71: 350 | BA71: 350 | BB71: 370 | BC71: 370 | BD71: 380 | BE71: 380 | BF71: =BE71 -> 380
B72: La Leonera | C72: 0 | D72: 6 | E72: 1 | F72: 9 | G72: 5 | H72: 147 | I72: 5 | J72: 2 | K72: 10 | L72: 41 | M72: 0 | N72: 28 | O72: 35 | P72: 3 | Q72: 15 | R72: 1 | S72: 2 | T72: 3 | U72: 0 | V72: 2 | W72: 20 | X72: 0 | Y72: 1 | Z72: 3 | AA72: 6 | AB72: 0 | AD72: =SUM(C72:AB72) -> 345 | AF72: Leonera | AG72: 170 | AH72: 150 | AI72: 150 | AJ72: 150 | AK72: 150 | AL72: 180 | AM72: 180 | AN72: 200 | AO72: 200 | AP72: 200 | AQ72: 200 | AR72: 200 | AS72: 210 | AT72: 210 | AU72: 210 | AV72: 210 | AW72: 210 | AX72: 210 | AY72: 210 | AZ72: 350 | BA72: 350 | BB72: 350 | BC72: 350 | BD72: 350 | BE72: 350 | BF72: =BE72 -> 350
B73: Manquimávida | C73: 19 | D73: 0 | E73: 3 | F73: 7 | G73: 6 | H73: 93 | I73: 31 | J73: 15 | K73: 3 | L73: 24 | M73: 34 | N73: 68 | O73: 20 | P73: 1 | Q73: 0 | R73: 0 | S73: 2 | T73: 7 | U73: 0 | V73: 8 | W73: 8 | X73: 1 | Y73: 2 | Z73: 3 | AA73: 2 | AB73: 0 | AD73: =SUM(C73:AB73) -> 357 | AF73: Manquimavida | AG73: 170 | AH73: 150 | AI73: 150 | AJ73: 150 | AK73: 150 | AL73: 180 | AM73: 180 | AN73: 200 | AO73: 200 | AP73: 200 | AQ73: 200 | AR73: 200 | AS73: 210 | AT73: 210 | AU73: 210 | AV73: 210 | AW73: 210 | AX73: 210 | AY73: 210 | AZ73: 350 | BA73: 350 | BB73: 350 | BC73: 350 | BD73: 350 | BE73: 350 | BF73: =BE73 -> 350
B74: Pedro Medina | C74: 18 | D74: 2 | E74: 4 | F74: 2 | G74: 2 | H74: 36 | I74: 3 | J74: 0 | K74: 13 | L74: 19 | M74: 2 | N74: 20 | O74: 0 | P74: 17 | Q74: 2 | R74: 0 | S74: 0 | T74: 17 | U74: 15 | V74: 1 | W74: 5 | X74: 0 | Y74: 1 | Z74: 1 | AA74: 2 | AB74: 0 | AD74: =SUM(C74:AB74) -> 182 | AF74: Pedro Medina | AG74: 170 | AH74: 150 | AI74: 150 | AJ74: 150 | AK74: 150 | AL74: 180 | AM74: 180 | AN74: 200 | AO74: 200 | AP74: 200 | AQ74: 200 | AR74: 200 | AS74: 210 | AT74: 210 | AU74: 210 | AV74: 210 | AW74: 210 | AX74: 210 | AY74: 210 | AZ74: 350 | BA74: 350 | BB74: 350 | BC74: 350 | BD74: 350 | BE74: 350 | BF74: =BE74 -> 350
B75: Chiguayante | C75: 20 | D75: 1 | E75: 6 | F75: 0 | G75: 9 | H75: 137 | I75: 7 | J75: 10 | K75: 76 | L75: 8 | M75: 11 | N75: 29 | O75: 15 | P75: 9 | Q75: 0 | R75: 0 | S75: 0 | T75: 13 | U75: 3 | V75: 3 | W75: 7 | X75: 1 | Y75: 16 | Z75: 1 | AA75: 5 | AB75: 0 | AD75: =SUM(C75:AB75) -> 387 | AF75: Chiguayante | AG75: 170 | AH75: 150 | AI75: 150 | AJ75: 150 | AK75: 150 | AL75: 180 | AM75: 180 | AN75: 200 | AO75: 200 | AP75: 200 | AQ75: 200 | AR75: 200 | AS75: 210 | AT75: 210 | AU75: 210 | AV75: 210 | AW75: 210 | AX75: 210 | AY75: 210 | AZ75: 350 | BA75: 350 | BB75: 350 | BC75: 350 | BD75: 350 | BE75: 350 | BF75: =BE75 -> 350
B76: Concepción | C76: 179 | D76: 77 | E76: 82 | F76: 23 | G76: 97 | H76: 108 | I76: 20 | J76: 30 | K76: 130 | L76: 65 | M76: 78 | N76: 64 | O76: 64 | P76: 54 | Q76: 38 | R76: 194 | S76: 66 | T76: 322 | U76: 377 | V76: 206 | W76: 1037 | X76: 471 | Y76: 864 | Z76: 502 | AA76: 800 | AB76: 0 | AD76: =SUM(C76:AB76) -> 5948 | AF76: Concepcion | AG76: 200 | AH76: 180 | AI76: 180 | AJ76: 180 | AK76: 180 | AL76: 150 | AM76: 150 | AN76: 170 | AO76: 170 | AP76: 170 | AQ76: 200 | AR76: 200 | AS76: 200 | AT76: 200 | AU76: 200 | AV76: 200 | AW76: 200 | AX76: 200 | AY76: 200 | AZ76: 330 | BA76: 330 | BB76: 330 | BC76: 330 | BD76: 340 | BE76: 340 | BF76: =BE76 -> 340
B77: Lorenzo Arenas | C77: 6 | D77: 6 | E77: 18 | F77: 0 | G77: 22 | H77: 8 | I77: 2 | J77: 3 | K77: 9 | L77: 1 | M77: 1 | N77: 15 | O77: 0 | P77: 0 | Q77: 0 | R77: 3 | S77: 0 | T77: 4 | U77: 1 | V77: 12 | W77: 0 | X77: 2 | Y77: 65 | Z77: 1 | AA77: 1 | AB77: 0 | AD77: =SUM(C77:AB77) -> 180 | AF77: Lorenzo Arenas | AG77: 200 | AH77: 180 | AI77: 180 | AJ77: 180 | AK77: 180 | AL77: 150 | AM77: 150 | AN77: 170 | AO77: 170 | AP77: 170 | AQ77: 200 | AR77: 200 | AS77: 200 | AT77: 200 | AU77: 200 | AV77: 200 | AW77: 200 | AX77: 200 | AY77: 200 | AZ77: 330 | BA77: 330 | BB77: 330 | BC77: 330 | BD77: 340 | BE77: 340 | BF77: =BE77 -> 340
B78: UTFSM | C78: 17 | D78: 3 | E78: 14 | F78: 1 | G78: 13 | H78: 34 | I78: 3 | J78: 2 | K78: 0 | L78: 4 | M78: 0 | N78: 6 | O78: 21 | P78: 6 | Q78: 0 | R78: 4 | S78: 15 | T78: 2 | U78: 20 | V78: 3 | W78: 40 | X78: 21 | Y78: 12 | Z78: 1 | AA78: 11 | AB78: 0 | AD78: =SUM(C78:AB78) -> 253 | AF78: UTFSM | AG78: 200 | AH78: 200 | AI78: 200 | AJ78: 200 | AK78: 200 | AL78: 170 | AM78: 170 | AN78: 150 | AO78: 150 | AP78: 150 | AQ78: 170 | AR78: 170 | AS78: 190 | AT78: 190 | AU78: 190 | AV78: 210 | AW78: 210 | AX78: 210 | AY78: 210 | AZ78: 330 | BA78: 330 | BB78: 340 | BC78: 340 | BD78: 350 | BE78: 350 | BF78: =BE78 -> 350
B79: Los Cóndores | C79: 34 | D79: 20 | E79: 15 | F79: 23 | G79: 81 | H79: 121 | I79: 1 | J79: 0 | K79: 3 | L79: 0 | M79: 7 | N79: 14 | O79: 5 | P79: 0 | Q79: 0 | R79: 6 | S79: 0 | T79: 16 | U79: 12 | V79: 5 | W79: 9 | X79: 20 | Y79: 5 | Z79: 2 | AA79: 44 | AB79: 0 | AD79: =SUM(C79:AB79) -> 443 | AF79: Los Condores | AG79: 200 | AH79: 200 | AI79: 200 | AJ79: 200 | AK79: 200 | AL79: 170 | AM79: 170 | AN79: 150 | AO79: 150 | AP79: 150 | AQ79: 170 | AR79: 170 | AS79: 190 | AT79: 190 | AU79: 190 | AV79: 210 | AW79: 210 | AX79: 210 | AY79: 210 | AZ79: 330 | BA79: 330 | BB79: 340 | BC79: 340 | BD79: 350 | BE79: 350 | BF79: =BE79 -> 350
B80: Higueras | C80: 3 | D80: 31 | E80: 32 | F80: 14 | G80: 13 | H80: 106 | I80: 2 | J80: 1 | K80: 1 | L80: 1 | M80: 3 | N80: 30 | O80: 22 | P80: 0 | Q80: 0 | R80: 3 | S80: 1 | T80: 12 | U80: 4 | V80: 1 | W80: 0 | X80: 23 | Y80: 6 | Z80: 10 | AA80: 20 | AB80: 0 | AD80: =SUM(C80:AB80) -> 339 | AF80: Higueras | AG80: 200 | AH80: 200 | AI80: 200 | AJ80: 200 | AK80: 200 | AL80: 170 | AM80: 170 | AN80: 150 | AO80: 150 | AP80: 150 | AQ80: 170 | AR80: 170 | AS80: 190 | AT80: 190 | AU80: 190 | AV80: 210 | AW80: 210 | AX80: 210 | AY80: 210 | AZ80: 330 | BA80: 330 | BB80: 340 | BC80: 340 | BD80: 350 | BE80: 350 | BF80: =BE80 -> 350
B81: El Arenal | C81: 27 | D81: 16 | E81: 36 | F81: 3 | G81: 34 | H81: 82 | I81: 2 | J81: 1 | K81: 1 | L81: 4 | M81: 2 | N81: 7 | O81: 6 | P81: 15 | Q81: 0 | R81: 0 | S81: 20 | T81: 6 | U81: 7 | V81: 0 | W81: 2 | X81: 0 | Y81: 7 | Z81: 1 | AA81: 39 | AB81: 0 | AD81: =SUM(C81:AB81) -> 318 | AF81: Arenal | AG81: 210 | AH81: 200 | AI81: 200 | AJ81: 200 | AK81: 200 | AL81: 200 | AM81: 200 | AN81: 170 | AO81: 170 | AP81: 170 | AQ81: 150 | AR81: 150 | AS81: 190 | AT81: 190 | AU81: 190 | AV81: 210 | AW81: 210 | AX81: 210 | AY81: 210 | AZ81: 340 | BA81: 340 | BB81: 350 | BC81: 350 | BD81: 350 | BE81: 350 | BF81: =BE81 -> 350
B82: Mercado | C82: 26 | D82: 11 | E82: 44 | F82: 21 | G82: 32 | H82: 94 | I82: 22 | J82: 10 | K82: 23 | L82: 44 | M82: 8 | N82: 6 | O82: 11 | P82: 1 | Q82: 0 | R82: 1 | S82: 0 | T82: 3 | U82: 32 | V82: 0 | W82: 21 | X82: 1 | Y82: 15 | Z82: 11 | AA82: 5 | AB82: 0 | AD82: =SUM(C82:AB82) -> 442 | AF82: Mercado | AG82: 210 | AH82: 200 | AI82: 200 | AJ82: 200 | AK82: 200 | AL82: 200 | AM82: 200 | AN82: 170 | AO82: 170 | AP82: 170 | AQ82: 150 | AR82: 150 | AS82: 190 | AT82: 190 | AU82: 190 | AV82: 210 | AW82: 210 | AX82: 210 | AY82: 210 | AZ82: 340 | BA82: 340 | BB82: 350 | BC82: 350 | BD82: 350 | BE82: 350 | BF82: =BE82 -> 350
... B95: Intermodal Coronel | C95: 0 | D95: 3 | E95: 1 | F95: 1 | G95: 4 | H95: 971 | I95: 5 | J95: 2 | K95: 44 | L95: 23 | M95: 33 | N95: 8 | O95: 397 | P95: 174 | Q95: 20 | R95: 98 | S95: 52 | T95: 147 | U95: 128 | V95: 38 | W95: 370 | X95: 180 | Y95: 335 | Z95: 130 | AA95: 89 | AB95: 0 | AD95: =SUM(C95:AB95) -> 3253 | AF95: Coronel | AG95: 380 | AH95: 350 | AI95: 350 | AJ95: 350 | AK95: 350 | AL95: 340 | AM95: 340 | AN95: 350 | AO95: 350 | AP95: 350 | AQ95: 350 | AR95: 350 | AS95: 300 | AT95: 300 | AU95: 300 | AV95: 240 | AW95: 240 | AX95: 240 | AY95: 240 | AZ95: 190 | BA95: 190 | BB95: 150 | BC95: 150 | BD95: 150 | BE95: 150 | BF95: =BE95 -> 150
B96: Pasajero Lota | C96: 0 | D96: 0 | E96: 0 | F96: 0 | G96: 0 | H96: 0 | I96: 0 | J96: 0 | K96: 0 | L96: 0 | M96: 0 | N96: 0 | O96: 0 | P96: 0 | Q96: 0 | R96: 0 | S96: 0 | T96: 0 | U96: 0 | V96: 0 | W96: 0 | X96: 0 | Y96: 0 | Z96: 0 | AA96: 0 | AB96: 0 | AD96: =SUM(C96:AB96) -> 0 | AF96: Pasajero Lota | AG96: =AG95 -> 380 | AH96: =AH95 -> 350 | AI96: =AI95 -> 350 | AJ96: =AJ95 -> 350 | AK96: =AK95 -> 350 | AL96: =AL95 -> 340 | AM96: =AM95 -> 340 | AN96: =AN95 -> 350 | ... BF96: =BF95 -> 150
B97: Concepcion Centro | AD97: =SUM(C97:AB97) -> 0 | AF97: Concepcion Centro
B98: Total | C98: =SUM(C71:C96) -> 418 | D98: =SUM(D71:D96) -> 259 | E98: =SUM(E71:E96) -> 318 | F98: =SUM(F71:F96) -> 162 | G98: =SUM(G71:G96) -> 391 | H98: =SUM(H71:H96) -> 6603 | I98: =SUM(I71:I96) -> 227 | J98: =SUM(J71:J96) -> 215 | ... AD98: =SUM(AD71:AD96) -> 31006
B102: 01 al 31 de marzo | E102: Total Mes Tarjetas
B103: Estaciones | C103: Hualqui | D103: La Leonera | E103: Manquimávida | F103: Pedro Medina | G103: Chiguayante | H103: Concepción | I103: Lorenzo Arenas | J103: UTFSM | K103: Los Cóndores | L103: Higueras | M103: El Arenal | N103: Mercado | O103: Juan Pablo II | P103: Diagonal Biobío | Q103: Alborada | R103: Costa Mar | S103: El Parque | T103: Lomas Coloradas | U103: C. Raúl Silva H. | V103: Hito Galvarino | W103: Los Canelos | X103: Huinca | Y103: Cristo Redentor | Z103: Laguna Quiñenco | AA103: Intermodal Coronel | AB103: Pasajero Lota | AC103: Concepcion Centro | AD103: Total
B104: Hualqui | C104: =+C7+C39+C71 -> 413 | D104: =+D7+D39+D71 -> 143 | E104: =+E7+E39+E71 -> 383 | F104: =+F7+F39+F71 -> 833 | G104: =+G7+G39+G71 -> 676 | H104: =+H7+H39+H71 -> 6754 | I104: =+I7+I39+I71 -> 567 | J104: =+J7+J39+J71 -> 916 | ... AB104: =+AB7+AB39+AB71 -> 0 | AC104: 0 | AD104: =SUM(C104:AC104) -> 15124
B105: La Leonera | C105: =+C8+C40+C72 -> 295 | D105: =+D8+D40+D72 -> 252 | E105: =+E8+E40+E72 -> 176 | F105: =+F8+F40+F72 -> 107 | G105: =+G8+G40+G72 -> 255 | H105: =+H8+H40+H72 -> 3849 | I105: =+I8+I40+I72 -> 693 | J105: =+J8+J40+J72 -> 840 | ... AB105: =+AB8+AB40+AB72 -> 0 | AC105: 0 | AD105: =SUM(C105:AC105) -> 11365
B106: Manquimávida | C106: =+C9+C41+C73 -> 539 | D106: =+D9+D41+D73 -> 70 | E106: =+E9+E41+E73 -> 295 | F106: =+F9+F41+F73 -> 121 | G106: =+G9+G41+G73 -> 242 | H106: =+H9+H41+H73 -> 4415 | I106: =+I9+I41+I73 -> 586 | J106: =+J9+J41+J73 -> 643 | ... AB106: =+AB9+AB41+AB73 -> 0 | AC106: 0 | AD106: =SUM(C106:AC106) -> 11270
B107: Pedro Medina | C107: =+C10+C42+C74 -> 831 | D107: =+D10+D42+D74 -> 74 | E107: =+E10+E42+E74 -> 158 | F107: =+F10+F42+F74 -> 186 | G107: =+G10+G42+G74 -> 47 | H107: =+H10+H42+H74 -> 2089 | I107: =+I10+I42+I74 -> 320 | J107: =+J10+J42+J74 -> 559 | ... AB107: =+AB10+AB42+AB74 -> 0 | AC107: 0 | AD107: =SUM(C107:AC107) -> 7472
B108: Chiguayante | C108: =+C11+C43+C75 -> 929 | D108: =+D11+D43+D75 -> 230 | E108: =+E11+E43+E75 -> 274 | F108: =+F11+F43+F75 -> 27 | G108: =+G11+G43+G75 -> 412 | H108: =+H11+H43+H75 -> 3611 | I108: =+I11+I43+I75 -> 749 | J108: =+J11+J43+J75 -> 932 | ... AB108: =+AB11+AB43+AB75 -> 0 | AC108: 0 | AD108: =SUM(C108:AC108) -> 12666
B109: Concepción | C109: =+C12+C44+C76 -> 7807 | D109: =+D12+D44+D76 -> 2786 | E109: =+E12+E44+E76 -> 4040 | F109: =+F12+F44+F76 -> 1836 | G109: =+G12+G44+G76 -> 2774 | H109: =+H12+H44+H76 -> 7061 | I109: =+I12+I44+I76 -> 512 | J109: =+J12+J44+J76 -> 1383 | ... AB109: =+AB12+AB44+AB76 -> 0 | AC109: 0 | AD109: =SUM(C109:AC109) -> 172274
B110: Lorenzo Arenas | C110: =+C13+C45+C77 -> 620 | D110: =+D13+D45+D77 -> 448 | E110: =+E13+E45+E77 -> 532 | F110: =+F13+F45+F77 -> 325 | G110: =+G13+G45+G77 -> 607 | H110: =+H13+H45+H77 -> 537 | I110: =+I13+I45+I77 -> 109 | J110: =+J13+J45+J77 -> 145 | ... AB110: =+AB13+AB45+AB77 -> 0 | AC110: 0 | AD110: =SUM(C110:AC110) -> 6078
B111: UTFSM | C111: =+C14+C46+C78 -> 995 | D111: =+D14+D46+D78 -> 685 | E111: =+E14+E46+E78 -> 658 | F111: =+F14+F46+F78 -> 597 | G111: =+G14+G46+G78 -> 881 | H111: =+H14+H46+H78 -> 1594 | I111: =+I14+I46+I78 -> 212 | J111: =+J14+J46+J78 -> 248 | ... AB111: =+AB14+AB46+AB78 -> 0 | AC111: 0 | AD111: =SUM(C111:AC111) -> 12368
B112: Los Cóndores | C112: =+C15+C47+C79 -> 786 | D112: =+D15+D47+D79 -> 743 | E112: =+E15+E47+E79 -> 518 | F112: =+F15+F47+F79 -> 435 | G112: =+G15+G47+G79 -> 784 | H112: =+H15+H47+H79 -> 3200 | I112: =+I15+I47+I79 -> 321 | J112: =+J15+J47+J79 -> 372 | ... AB112: =+AB15+AB47+AB79 -> 0 | AC112: 0 | AD112: =SUM(C112:AC112) -> 11525
B113: Higueras | C113: =+C16+C48+C80 -> 461 | D113: =+D16+D48+D80 -> 508 | E113: =+E16+E48+E80 -> 540 | F113: =+F16+F48+F80 -> 463 | G113: =+G16+G48+G80 -> 635 | H113: =+H16+H48+H80 -> 2199 | I113: =+I16+I48+I80 -> 301 | J113: =+J16+J48+J80 -> 303 | ... AB113: =+AB16+AB48+AB80 -> 0 | AC113: 0 | AD113: =SUM(C113:AC113) -> 9117
B114: El Arenal | C114: =+C17+C49+C81 -> 526 | D114: =+D17+D49+D81 -> 401 | E114: =+E17+E49+E81 -> 351 | F114: =+F17+F49+F81 -> 213 | G114: =+G17+G49+G81 -> 330 | H114: =+H17+H49+H81 -> 1796 | I114: =+I17+I49+I81 -> 214 | J114: =+J17+J49+J81 -> 343 | ... AB114: =+AB17+AB49+AB81 -> 0 | AC114: 0 | AD114: =SUM(C114:AC114) -> 6548
B115: Mercado | C115: =+C18+C50+C82 -> 475 | D115: =+D18+D50+D82 -> 601 | E115: =+E18+E50+E82 -> 629 | F115: =+F18+F50+F82 -> 557 | G115: =+G18+G50+G82 -> 679 | H115: =+H18+H50+H82 -> 2009 | I115: =+I18+I50+I82 -> 355 | J115: =+J18+J50+J82 -> 612 | ... AB115: =+AB18+AB50+AB82 -> 0 | AC115: 0 | AD115: =SUM(C115:AC115) -> 10008
... B129: Pasajero Lota | C129: =+C32+C64+C96 -> 0 | D129: =+D32+D64+D96 -> 0 | E129: =+E32+E64+E96 -> 0 | F129: =+F32+F64+F96 -> 0 | G129: =+G32+G64+G96 -> 0 | H129: =+H32+H64+H96 -> 0 | I129: =+I32+I64+I96 -> 0 | J129: =+J32+J64+J96 -> 0 | ... AB129: =+AB32+AB64+AB96 -> 0 | AC129: 0 | AD129: =SUM(C129:AC129) -> 0
B130: Concepcion Centro | C130: 0 | D130: 0 | E130: 0 | F130: 0 | G130: 0 | H130: 0 | I130: 0 | J130: 0 | K130: 0 | L130: 0 | M130: 0 | N130: 0 | O130: 0 | P130: 0 | Q130: 0 | R130: 0 | S130: 0 | T130: 0 | U130: 0 | V130: 0 | W130: 0 | X130: 0 | Y130: 0 | Z130: 0 | AA130: 0 | AB130: 0 | AC130: 0 | AD130: =SUM(C130:AC130) -> 0
B131: Total | C131: =SUM(C104:C130) -> 16585 | D131: =SUM(D104:D130) -> 8565 | E131: =SUM(E104:E130) -> 10439 | F131: =SUM(F104:F130) -> 7220 | G131: =SUM(G104:G130) -> 10532 | H131: =SUM(H104:H130) -> 183607 | I131: =SUM(I104:I130) -> 6979 | J131: =SUM(J104:J130) -> 12268 | ... AC131: =SUM(AC104:AC130) -> 0 | AD131: =SUM(AD104:AD129) -> 797614
B133: CC a L2 | C133: =SUM(H116:H130)+SUM(O109:AC109) -> 280200
B134: L2/L1 | C134: =SUM(C116:G130)+SUM(I116:N130)+SUM(O104:AC108)+SUM(O110:AC115) -> 58093 | AE134: =SUMPRODUCT(C71:AC97,AG71:BG97)+SUMPRODUCT(C39:AC65,AG39:BG65)+SUMPRODUCT(C7:AC33,AG7:BG33) -> 316589870
AE135: =AE134/23 -> 13764777
A136: L1 | B136: =SUM(C104:N115) -> 120748 | C136: =B136/B$139 -> 0.15138651
A137: L2/L1 | B137: =AD131-B138-B136 -> 58093 | C137: =B137/B$139 -> 0.072833476
A138: L2 | B138: =SUM(H116:H130)+SUM(O109:AC109)+SUM(O116:AC130) -> 618773 | C138: =B138/B$139 -> 0.77578001
B139: =SUM(B136:B138) -> 797614

Sheet Abr 2023
C2: Matriz Origen-Destino Tarjetas Biotren
C3: Mes: ABRIL 2023 | G3: Periodo: 01 al 30 Abril
B5: 01 al 30 Abril | E5: T. Monedero
B6: Estaciones | C6: Hualqui | D6: La Leonera | E6: Manquimávida | F6: Pedro Medina | G6: Chiguayante | H6: Concepción | I6: Lorenzo Arenas | J6: UTFSM | K6: Los Cóndores | L6: Higueras | M6: El Arenal | N6: Mercado | O6: Juan Pablo II | P6: Diagonal Biobío | Q6: Alborada | R6: Costa Mar | S6: El Parque | T6: Lomas Coloradas | U6: C. Raúl Silva H. | V6: Hito Galvarino | W6: Los Canelos | X6: Huinca | Y6: Cristo Redentor | Z6: Laguna Quiñenco | AA6: Intermodal Coronel | AB6: Pasajero Lota | AC6: Concepcion Centro | AD6: Total | AF6: Estaciones | AG6: Hualqui | AH6: Leonera | AI6: Manquimavida | AJ6: Pedro Medina | AK6: Chiguayante | AL6: Concepcion | AM6: Lorenzo Arenas | AN6: UTFSM | AO6: Los Condores | AP6: Higueras | AQ6: Arenal | AR6: Mercado | AS6: Juan Pablo II | AT6: Diagonal Bio Bio | AU6: Alborada | AV6: Costa Mar | AW6: El Parque | AX6: Lomas Coloradas | AY6: Raul Silva H. | AZ6: Hito Galvarino | BA6: Los Canelos | BB6: Huinca | BC6: Cristo Redentor | BD6: Lag.Quiñenco | BE6: Coronel | BF6: Pasajero Lota | BG6: Concepcion Centro
B7: Hualqui | C7: 76 | D7: 165 | E7: 254 | F7: 394 | G7: 493 | H7: 5144 | I7: 521 | J7: 572 | K7: 516 | L7: 507 | M7: 410 | N7: 521 | O7: 432 | P7: 116 | Q7: 115 | R7: 211 | S7: 145 | T7: 189 | U7: 80 | V7: 71 | W7: 83 | X7: 44 | Y7: 29 | Z7: 72 | AA7: 174 | AB7: 0 | AC7: 0 | AD7: =SUM(C7:AC7) -> 11334 | AF7: Hualqui | AG7: 290 | AH7: 340 | AI7: 340 | AJ7: 340 | AK7: 340 | AL7: 390 | AM7: 390 | AN7: 400 | AO7: 400 | AP7: 400 | AQ7: 420 | AR7: 420 | AS7: 420 | AT7: 420 | AU7: 420 | AV7: 430 | AW7: 430 | AX7: 430 | AY7: 430 | AZ7: 700 | BA7: 700 | BB7: 740 | BC7: 740 | BD7: 750 | BE7: 750 | BF7: =BE7 -> 750
B8: La Leonera | C8: 245 | D8: 32 | E8: 81 | F8: 110 | G8: 189 | H8: 3032 | I8: 573 | J8: 532 | K8: 551 | L8: 443 | M8: 324 | N8: 622 | O8: 492 | P8: 175 | Q8: 101 | R8: 168 | S8: 250 | T8: 195 | U8: 96 | V8: 119 | W8: 157 | X8: 50 | Y8: 67 | Z8: 82 | AA8: 181 | AB8: 0 | AC8: 0 | AD8: =SUM(C8:AC8) -> 8867 | AF8: Leonera | AG8: 340 | AH8: 290 | AI8: 290 | AJ8: 290 | AK8: 290 | AL8: 360 | AM8: 360 | AN8: 390 | AO8: 390 | AP8: 390 | AQ8: 400 | AR8: 400 | AS8: 410 | AT8: 410 | AU8: 410 | AV8: 420 | AW8: 420 | AX8: 420 | AY8: 420 | AZ8: 690 | BA8: 690 | BB8: 700 | BC8: 700 | BD8: 700 | BE8: 700 | BF8: =BE8 -> 700
B9: Manquimávida | C9: 349 | D9: 84 | E9: 31 | F9: 79 | G9: 178 | H9: 3510 | I9: 470 | J9: 419 | K9: 391 | L9: 475 | M9: 300 | N9: 507 | O9: 455 | P9: 81 | Q9: 79 | R9: 165 | S9: 147 | T9: 140 | U9: 173 | V9: 86 | W9: 209 | X9: 62 | Y9: 51 | Z9: 34 | AA9: 194 | AB9: 0 | AC9: 0 | AD9: =SUM(C9:AC9) -> 8669 | AF9: Manquimavida | AG9: 340 | AH9: 290 | AI9: 290 | AJ9: 290 | AK9: 290 | AL9: 360 | AM9: 360 | AN9: 390 | AO9: 390 | AP9: 390 | AQ9: 400 | AR9: 400 | AS9: 410 | AT9: 410 | AU9: 410 | AV9: 420 | AW9: 420 | AX9: 420 | AY9: 420 | AZ9: 690 | BA9: 690 | BB9: 700 | BC9: 700 | BD9: 700 | BE9: 700 | BF9: =BE9 -> 700
B10: Pedro Medina | C10: 646 | D10: 75 | E10: 102 | F10: 13 | G10: 38 | H10: 1654 | I10: 311 | J10: 358 | K10: 401 | L10: 394 | M10: 161 | N10: 431 | O10: 302 | P10: 154 | Q10: 14 | R10: 154 | S10: 219 | T10: 141 | U10: 80 | V10: 103 | W10: 61 | X10: 31 | Y10: 58 | Z10: 17 | AA10: 133 | AB10: 0 | AC10: 0 | AD10: =SUM(C10:AC10) -> 6051 | AF10: Pedro Medina | AG10: 340 | AH10: 290 | AI10: 290 | AJ10: 290 | AK10: 290 | AL10: 360 | AM10: 360 | AN10: 390 | AO10: 390 | AP10: 390 | AQ10: 400 | AR10: 400 | AS10: 410 | AT10: 410 | AU10: 410 | AV10: 420 | AW10: 420 | AX10: 420 | AY10: 420 | AZ10: 690 | BA10: 690 | BB10: 700 | BC10: 700 | BD10: 700 | BE10: 700 | BF10: =BE10 -> 700
B11: Chiguayante | C11: 767 | D11: 136 | E11: 233 | F11: 23 | G11: 28 | H11: 2861 | I11: 566 | J11: 699 | K11: 639 | L11: 799 | M11: 363 | N11: 749 | O11: 293 | P11: 151 | Q11: 69 | R11: 274 | S11: 146 | T11: 314 | U11: 107 | V11: 66 | W11: 174 | X11: 78 | Y11: 90 | Z11: 89 | AA11: 241 | AB11: 0 | AC11: 0 | AD11: =SUM(C11:AC11) -> 9955 | AF11: Chiguayante | AG11: 340 | AH11: 290 | AI11: 290 | AJ11: 290 | AK11: 290 | AL11: 360 | AM11: 360 | AN11: 390 | AO11: 390 | AP11: 390 | AQ11: 400 | AR11: 400 | AS11: 410 | AT11: 410 | AU11: 410 | AV11: 420 | AW11: 420 | AX11: 420 | AY11: 420 | AZ11: 690 | BA11: 690 | BB11: 700 | BC11: 700 | BD11: 700 | BE11: 700 | BF11: =BE11 -> 700
B12: Concepción | C12: 6359 | D12: 2608 | E12: 3330 | F12: 1653 | G12: 2384 | H12: 3868 | I12: 421 | J12: 998 | K12: 2476 | L12: 1799 | M12: 1470 | N12: 1371 | O12: 1685 | P12: 1586 | Q12: 2122 | R12: 10153 | S12: 3200 | T12: 14238 | U12: 10703 | V12: 5090 | W12: 12983 | X12: 7404 | Y12: 11690 | Z12: 9831 | AA12: 12213 | AB12: 0 | AC12: 0 | AD12: =SUM(C12:AC12) -> 131635 | AF12: Concepcion | AG12: 390 | AH12: 360 | AI12: 360 | AJ12: 360 | AK12: 360 | AL12: 290 | AM12: 290 | AN12: 340 | AO12: 340 | AP12: 340 | AQ12: 390 | AR12: 390 | AS12: 390 | AT12: 390 | AU12: 390 | AV12: 400 | AW12: 400 | AX12: 400 | AY12: 400 | AZ12: 650 | BA12: 650 | BB12: 650 | BC12: 650 | BD12: 670 | BE12: 670 | BF12: =BE12 -> 670
B13: Lorenzo Arenas | C13: 540 | D13: 425 | E13: 387 | F13: 337 | G13: 478 | H13: 439 | I13: 13 | J13: 52 | K13: 210 | L13: 328 | M13: 207 | N13: 322 | O13: 25 | P13: 54 | Q13: 47 | R13: 223 | S13: 52 | T13: 243 | U13: 143 | V13: 84 | W13: 151 | X13: 76 | Y13: 193 | Z13: 68 | AA13: 134 | AB13: 0 | AC13: 0 | AD13: =SUM(C13:AC13) -> 5231 | AF13: Lorenzo Arenas | AG13: 390 | AH13: 360 | AI13: 360 | AJ13: 360 | AK13: 360 | AL13: 290 | AM13: 290 | AN13: 340 | AO13: 340 | AP13: 340 | AQ13: 390 | AR13: 390 | AS13: 390 | AT13: 390 | AU13: 390 | AV13: 400 | AW13: 400 | AX13: 400 | AY13: 400 | AZ13: 650 | BA13: 650 | BB13: 650 | BC13: 650 | BD13: 670 | BE13: 670 | BF13: =BE13 -> 670
B14: UTFSM | C14: 685 | D14: 500 | E14: 452 | F14: 402 | G14: 722 | H14: 1136 | I14: 141 | J14: 11 | K14: 300 | L14: 454 | M14: 236 | N14: 550 | O14: 139 | P14: 142 | Q14: 125 | R14: 385 | S14: 141 | T14: 243 | U14: 157 | V14: 196 | W14: 246 | X14: 250 | Y14: 225 | Z14: 248 | AA14: 236 | AB14: 0 | AC14: 0 | AD14: =SUM(C14:AC14) -> 8322 | AF14: UTFSM | AG14: 400 | AH14: 390 | AI14: 390 | AJ14: 390 | AK14: 390 | AL14: 340 | AM14: 340 | AN14: 290 | AO14: 290 | AP14: 290 | AQ14: 340 | AR14: 340 | AS14: 380 | AT14: 380 | AU14: 380 | AV14: 420 | AW14: 420 | AX14: 420 | AY14: 420 | AZ14: 660 | BA14: 660 | BB14: 670 | BC14: 670 | BD14: 690 | BE14: 690 | BF14: =BE14 -> 690
B15: Los Cóndores | C15: 645 | D15: 754 | E15: 402 | F15: 374 | G15: 593 | H15: 2700 | I15: 253 | J15: 290 | K15: 32 | L15: 82 | M15: 167 | N15: 254 | O15: 332 | P15: 137 | Q15: 96 | R15: 255 | S15: 134 | T15: 442 | U15: 186 | V15: 266 | W15: 374 | X15: 149 | Y15: 162 | Z15: 176 | AA15: 435 | AB15: 0 | AC15: 0 | AD15: =SUM(C15:AC15) -> 9690 | AF15: Los Condores | AG15: 400 | AH15: 390 | AI15: 390 | AJ15: 390 | AK15: 390 | AL15: 340 | AM15: 340 | AN15: 290 | AO15: 290 | AP15: 290 | AQ15: 340 | AR15: 340 | AS15: 380 | AT15: 380 | AU15: 380 | AV15: 420 | AW15: 420 | AX15: 420 | AY15: 420 | AZ15: 660 | BA15: 660 | BB15: 670 | BC15: 670 | BD15: 690 | BE15: 690 | BF15: =BE15 -> 690
B16: Higueras | C16: 412 | D16: 402 | E16: 480 | F16: 381 | G16: 578 | H16: 2067 | I16: 317 | J16: 227 | K16: 53 | L16: 19 | M16: 38 | N16: 246 | O16: 252 | P16: 181 | Q16: 88 | R16: 267 | S16: 153 | T16: 341 | U16: 252 | V16: 114 | W16: 221 | X16: 154 | Y16: 152 | Z16: 231 | AA16: 250 | AB16: 0 | AC16: 0 | AD16: =SUM(C16:AC16) -> 7876 | AF16: Higueras | AG16: 400 | AH16: 390 | AI16: 390 | AJ16: 390 | AK16: 390 | AL16: 340 | AM16: 340 | AN16: 290 | AO16: 290 | AP16: 290 | AQ16: 340 | AR16: 340 | AS16: 380 | AT16: 380 | AU16: 380 | AV16: 420 | AW16: 420 | AX16: 420 | AY16: 420 | AZ16: 660 | BA16: 660 | BB16: 670 | BC16: 670 | BD16: 690 | BE16: 690 | BF16: =BE16 -> 690
B17: El Arenal | C17: 414 | D17: 288 | E17: 318 | F17: 222 | G17: 311 | H17: 1570 | I17: 181 | J17: 270 | K17: 117 | L17: 49 | M17: 5 | N17: 29 | O17: 200 | P17: 150 | Q17: 72 | R17: 170 | S17: 69 | T17: 205 | U17: 98 | V17: 141 | W17: 212 | X17: 85 | Y17: 77 | Z17: 76 | AA17: 239 | AB17: 0 | AC17: 0 | AD17: =SUM(C17:AC17) -> 5568 | AF17: Arenal | AG17: 420 | AH17: 400 | AI17: 400 | AJ17: 400 | AK17: 400 | AL17: 390 | AM17: 390 | AN17: 340 | AO17: 340 | AP17: 340 | AQ17: 290 | AR17: 290 | AS17: 380 | AT17: 380 | AU17: 380 | AV17: 420 | AW17: 420 | AX17: 420 | AY17: 420 | AZ17: 670 | BA17: 670 | BB17: 690 | BC17: 690 | BD17: 700 | BE17: 700 | BF17: =BE17 -> 700
B18: Mercado | C18: 474 | D18: 539 | E18: 484 | F18: 530 | G18: 666 | H18: 1650 | I18: 260 | J18: 460 | K18: 299 | L18: 231 | M18: 74 | N18: 31 | O18: 242 | P18: 173 | Q18: 105 | R18: 391 | S18: 108 | T18: 466 | U18: 396 | V18: 235 | W18: 409 | X18: 153 | Y18: 326 | Z18: 210 | AA18: 335 | AB18: 0 | AC18: 0 | AD18: =SUM(C18:AC18) -> 9247 | AF18: Mercado | AG18: 420 | AH18: 400 | AI18: 400 | AJ18: 400 | AK18: 400 | AL18: 390 | AM18: 390 | AN18: 340 | AO18: 340 | AP18: 340 | AQ18: 290 | AR18: 290 | AS18: 380 | AT18: 380 | AU18: 380 | AV18: 420 | AW18: 420 | AX18: 420 | AY18: 420 | AZ18: 670 | BA18: 670 | BB18: 690 | BC18: 690 | BD18: 700 | BE18: 700 | BF18: =BE18 -> 700
... B31: Intermodal Coronel | C31: 177 | D31: 156 | E31: 206 | F31: 111 | G31: 218 | H31: 16788 | I31: 195 | J31: 378 | K31: 501 | L31: 267 | M31: 238 | N31: 437 | O31: 5081 | P31: 2310 | Q31: 571 | R31: 1888 | S31: 1192 | T31: 2022 | U31: 1418 | V31: 863 | W31: 2149 | X31: 1434 | Y31: 2152 | Z31: 1260 | AA31: 65 | AB31: 0 | AC31: 0 | AD31: =SUM(C31:AC31) -> 42077 | AF31: Coronel | AG31: 750 | AH31: 700 | AI31: 700 | AJ31: 700 | AK31: 700 | AL31: 670 | AM31: 670 | AN31: 690 | AO31: 690 | AP31: 690 | AQ31: 700 | AR31: 700 | AS31: 600 | AT31: 600 | AU31: 600 | AV31: 470 | AW31: 470 | AX31: 470 | AY31: 470 | AZ31: 380 | BA31: 380 | BB31: 290 | BC31: 290 | BD31: 290 | BE31: 290 | BF31: =BE31 -> 290
B32: Pasajero Lota | C32: 0 | D32: 0 | E32: 0 | F32: 0 | G32: 0 | H32: 0 | I32: 0 | J32: 0 | K32: 0 | L32: 0 | M32: 0 | N32: 0 | O32: 0 | P32: 0 | Q32: 0 | R32: 0 | S32: 0 | T32: 0 | U32: 0 | V32: 0 | W32: 0 | X32: 0 | Y32: 0 | Z32: 0 | AA32: 0 | AB32: 0 | AC32: 0 | AD32: =SUM(C32:AC32) -> 0 | AF32: Pasajero Lota | AG32: =AG31 -> 750 | AH32: =AH31 -> 700 | AI32: =AI31 -> 700 | AJ32: =AJ31 -> 700 | AK32: =AK31 -> 700 | AL32: =AL31 -> 670 | AM32: =AM31 -> 670 | AN32: =AN31 -> 690 | ... BF32: =BF31 -> 290
B33: Concepcion Centro | C33: 0 | D33: 0 | E33: 0 | F33: 0 | G33: 0 | H33: 0 | I33: 0 | J33: 0 | K33: 0 | L33: 0 | M33: 0 | N33: 0 | O33: 0 | P33: 0 | Q33: 0 | R33: 0 | S33: 0 | T33: 0 | U33: 0 | V33: 0 | W33: 0 | X33: 0 | Y33: 0 | Z33: 0 | AA33: 0 | AB33: 0 | AC33: 0 | AD33: =SUM(C33:AC33) -> 0 | AF33: Concepcion Centro
B34: Total | C34: =SUM(C7:C33) -> 13257 | D34: =SUM(D7:D33) -> 7709 | E34: =SUM(E7:E33) -> 8178 | F34: =SUM(F7:F33) -> 5952 | G34: =SUM(G7:G33) -> 8708 | H34: =SUM(H7:H33) -> 148542 | I34: =SUM(I7:I33) -> 6030 | J34: =SUM(J7:J33) -> 7982 | ... AD34: =SUM(AD7:AD33) -> 589838
B37: =+B5 -> 01 al 30 Abril | E37: T. Estudiante
B38: Estaciones | C38: Hualqui | D38: La Leonera | E38: Manquimávida | F38: Pedro Medina | G38: Chiguayante | H38: Concepción | I38: Lorenzo Arenas | J38: UTFSM | K38: Los Cóndores | L38: Higueras | M38: El Arenal | N38: Mercado | O38: Juan Pablo II | P38: Diagonal Biobío | Q38: Alborada | R38: Costa Mar | S38: El Parque | T38: Lomas Coloradas | U38: C. Raúl Silva H. | V38: Hito Galvarino | W38: Los Canelos | X38: Huinca | Y38: Cristo Redentor | Z38: Laguna Quiñenco | AA38: Intermodal Coronel | AB38: Pasajero Lota | AC38: Concepcion Centro | AD38: Total | AF38: Estaciones | AG38: Hualqui | AH38: Leonera | AI38: Manquimavida | AJ38: Pedro Medina | AK38: Chiguayante | AL38: Concepcion | AM38: Lorenzo Arenas | AN38: UTFSM | AO38: Los Condores | AP38: Higueras | AQ38: Arenal | AR38: Mercado | AS38: Juan Pablo II | AT38: Diagonal Bio Bio | AU38: Alborada | AV38: Costa Mar | AW38: El Parque | AX38: Lomas Coloradas | AY38: Raul Silva H. | AZ38: Hito Galvarino | BA38: Los Canelos | BB38: Huinca | BC38: Cristo Redentor | BD38: Lag.Quiñenco | BE38: Coronel | BF38: Pasajero Lota | BG38: Concepcion Centro
B39: Hualqui | C39: 27 | D39: 4 | E39: 118 | F39: 340 | G39: 131 | H39: 1125 | I39: 28 | J39: 245 | K39: 62 | L39: 93 | M39: 9 | N39: 36 | O39: 26 | P39: 29 | Q39: 0 | R39: 40 | S39: 6 | T39: 3 | U39: 3 | V39: 3 | W39: 4 | X39: 1 | Y39: 1 | Z39: 1 | AA39: 2 | AB39: 0 | AC39: 0 | AD39: =SUM(C39:AC39) -> 2337 | AF39: Hualqui | AG39: 100 | AH39: 120 | AI39: 120 | AJ39: 120 | AK39: 120 | AL39: 130 | AM39: 130 | AN39: 130 | AO39: 130 | AP39: 130 | AQ39: 140 | AR39: 140 | AS39: 140 | AT39: 140 | AU39: 140 | AV39: 140 | AW39: 140 | AX39: 140 | AY39: 140 | AZ39: 240 | BA39: 240 | BB39: 250 | BC39: 250 | BD39: 250 | BE39: 250 | BF39: =BE39 -> 250
B40: La Leonera | C40: 24 | D40: 2 | E40: 31 | F40: 9 | G40: 29 | H40: 428 | I40: 39 | J40: 198 | K40: 20 | L40: 77 | M40: 51 | N40: 52 | O40: 19 | P40: 11 | Q40: 2 | R40: 13 | S40: 22 | T40: 12 | U40: 18 | V40: 31 | W40: 36 | X40: 1 | Y40: 8 | Z40: 7 | AA40: 4 | AB40: 0 | AC40: 0 | AD40: =SUM(C40:AC40) -> 1144 | AF40: Leonera | AG40: 120 | AH40: 100 | AI40: 100 | AJ40: 100 | AK40: 100 | AL40: 120 | AM40: 120 | AN40: 130 | AO40: 130 | AP40: 130 | AQ40: 130 | AR40: 130 | AS40: 140 | AT40: 140 | AU40: 140 | AV40: 140 | AW40: 140 | AX40: 140 | AY40: 140 | AZ40: 230 | BA40: 230 | BB40: 230 | BC40: 230 | BD40: 240 | BE40: 240 | BF40: =BE40 -> 240
B41: Manquimávida | C41: 179 | D41: 27 | E41: 2 | F41: 15 | G41: 25 | H41: 503 | I41: 39 | J41: 186 | K41: 29 | L41: 31 | M41: 1 | N41: 38 | O41: 13 | P41: 2 | Q41: 1 | R41: 9 | S41: 2 | T41: 50 | U41: 27 | V41: 3 | W41: 21 | X41: 30 | Y41: 4 | Z41: 6 | AA41: 3 | AB41: 0 | AC41: 0 | AD41: =SUM(C41:AC41) -> 1246 | AF41: Manquimavida | AG41: 120 | AH41: 100 | AI41: 100 | AJ41: 100 | AK41: 100 | AL41: 120 | AM41: 120 | AN41: 130 | AO41: 130 | AP41: 130 | AQ41: 130 | AR41: 130 | AS41: 140 | AT41: 140 | AU41: 140 | AV41: 140 | AW41: 140 | AX41: 140 | AY41: 140 | AZ41: 230 | BA41: 230 | BB41: 230 | BC41: 230 | BD41: 240 | BE41: 240 | BF41: =BE41 -> 240
B42: Pedro Medina | C42: 440 | D42: 3 | E42: 38 | F42: 0 | G42: 0 | H42: 250 | I42: 7 | J42: 99 | K42: 3 | L42: 54 | M42: 2 | N42: 7 | O42: 4 | P42: 25 | Q42: 0 | R42: 9 | S42: 0 | T42: 8 | U42: 17 | V42: 8 | W42: 38 | X42: 0 | Y42: 13 | Z42: 3 | AA42: 6 | AB42: 0 | AC42: 0 | AD42: =SUM(C42:AC42) -> 1034 | AF42: Pedro Medina | AG42: 120 | AH42: 100 | AI42: 100 | AJ42: 100 | AK42: 100 | AL42: 120 | AM42: 120 | AN42: 130 | AO42: 130 | AP42: 130 | AQ42: 130 | AR42: 130 | AS42: 140 | AT42: 140 | AU42: 140 | AV42: 140 | AW42: 140 | AX42: 140 | AY42: 140 | AZ42: 230 | BA42: 230 | BB42: 230 | BC42: 230 | BD42: 240 | BE42: 240 | BF42: =BE42 -> 240
B43: Chiguayante | C43: 174 | D43: 14 | E43: 41 | F43: 1 | G43: 6 | H43: 316 | I43: 39 | J43: 232 | K43: 49 | L43: 120 | M43: 16 | N43: 21 | O43: 18 | P43: 1 | Q43: 15 | R43: 17 | S43: 25 | T43: 49 | U43: 15 | V43: 22 | W43: 10 | X43: 9 | Y43: 6 | Z43: 1 | AA43: 10 | AB43: 0 | AC43: 0 | AD43: =SUM(C43:AC43) -> 1227 | AF43: Chiguayante | AG43: 120 | AH43: 100 | AI43: 100 | AJ43: 100 | AK43: 100 | AL43: 120 | AM43: 120 | AN43: 130 | AO43: 130 | AP43: 130 | AQ43: 130 | AR43: 130 | AS43: 140 | AT43: 140 | AU43: 140 | AV43: 140 | AW43: 140 | AX43: 140 | AY43: 140 | AZ43: 230 | BA43: 230 | BB43: 230 | BC43: 230 | BD43: 240 | BE43: 240 | BF43: =BE43 -> 240
B44: Concepción | C44: 1123 | D44: 307 | E44: 431 | F44: 201 | G44: 256 | H44: 834 | I44: 81 | J44: 284 | K44: 361 | L44: 247 | M44: 129 | N44: 116 | O44: 359 | P44: 309 | Q44: 464 | R44: 2510 | S44: 606 | T44: 5004 | U44: 4130 | V44: 3112 | W44: 8028 | X44: 4849 | Y44: 8310 | Z44: 6347 | AA44: 7292 | AB44: 0 | AC44: 0 | AD44: =SUM(C44:AC44) -> 55690 | AF44: Concepcion | AG44: 130 | AH44: 120 | AI44: 120 | AJ44: 120 | AK44: 120 | AL44: 100 | AM44: 100 | AN44: 120 | AO44: 120 | AP44: 120 | AQ44: 130 | AR44: 130 | AS44: 130 | AT44: 130 | AU44: 130 | AV44: 140 | AW44: 140 | AX44: 140 | AY44: 140 | AZ44: 220 | BA44: 220 | BB44: 220 | BC44: 220 | BD44: 220 | BE44: 220 | BF44: =BE44 -> 220
B45: Lorenzo Arenas | C45: 17 | D45: 16 | E45: 41 | F45: 8 | G45: 35 | H45: 81 | I45: 1 | J45: 52 | K45: 10 | L45: 41 | M45: 18 | N45: 53 | O45: 2 | P45: 0 | Q45: 15 | R45: 31 | S45: 13 | T45: 35 | U45: 14 | V45: 13 | W45: 12 | X45: 11 | Y45: 9 | Z45: 25 | AA45: 45 | AB45: 0 | AC45: 0 | AD45: =SUM(C45:AC45) -> 598 | AF45: Lorenzo Arenas | AG45: 130 | AH45: 120 | AI45: 120 | AJ45: 120 | AK45: 120 | AL45: 100 | AM45: 100 | AN45: 120 | AO45: 120 | AP45: 120 | AQ45: 130 | AR45: 130 | AS45: 130 | AT45: 130 | AU45: 130 | AV45: 140 | AW45: 140 | AX45: 140 | AY45: 140 | AZ45: 220 | BA45: 220 | BB45: 220 | BC45: 220 | BD45: 220 | BE45: 220 | BF45: =BE45 -> 220
B46: UTFSM | C46: 179 | D46: 131 | E46: 140 | F46: 63 | G46: 217 | H46: 376 | I46: 69 | J46: 0 | K46: 90 | L46: 61 | M46: 42 | N46: 26 | O46: 63 | P46: 16 | Q46: 27 | R46: 131 | S46: 49 | T46: 96 | U46: 113 | V46: 113 | W46: 218 | X46: 157 | Y46: 283 | Z46: 287 | AA46: 147 | AB46: 0 | AC46: 0 | AD46: =SUM(C46:AC46) -> 3094 | AF46: UTFSM | AG46: 130 | AH46: 130 | AI46: 130 | AJ46: 130 | AK46: 130 | AL46: 120 | AM46: 120 | AN46: 100 | AO46: 100 | AP46: 100 | AQ46: 120 | AR46: 120 | AS46: 130 | AT46: 130 | AU46: 130 | AV46: 140 | AW46: 140 | AX46: 140 | AY46: 140 | AZ46: 220 | BA46: 220 | BB46: 220 | BC46: 220 | BD46: 230 | BE46: 230 | BF46: =BE46 -> 230
B47: Los Cóndores | C47: 49 | D47: 18 | E47: 43 | F47: 9 | G47: 52 | H47: 398 | I47: 25 | J47: 100 | K47: 3 | L47: 22 | M47: 5 | N47: 23 | O47: 6 | P47: 34 | Q47: 3 | R47: 36 | S47: 3 | T47: 14 | U47: 50 | V47: 33 | W47: 46 | X47: 52 | Y47: 32 | Z47: 45 | AA47: 26 | AB47: 0 | AC47: 0 | AD47: =SUM(C47:AC47) -> 1127 | AF47: Los Condores | AG47: 130 | AH47: 130 | AI47: 130 | AJ47: 130 | AK47: 130 | AL47: 120 | AM47: 120 | AN47: 100 | AO47: 100 | AP47: 100 | AQ47: 120 | AR47: 120 | AS47: 130 | AT47: 130 | AU47: 130 | AV47: 140 | AW47: 140 | AX47: 140 | AY47: 140 | AZ47: 220 | BA47: 220 | BB47: 220 | BC47: 220 | BD47: 230 | BE47: 230 | BF47: =BE47 -> 230
B48: Higueras | C48: 85 | D48: 62 | E48: 29 | F48: 38 | G48: 81 | H48: 294 | I48: 28 | J48: 82 | K48: 5 | L48: 0 | M48: 2 | N48: 27 | O48: 11 | P48: 19 | Q48: 0 | R48: 39 | S48: 5 | T48: 70 | U48: 67 | V48: 10 | W48: 68 | X48: 15 | Y48: 42 | Z48: 35 | AA48: 91 | AB48: 0 | AC48: 0 | AD48: =SUM(C48:AC48) -> 1205 | AF48: Higueras | AG48: 130 | AH48: 130 | AI48: 130 | AJ48: 130 | AK48: 130 | AL48: 120 | AM48: 120 | AN48: 100 | AO48: 100 | AP48: 100 | AQ48: 120 | AR48: 120 | AS48: 130 | AT48: 130 | AU48: 130 | AV48: 140 | AW48: 140 | AX48: 140 | AY48: 140 | AZ48: 220 | BA48: 220 | BB48: 220 | BC48: 220 | BD48: 230 | BE48: 230 | BF48: =BE48 -> 230
B49: El Arenal | C49: 17 | D49: 27 | E49: 1 | F49: 10 | G49: 27 | H49: 179 | I49: 19 | J49: 62 | K49: 18 | L49: 0 | M49: 1 | N49: 1 | O49: 20 | P49: 3 | Q49: 4 | R49: 14 | S49: 1 | T49: 25 | U49: 23 | V49: 1 | W49: 5 | X49: 9 | Y49: 16 | Z49: 29 | AA49: 20 | AB49: 0 | AC49: 0 | AD49: =SUM(C49:AC49) -> 532 | AF49: Arenal | AG49: 140 | AH49: 130 | AI49: 130 | AJ49: 130 | AK49: 130 | AL49: 130 | AM49: 130 | AN49: 120 | AO49: 120 | AP49: 120 | AQ49: 100 | AR49: 100 | AS49: 130 | AT49: 130 | AU49: 130 | AV49: 140 | AW49: 140 | AX49: 140 | AY49: 140 | AZ49: 220 | BA49: 220 | BB49: 230 | BC49: 230 | BD49: 230 | BE49: 230 | BF49: =BE49 -> 230
B50: Mercado | C50: 37 | D50: 49 | E50: 13 | F50: 7 | G50: 14 | H50: 257 | I50: 26 | J50: 101 | K50: 5 | L50: 34 | M50: 4 | N50: 5 | O50: 9 | P50: 12 | Q50: 4 | R50: 35 | S50: 9 | T50: 44 | U50: 37 | V50: 27 | W50: 41 | X50: 50 | Y50: 66 | Z50: 50 | AA50: 53 | AB50: 0 | AC50: 0 | AD50: =SUM(C50:AC50) -> 989 | AF50: Mercado | AG50: 140 | AH50: 130 | AI50: 130 | AJ50: 130 | AK50: 130 | AL50: 130 | AM50: 130 | AN50: 120 | AO50: 120 | AP50: 120 | AQ50: 100 | AR50: 100 | AS50: 130 | AT50: 130 | AU50: 130 | AV50: 140 | AW50: 140 | AX50: 140 | AY50: 140 | AZ50: 220 | BA50: 220 | BB50: 230 | BC50: 230 | BD50: 230 | BE50: 230 | BF50: =BE50 -> 230
... B63: Intermodal Coronel | C63: 2 | D63: 2 | E63: 3 | F63: 8 | G63: 10 | H63: 9590 | I63: 55 | J63: 248 | K63: 59 | L63: 141 | M63: 26 | N63: 97 | O63: 1856 | P63: 713 | Q63: 36 | R63: 462 | S63: 56 | T63: 201 | U63: 205 | V63: 153 | W63: 472 | X63: 320 | Y63: 377 | Z63: 206 | AA63: 23 | AB63: 0 | AC63: 0 | AD63: =SUM(C63:AC63) -> 15321 | AF63: Coronel | AG63: 250 | AH63: 240 | AI63: 240 | AJ63: 240 | AK63: 240 | AL63: 220 | AM63: 220 | AN63: 230 | AO63: 230 | AP63: 230 | AQ63: 230 | AR63: 230 | AS63: 200 | AT63: 200 | AU63: 200 | AV63: 160 | AW63: 160 | AX63: 160 | AY63: 160 | AZ63: 130 | BA63: 130 | BB63: 100 | BC63: 100 | BD63: 100 | BE63: 100 | BF63: =BE63 -> 100
B64: Pasajero Lota | C64: 0 | D64: 0 | E64: 0 | F64: 0 | G64: 0 | H64: 0 | I64: 0 | J64: 0 | K64: 0 | L64: 0 | M64: 0 | N64: 0 | O64: 0 | P64: 0 | Q64: 0 | R64: 0 | S64: 0 | T64: 0 | U64: 0 | V64: 0 | W64: 0 | X64: 0 | Y64: 0 | Z64: 0 | AA64: 0 | AB64: 0 | AC64: 0 | AD64: =SUM(C64:AC64) -> 0 | AF64: Pasajero Lota | AG64: =AG63 -> 250 | AH64: =AH63 -> 240 | AI64: =AI63 -> 240 | AJ64: =AJ63 -> 240 | AK64: =AK63 -> 240 | AL64: =AL63 -> 220 | AM64: =AM63 -> 220 | AN64: =AN63 -> 230 | ... BF64: =BF63 -> 100
B65: Concepcion Centro | C65: 0 | D65: 0 | E65: 0 | F65: 0 | G65: 0 | H65: 0 | I65: 0 | J65: 0 | K65: 0 | L65: 0 | M65: 0 | N65: 0 | O65: 0 | P65: 0 | Q65: 0 | R65: 0 | S65: 0 | T65: 0 | U65: 0 | V65: 0 | W65: 0 | X65: 0 | Y65: 0 | Z65: 0 | AA65: 0 | AB65: 0 | AC65: 0 | AD65: =SUM(C65:AC65) -> 0 | AF65: Concepcion Centro
B66: Total | C66: =SUM(C39:C65) -> 2440 | D66: =SUM(D39:D65) -> 812 | E66: =SUM(E39:E65) -> 1056 | F66: =SUM(F39:F65) -> 857 | G66: =SUM(G39:G65) -> 1058 | H66: =SUM(H39:H65) -> 59871 | I66: =SUM(I39:I65) -> 731 | J66: =SUM(J39:J65) -> 3623 | ... AD66: =SUM(AD39:AD65) -> 182626
B69: =+B37 -> 01 al 30 Abril | E69: T. Tercera Edad
B70: Estaciones | C70: Hualqui | D70: La Leonera | E70: Manquimávida | F70: Pedro Medina | G70: Chiguayante | H70: Concepción | I70: Lorenzo Arenas | J70: UTFSM | K70: Los Cóndores | L70: Higueras | M70: El Arenal | N70: Mercado | O70: Juan Pablo II | P70: Diagonal Biobío | Q70: Alborada | R70: Costa Mar | S70: El Parque | T70: Lomas Coloradas | U70: C. Raúl Silva H. | V70: Hito Galvarino | W70: Los Canelos | X70: Huinca | Y70: Cristo Redentor | Z70: Laguna Quiñenco | AA70: Intermodal Coronel | AB70: Pasajero Lota | AC70: Concepcion Centro | AD70: Total | AF70: Estaciones | AG70: Hualqui | AH70: Leonera | AI70: Manquimavida | AJ70: Pedro Medina | AK70: Chiguayante | AL70: Concepcion | AM70: Lorenzo Arenas | AN70: UTFSM | AO70: Los Condores | AP70: Higueras | AQ70: Arenal | AR70: Mercado | AS70: Juan Pablo II | AT70: Diagonal Bio Bio | AU70: Alborada | AV70: Costa Mar | AW70: El Parque | AX70: Lomas Coloradas | AY70: Raul Silva H. | AZ70: Hito Galvarino | BA70: Los Canelos | BB70: Huinca | BC70: Cristo Redentor | BD70: Lag.Quiñenco | BE70: Coronel | BF70: Pasajero Lota | BG70: Concepcion Centro
B71: Hualqui | C71: 2 | D71: 0 | E71: 9 | F71: 15 | G71: 14 | H71: 210 | I71: 5 | J71: 14 | K71: 15 | L71: 4 | M71: 32 | N71: 19 | O71: 26 | P71: 0 | Q71: 0 | R71: 4 | S71: 11 | T71: 8 | U71: 2 | V71: 1 | W71: 4 | X71: 0 | Y71: 0 | Z71: 0 | AA71: 1 | AB71: 0 | AC71: 0 | AD71: =SUM(C71:AC71) -> 396 | AF71: Hualqui | AG71: 150 | AH71: 170 | AI71: 170 | AJ71: 170 | AK71: 170 | AL71: 200 | AM71: 200 | AN71: 200 | AO71: 200 | AP71: 200 | AQ71: 210 | AR71: 210 | AS71: 210 | AT71: 210 | AU71: 210 | AV71: 220 | AW71: 220 | AX71: 220 | AY71: 220 | AZ71: 350 | BA71: 350 | BB71: 370 | BC71: 370 | BD71: 380 | BE71: 380 | BF71: =BE71 -> 380
B72: La Leonera | C72: 1 | D72: 0 | E72: 1 | F72: 6 | G72: 3 | H72: 128 | I72: 1 | J72: 2 | K72: 5 | L72: 19 | M72: 0 | N72: 27 | O72: 20 | P72: 6 | Q72: 23 | R72: 4 | S72: 11 | T72: 2 | U72: 1 | V72: 6 | W72: 10 | X72: 0 | Y72: 1 | Z72: 1 | AA72: 4 | AB72: 0 | AC72: 0 | AD72: =SUM(C72:AC72) -> 282 | AF72: Leonera | AG72: 170 | AH72: 150 | AI72: 150 | AJ72: 150 | AK72: 150 | AL72: 180 | AM72: 180 | AN72: 200 | AO72: 200 | AP72: 200 | AQ72: 200 | AR72: 200 | AS72: 210 | AT72: 210 | AU72: 210 | AV72: 210 | AW72: 210 | AX72: 210 | AY72: 210 | AZ72: 350 | BA72: 350 | BB72: 350 | BC72: 350 | BD72: 350 | BE72: 350 | BF72: =BE72 -> 350
B73: Manquimávida | C73: 13 | D73: 1 | E73: 0 | F73: 9 | G73: 3 | H73: 83 | I73: 21 | J73: 13 | K73: 4 | L73: 18 | M73: 27 | N73: 44 | O73: 23 | P73: 1 | Q73: 0 | R73: 0 | S73: 0 | T73: 8 | U73: 0 | V73: 4 | W73: 11 | X73: 2 | Y73: 7 | Z73: 2 | AA73: 1 | AB73: 0 | AC73: 0 | AD73: =SUM(C73:AC73) -> 295 | AF73: Manquimavida | AG73: 170 | AH73: 150 | AI73: 150 | AJ73: 150 | AK73: 150 | AL73: 180 | AM73: 180 | AN73: 200 | AO73: 200 | AP73: 200 | AQ73: 200 | AR73: 200 | AS73: 210 | AT73: 210 | AU73: 210 | AV73: 210 | AW73: 210 | AX73: 210 | AY73: 210 | AZ73: 350 | BA73: 350 | BB73: 350 | BC73: 350 | BD73: 350 | BE73: 350 | BF73: =BE73 -> 350
B74: Pedro Medina | C74: 16 | D74: 2 | E74: 5 | F74: 2 | G74: 2 | H74: 27 | I74: 7 | J74: 0 | K74: 24 | L74: 15 | M74: 2 | N74: 11 | O74: 6 | P74: 14 | Q74: 0 | R74: 0 | S74: 0 | T74: 10 | U74: 15 | V74: 0 | W74: 2 | X74: 0 | Y74: 0 | Z74: 0 | AA74: 1 | AB74: 0 | AC74: 0 | AD74: =SUM(C74:AC74) -> 161 | AF74: Pedro Medina | AG74: 170 | AH74: 150 | AI74: 150 | AJ74: 150 | AK74: 150 | AL74: 180 | AM74: 180 | AN74: 200 | AO74: 200 | AP74: 200 | AQ74: 200 | AR74: 200 | AS74: 210 | AT74: 210 | AU74: 210 | AV74: 210 | AW74: 210 | AX74: 210 | AY74: 210 | AZ74: 350 | BA74: 350 | BB74: 350 | BC74: 350 | BD74: 350 | BE74: 350 | BF74: =BE74 -> 350
B75: Chiguayante | C75: 20 | D75: 6 | E75: 6 | F75: 0 | G75: 1 | H75: 134 | I75: 6 | J75: 10 | K75: 51 | L75: 6 | M75: 4 | N75: 19 | O75: 19 | P75: 21 | Q75: 2 | R75: 2 | S75: 0 | T75: 10 | U75: 2 | V75: 4 | W75: 9 | X75: 1 | Y75: 16 | Z75: 1 | AA75: 3 | AB75: 0 | AC75: 0 | AD75: =SUM(C75:AC75) -> 353 | AF75: Chiguayante | AG75: 170 | AH75: 150 | AI75: 150 | AJ75: 150 | AK75: 150 | AL75: 180 | AM75: 180 | AN75: 200 | AO75: 200 | AP75: 200 | AQ75: 200 | AR75: 200 | AS75: 210 | AT75: 210 | AU75: 210 | AV75: 210 | AW75: 210 | AX75: 210 | AY75: 210 | AZ75: 350 | BA75: 350 | BB75: 350 | BC75: 350 | BD75: 350 | BE75: 350 | BF75: =BE75 -> 350
B76: Concepción | C76: 188 | D76: 102 | E76: 91 | F76: 24 | G76: 88 | H76: 100 | I76: 25 | J76: 42 | K76: 115 | L76: 55 | M76: 60 | N76: 70 | O76: 41 | P76: 56 | Q76: 39 | R76: 211 | S76: 56 | T76: 389 | U76: 374 | V76: 242 | W76: 1187 | X76: 479 | Y76: 867 | Z76: 671 | AA76: 803 | AB76: 0 | AC76: 0 | AD76: =SUM(C76:AC76) -> 6375 | AF76: Concepcion | AG76: 200 | AH76: 180 | AI76: 180 | AJ76: 180 | AK76: 180 | AL76: 150 | AM76: 150 | AN76: 170 | AO76: 170 | AP76: 170 | AQ76: 200 | AR76: 200 | AS76: 200 | AT76: 200 | AU76: 200 | AV76: 200 | AW76: 200 | AX76: 200 | AY76: 200 | AZ76: 330 | BA76: 330 | BB76: 330 | BC76: 330 | BD76: 340 | BE76: 340 | BF76: =BE76 -> 340
B77: Lorenzo Arenas | C77: 3 | D77: 4 | E77: 16 | F77: 3 | G77: 19 | H77: 3 | I77: 0 | J77: 4 | K77: 5 | L77: 6 | M77: 5 | N77: 16 | O77: 0 | P77: 0 | Q77: 0 | R77: 0 | S77: 0 | T77: 1 | U77: 0 | V77: 4 | W77: 7 | X77: 4 | Y77: 49 | Z77: 0 | AA77: 1 | AB77: 0 | AC77: 0 | AD77: =SUM(C77:AC77) -> 150 | AF77: Lorenzo Arenas | AG77: 200 | AH77: 180 | AI77: 180 | AJ77: 180 | AK77: 180 | AL77: 150 | AM77: 150 | AN77: 170 | AO77: 170 | AP77: 170 | AQ77: 200 | AR77: 200 | AS77: 200 | AT77: 200 | AU77: 200 | AV77: 200 | AW77: 200 | AX77: 200 | AY77: 200 | AZ77: 330 | BA77: 330 | BB77: 330 | BC77: 330 | BD77: 340 | BE77: 340 | BF77: =BE77 -> 340
B78: UTFSM | C78: 23 | D78: 4 | E78: 20 | F78: 1 | G78: 9 | H78: 36 | I78: 0 | J78: 1 | K78: 0 | L78: 2 | M78: 1 | N78: 8 | O78: 16 | P78: 0 | Q78: 0 | R78: 9 | S78: 7 | T78: 1 | U78: 14 | V78: 0 | W78: 18 | X78: 20 | Y78: 3 | Z78: 0 | AA78: 6 | AB78: 0 | AC78: 0 | AD78: =SUM(C78:AC78) -> 199 | AF78: UTFSM | AG78: 200 | AH78: 200 | AI78: 200 | AJ78: 200 | AK78: 200 | AL78: 170 | AM78: 170 | AN78: 150 | AO78: 150 | AP78: 150 | AQ78: 170 | AR78: 170 | AS78: 190 | AT78: 190 | AU78: 190 | AV78: 210 | AW78: 210 | AX78: 210 | AY78: 210 | AZ78: 330 | BA78: 330 | BB78: 340 | BC78: 340 | BD78: 350 | BE78: 350 | BF78: =BE78 -> 350
B79: Los Cóndores | C79: 40 | D79: 20 | E79: 8 | F79: 28 | G79: 52 | H79: 134 | I79: 1 | J79: 0 | K79: 0 | L79: 4 | M79: 0 | N79: 11 | O79: 16 | P79: 6 | Q79: 0 | R79: 4 | S79: 0 | T79: 13 | U79: 5 | V79: 10 | W79: 2 | X79: 36 | Y79: 13 | Z79: 2 | AA79: 60 | AB79: 0 | AC79: 0 | AD79: =SUM(C79:AC79) -> 465 | AF79: Los Condores | AG79: 200 | AH79: 200 | AI79: 200 | AJ79: 200 | AK79: 200 | AL79: 170 | AM79: 170 | AN79: 150 | AO79: 150 | AP79: 150 | AQ79: 170 | AR79: 170 | AS79: 190 | AT79: 190 | AU79: 190 | AV79: 210 | AW79: 210 | AX79: 210 | AY79: 210 | AZ79: 330 | BA79: 330 | BB79: 340 | BC79: 340 | BD79: 350 | BE79: 350 | BF79: =BE79 -> 350
B80: Higueras | C80: 4 | D80: 22 | E80: 21 | F80: 15 | G80: 10 | H80: 77 | I80: 6 | J80: 2 | K80: 1 | L80: 0 | M80: 4 | N80: 20 | O80: 24 | P80: 0 | Q80: 0 | R80: 0 | S80: 0 | T80: 8 | U80: 5 | V80: 0 | W80: 1 | X80: 40 | Y80: 11 | Z80: 1 | AA80: 14 | AB80: 0 | AC80: 0 | AD80: =SUM(C80:AC80) -> 286 | AF80: Higueras | AG80: 200 | AH80: 200 | AI80: 200 | AJ80: 200 | AK80: 200 | AL80: 170 | AM80: 170 | AN80: 150 | AO80: 150 | AP80: 150 | AQ80: 170 | AR80: 170 | AS80: 190 | AT80: 190 | AU80: 190 | AV80: 210 | AW80: 210 | AX80: 210 | AY80: 210 | AZ80: 330 | BA80: 330 | BB80: 340 | BC80: 340 | BD80: 350 | BE80: 350 | BF80: =BE80 -> 350
B81: El Arenal | C81: 22 | D81: 6 | E81: 29 | F81: 0 | G81: 22 | H81: 57 | I81: 1 | J81: 0 | K81: 4 | L81: 2 | M81: 1 | N81: 12 | O81: 9 | P81: 9 | Q81: 0 | R81: 1 | S81: 14 | T81: 4 | U81: 5 | V81: 0 | W81: 4 | X81: 2 | Y81: 9 | Z81: 1 | AA81: 43 | AB81: 0 | AC81: 0 | AD81: =SUM(C81:AC81) -> 257 | AF81: Arenal | AG81: 210 | AH81: 200 | AI81: 200 | AJ81: 200 | AK81: 200 | AL81: 200 | AM81: 200 | AN81: 170 | AO81: 170 | AP81: 170 | AQ81: 150 | AR81: 150 | AS81: 190 | AT81: 190 | AU81: 190 | AV81: 210 | AW81: 210 | AX81: 210 | AY81: 210 | AZ81: 340 | BA81: 340 | BB81: 350 | BC81: 350 | BD81: 350 | BE81: 350 | BF81: =BE81 -> 350
B82: Mercado | C82: 25 | D82: 12 | E82: 34 | F82: 10 | G82: 19 | H82: 87 | I82: 10 | J82: 4 | K82: 11 | L82: 37 | M82: 5 | N82: 3 | O82: 12 | P82: 1 | Q82: 0 | R82: 1 | S82: 2 | T82: 7 | U82: 29 | V82: 2 | W82: 27 | X82: 3 | Y82: 20 | Z82: 4 | AA82: 11 | AB82: 0 | AC82: 0 | AD82: =SUM(C82:AC82) -> 376 | AF82: Mercado | AG82: 210 | AH82: 200 | AI82: 200 | AJ82: 200 | AK82: 200 | AL82: 200 | AM82: 200 | AN82: 170 | AO82: 170 | AP82: 170 | AQ82: 150 | AR82: 150 | AS82: 190 | AT82: 190 | AU82: 190 | AV82: 210 | AW82: 210 | AX82: 210 | AY82: 210 | AZ82: 340 | BA82: 340 | BB82: 350 | BC82: 350 | BD82: 350 | BE82: 350 | BF82: =BE82 -> 350
... B95: Intermodal Coronel | C95: 0 | D95: 4 | E95: 4 | F95: 0 | G95: 2 | H95: 1025 | I95: 1 | J95: 1 | K95: 56 | L95: 20 | M95: 37 | N95: 13 | O95: 331 | P95: 139 | Q95: 16 | R95: 88 | S95: 79 | T95: 119 | U95: 107 | V95: 50 | W95: 331 | X95: 152 | Y95: 273 | Z95: 136 | AA95: 6 | AB95: 0 | AC95: 0 | AD95: =SUM(C95:AC95) -> 2990 | AF95: Coronel | AG95: 380 | AH95: 350 | AI95: 350 | AJ95: 350 | AK95: 350 | AL95: 340 | AM95: 340 | AN95: 350 | AO95: 350 | AP95: 350 | AQ95: 350 | AR95: 350 | AS95: 300 | AT95: 300 | AU95: 300 | AV95: 240 | AW95: 240 | AX95: 240 | AY95: 240 | AZ95: 190 | BA95: 190 | BB95: 150 | BC95: 150 | BD95: 150 | BE95: 150 | BF95: =BE95 -> 150
B96: Pasajero Lota | C96: 0 | D96: 0 | E96: 0 | F96: 0 | G96: 0 | H96: 0 | I96: 0 | J96: 0 | K96: 0 | L96: 0 | M96: 0 | N96: 0 | O96: 0 | P96: 0 | Q96: 0 | R96: 0 | S96: 0 | T96: 0 | U96: 0 | V96: 0 | W96: 0 | X96: 0 | Y96: 0 | Z96: 0 | AA96: 0 | AB96: 0 | AC96: 0 | AD96: =SUM(C96:AC96) -> 0 | AF96: Pasajero Lota | AG96: =AG95 -> 380 | AH96: =AH95 -> 350 | AI96: =AI95 -> 350 | AJ96: =AJ95 -> 350 | AK96: =AK95 -> 350 | AL96: =AL95 -> 340 | AM96: =AM95 -> 340 | AN96: =AN95 -> 350 | ... BF96: =BF95 -> 150
B97: Concepcion Centro | C97: 0 | D97: 0 | E97: 0 | F97: 0 | G97: 0 | H97: 0 | I97: 0 | J97: 0 | K97: 0 | L97: 0 | M97: 0 | N97: 0 | O97: 0 | P97: 0 | Q97: 0 | R97: 0 | S97: 0 | T97: 0 | U97: 0 | V97: 0 | W97: 0 | X97: 0 | Y97: 0 | Z97: 0 | AA97: 0 | AB97: 0 | AC97: 0 | AD97: =SUM(C97:AC97) -> 0 | AF97: Concepcion Centro
B98: Total | C98: =SUM(C71:C97) -> 403 | D98: =SUM(D71:D97) -> 256 | E98: =SUM(E71:E97) -> 310 | F98: =SUM(F71:F97) -> 154 | G98: =SUM(G71:G97) -> 307 | H98: =SUM(H71:H97) -> 7084 | I98: =SUM(I71:I97) -> 180 | J98: =SUM(J71:J97) -> 193 | ... AD98: =SUM(AD71:AD97) -> 29740
B102: =+B69 -> 01 al 30 Abril | E102: Total Mes Tarjetas
B103: Estaciones | C103: Hualqui | D103: La Leonera | E103: Manquimávida | F103: Pedro Medina | G103: Chiguayante | H103: Concepción | I103: Lorenzo Arenas | J103: UTFSM | K103: Los Cóndores | L103: Higueras | M103: El Arenal | N103: Mercado | O103: Juan Pablo II | P103: Diagonal Biobío | Q103: Alborada | R103: Costa Mar | S103: El Parque | T103: Lomas Coloradas | U103: C. Raúl Silva H. | V103: Hito Galvarino | W103: Los Canelos | X103: Huinca | Y103: Cristo Redentor | Z103: Laguna Quiñenco | AA103: Intermodal Coronel | AB103: Pasajero Lota | AC103: Concepcion Centro | AD103: Total
B104: Hualqui | C104: =+C7+C39+C71 -> 105 | D104: =+D7+D39+D71 -> 169 | E104: =+E7+E39+E71 -> 381 | F104: =+F7+F39+F71 -> 749 | G104: =+G7+G39+G71 -> 638 | H104: =+H7+H39+H71 -> 6479 | I104: =+I7+I39+I71 -> 554 | J104: =+J7+J39+J71 -> 831 | ... AB104: =+AB7+AB39+AB71 -> 0 | AC104: 0 | AD104: =SUM(C104:AC104) -> 14067
B105: La Leonera | C105: =+C8+C40+C72 -> 270 | D105: =+D8+D40+D72 -> 34 | E105: =+E8+E40+E72 -> 113 | F105: =+F8+F40+F72 -> 125 | G105: =+G8+G40+G72 -> 221 | H105: =+H8+H40+H72 -> 3588 | I105: =+I8+I40+I72 -> 613 | J105: =+J8+J40+J72 -> 732 | ... AB105: =+AB8+AB40+AB72 -> 0 | AC105: 0 | AD105: =SUM(C105:AC105) -> 10293
B106: Manquimávida | C106: =+C9+C41+C73 -> 541 | D106: =+D9+D41+D73 -> 112 | E106: =+E9+E41+E73 -> 33 | F106: =+F9+F41+F73 -> 103 | G106: =+G9+G41+G73 -> 206 | H106: =+H9+H41+H73 -> 4096 | I106: =+I9+I41+I73 -> 530 | J106: =+J9+J41+J73 -> 618 | ... AB106: =+AB9+AB41+AB73 -> 0 | AC106: 0 | AD106: =SUM(C106:AC106) -> 10210
B107: Pedro Medina | C107: =+C10+C42+C74 -> 1102 | D107: =+D10+D42+D74 -> 80 | E107: =+E10+E42+E74 -> 145 | F107: =+F10+F42+F74 -> 15 | G107: =+G10+G42+G74 -> 40 | H107: =+H10+H42+H74 -> 1931 | I107: =+I10+I42+I74 -> 325 | J107: =+J10+J42+J74 -> 457 | ... AB107: =+AB10+AB42+AB74 -> 0 | AC107: 0 | AD107: =SUM(C107:AC107) -> 7246
B108: Chiguayante | C108: =+C11+C43+C75 -> 961 | D108: =+D11+D43+D75 -> 156 | E108: =+E11+E43+E75 -> 280 | F108: =+F11+F43+F75 -> 24 | G108: =+G11+G43+G75 -> 35 | H108: =+H11+H43+H75 -> 3311 | I108: =+I11+I43+I75 -> 611 | J108: =+J11+J43+J75 -> 941 | ... AB108: =+AB11+AB43+AB75 -> 0 | AC108: 0 | AD108: =SUM(C108:AC108) -> 11535
B109: Concepción | C109: =+C12+C44+C76 -> 7670 | D109: =+D12+D44+D76 -> 3017 | E109: =+E12+E44+E76 -> 3852 | F109: =+F12+F44+F76 -> 1878 | G109: =+G12+G44+G76 -> 2728 | H109: =+H12+H44+H76 -> 4802 | I109: =+I12+I44+I76 -> 527 | J109: =+J12+J44+J76 -> 1324 | ... AB109: =+AB12+AB44+AB76 -> 0 | AC109: 0 | AD109: =SUM(C109:AC109) -> 193700
B110: Lorenzo Arenas | C110: =+C13+C45+C77 -> 560 | D110: =+D13+D45+D77 -> 445 | E110: =+E13+E45+E77 -> 444 | F110: =+F13+F45+F77 -> 348 | G110: =+G13+G45+G77 -> 532 | H110: =+H13+H45+H77 -> 523 | I110: =+I13+I45+I77 -> 14 | J110: =+J13+J45+J77 -> 108 | ... AB110: =+AB13+AB45+AB77 -> 0 | AC110: 0 | AD110: =SUM(C110:AC110) -> 5979
B111: UTFSM | C111: =+C14+C46+C78 -> 887 | D111: =+D14+D46+D78 -> 635 | E111: =+E14+E46+E78 -> 612 | F111: =+F14+F46+F78 -> 466 | G111: =+G14+G46+G78 -> 948 | H111: =+H14+H46+H78 -> 1548 | I111: =+I14+I46+I78 -> 210 | J111: =+J14+J46+J78 -> 12 | ... AB111: =+AB14+AB46+AB78 -> 0 | AC111: 0 | AD111: =SUM(C111:AC111) -> 11615
B112: Los Cóndores | C112: =+C15+C47+C79 -> 734 | D112: =+D15+D47+D79 -> 792 | E112: =+E15+E47+E79 -> 453 | F112: =+F15+F47+F79 -> 411 | G112: =+G15+G47+G79 -> 697 | H112: =+H15+H47+H79 -> 3232 | I112: =+I15+I47+I79 -> 279 | J112: =+J15+J47+J79 -> 390 | ... AB112: =+AB15+AB47+AB79 -> 0 | AC112: 0 | AD112: =SUM(C112:AC112) -> 11282
B113: Higueras | C113: =+C16+C48+C80 -> 501 | D113: =+D16+D48+D80 -> 486 | E113: =+E16+E48+E80 -> 530 | F113: =+F16+F48+F80 -> 434 | G113: =+G16+G48+G80 -> 669 | H113: =+H16+H48+H80 -> 2438 | I113: =+I16+I48+I80 -> 351 | J113: =+J16+J48+J80 -> 311 | ... AB113: =+AB16+AB48+AB80 -> 0 | AC113: 0 | AD113: =SUM(C113:AC113) -> 9367
B114: El Arenal | C114: =+C17+C49+C81 -> 453 | D114: =+D17+D49+D81 -> 321 | E114: =+E17+E49+E81 -> 348 | F114: =+F17+F49+F81 -> 232 | G114: =+G17+G49+G81 -> 360 | H114: =+H17+H49+H81 -> 1806 | I114: =+I17+I49+I81 -> 201 | J114: =+J17+J49+J81 -> 332 | ... AB114: =+AB17+AB49+AB81 -> 0 | AC114: 0 | AD114: =SUM(C114:AC114) -> 6357
B115: Mercado | C115: =+C18+C50+C82 -> 536 | D115: =+D18+D50+D82 -> 600 | E115: =+E18+E50+E82 -> 531 | F115: =+F18+F50+F82 -> 547 | G115: =+G18+G50+G82 -> 699 | H115: =+H18+H50+H82 -> 1994 | I115: =+I18+I50+I82 -> 296 | J115: =+J18+J50+J82 -> 565 | ... AB115: =+AB18+AB50+AB82 -> 0 | AC115: 0 | AD115: =SUM(C115:AC115) -> 10612
... B129: Pasajero Lota | C129: =+C32+C64+C96 -> 0 | D129: =+D32+D64+D96 -> 0 | E129: =+E32+E64+E96 -> 0 | F129: =+F32+F64+F96 -> 0 | G129: =+G32+G64+G96 -> 0 | H129: =+H32+H64+H96 -> 0 | I129: =+I32+I64+I96 -> 0 | J129: =+J32+J64+J96 -> 0 | ... AB129: =+AB32+AB64+AB96 -> 0 | AC129: 0 | AD129: =SUM(C129:AC129) -> 0
B130: Concepcion Centro | C130: 0 | D130: 0 | E130: 0 | F130: 0 | G130: 0 | H130: 0 | I130: 0 | J130: 0 | K130: 0 | L130: 0 | M130: 0 | N130: 0 | O130: 0 | P130: 0 | Q130: 0 | R130: 0 | S130: 0 | T130: 0 | U130: 0 | V130: 0 | W130: 0 | X130: 0 | Y130: 0 | Z130: 0 | AA130: 0 | AB130: 0 | AC130: 0 | AD130: =SUM(C130:AC130) -> 0
B131: Total | C131: =SUM(C104:C130) -> 16100 | D131: =SUM(D104:D130) -> 8777 | E131: =SUM(E104:E130) -> 9544 | F131: =SUM(F104:F130) -> 6963 | G131: =SUM(G104:G130) -> 10073 | H131: =SUM(H104:H130) -> 215497 | I131: =SUM(I104:I130) -> 6941 | J131: =SUM(J104:J130) -> 11798 | ... AC131: =SUM(AC104:AC130) -> 0 | AD131: =SUM(AD104:AD129) -> 802204
B133: CC a L2 | C133: =SUM(H116:H130)+SUM(O109:AC109) -> 339382
B134: L2/L1 | C134: =SUM(C116:G130)+SUM(I116:N130)+SUM(O104:AC108)+SUM(O110:AC115) -> 61631

Sheet May 2023
C2: Matriz Origen-Destino Tarjetas Biotren
C3: Mes: MAYO 2023 | G3: Periodo: 01 al 31 Mayo
B5: 01 al 31 Mayo | E5: T. Monedero
B6: Estaciones | C6: Hualqui | D6: La Leonera | E6: Manquimávida | F6: Pedro Medina | G6: Chiguayante | H6: Concepción | I6: Lorenzo Arenas | J6: UTFSM | K6: Los Cóndores | L6: Higueras | M6: El Arenal | N6: Mercado | O6: Juan Pablo II | P6: Diagonal Biobío | Q6: Alborada | R6: Costa Mar | S6: El Parque | T6: Lomas Coloradas | U6: C. Raúl Silva H. | V6: Hito Galvarino | W6: Los Canelos | X6: Huinca | Y6: Cristo Redentor | Z6: Laguna Quiñenco | AA6: Intermodal Coronel | AB6: Pasajero Lota | AC6: Concepcion Centro | AD6: Total | AF6: Estaciones | AG6: Hualqui | AH6: Leonera | AI6: Manquimavida | AJ6: Pedro Medina | AK6: Chiguayante | AL6: Concepcion | AM6: Lorenzo Arenas | AN6: UTFSM | AO6: Los Condores | AP6: Higueras | AQ6: Arenal | AR6: Mercado | AS6: Juan Pablo II | AT6: Diagonal Bio Bio | AU6: Alborada | AV6: Costa Mar | AW6: El Parque | AX6: Lomas Coloradas | AY6: Raul Silva H. | AZ6: Hito Galvarino | BA6: Los Canelos | BB6: Huinca | BC6: Cristo Redentor | BD6: Lag.Quiñenco | BE6: Coronel | BF6: Pasajero Lota | BG6: Concepcion Centro
B7: Hualqui | C7: 22 | D7: 169 | E7: 270 | F7: 323 | G7: 515 | H7: 5184 | I7: 543 | J7: 532 | K7: 538 | L7: 625 | M7: 424 | N7: 490 | O7: 538 | P7: 134 | Q7: 150 | R7: 289 | S7: 169 | T7: 226 | U7: 87 | V7: 59 | W7: 94 | X7: 56 | Y7: 52 | Z7: 83 | AA7: 225 | AB7: 0 | AC7: 0 | AD7: =SUM(C7:AC7) -> 11797 | AF7: Hualqui | AG7: 290 | AH7: 340 | AI7: 340 | AJ7: 340 | AK7: 340 | AL7: 390 | AM7: 390 | AN7: 400 | AO7: 400 | AP7: 400 | AQ7: 420 | AR7: 420 | AS7: 420 | AT7: 420 | AU7: 420 | AV7: 430 | AW7: 430 | AX7: 430 | AY7: 430 | AZ7: 700 | BA7: 700 | BB7: 740 | BC7: 740 | BD7: 750 | BE7: 750 | BF7: =BE7 -> 750
B8: La Leonera | C8: 226 | D8: 14 | E8: 115 | F8: 120 | G8: 209 | H8: 3588 | I8: 566 | J8: 548 | K8: 631 | L8: 457 | M8: 319 | N8: 601 | O8: 519 | P8: 181 | Q8: 124 | R8: 242 | S8: 368 | T8: 317 | U8: 146 | V8: 105 | W8: 173 | X8: 50 | Y8: 122 | Z8: 112 | AA8: 262 | AB8: 0 | AC8: 0 | AD8: =SUM(C8:AB8) -> 10115 | AF8: Leonera | AG8: 340 | AH8: 290 | AI8: 290 | AJ8: 290 | AK8: 290 | AL8: 360 | AM8: 360 | AN8: 390 | AO8: 390 | AP8: 390 | AQ8: 400 | AR8: 400 | AS8: 410 | AT8: 410 | AU8: 410 | AV8: 420 | AW8: 420 | AX8: 420 | AY8: 420 | AZ8: 690 | BA8: 690 | BB8: 700 | BC8: 700 | BD8: 700 | BE8: 700 | BF8: =BE8 -> 700
B9: Manquimávida | C9: 440 | D9: 99 | E9: 8 | F9: 110 | G9: 173 | H9: 3872 | I9: 517 | J9: 405 | K9: 449 | L9: 531 | M9: 292 | N9: 450 | O9: 478 | P9: 107 | Q9: 116 | R9: 176 | S9: 189 | T9: 246 | U9: 216 | V9: 158 | W9: 201 | X9: 65 | Y9: 94 | Z9: 59 | AA9: 232 | AB9: 0 | AC9: 0 | AD9: =SUM(C9:AB9) -> 9683 | AF9: Manquimavida | AG9: 340 | AH9: 290 | AI9: 290 | AJ9: 290 | AK9: 290 | AL9: 360 | AM9: 360 | AN9: 390 | AO9: 390 | AP9: 390 | AQ9: 400 | AR9: 400 | AS9: 410 | AT9: 410 | AU9: 410 | AV9: 420 | AW9: 420 | AX9: 420 | AY9: 420 | AZ9: 690 | BA9: 690 | BB9: 700 | BC9: 700 | BD9: 700 | BE9: 700 | BF9: =BE9 -> 700
B10: Pedro Medina | C10: 572 | D10: 69 | E10: 110 | F10: 9 | G10: 32 | H10: 1710 | I10: 374 | J10: 388 | K10: 402 | L10: 451 | M10: 220 | N10: 454 | O10: 389 | P10: 236 | Q10: 57 | R10: 183 | S10: 216 | T10: 149 | U10: 102 | V10: 104 | W10: 89 | X10: 29 | Y10: 75 | Z10: 45 | AA10: 168 | AB10: 0 | AC10: 0 | AD10: =SUM(C10:AB10) -> 6633 | AF10: Pedro Medina | AG10: 340 | AH10: 290 | AI10: 290 | AJ10: 290 | AK10: 290 | AL10: 360 | AM10: 360 | AN10: 390 | AO10: 390 | AP10: 390 | AQ10: 400 | AR10: 400 | AS10: 410 | AT10: 410 | AU10: 410 | AV10: 420 | AW10: 420 | AX10: 420 | AY10: 420 | AZ10: 690 | BA10: 690 | BB10: 700 | BC10: 700 | BD10: 700 | BE10: 700 | BF10: =BE10 -> 700
B11: Chiguayante | C11: 779 | D11: 139 | E11: 246 | F11: 28 | G11: 23 | H11: 3456 | I11: 666 | J11: 732 | K11: 704 | L11: 924 | M11: 436 | N11: 832 | O11: 369 | P11: 247 | Q11: 81 | R11: 392 | S11: 166 | T11: 390 | U11: 180 | V11: 114 | W11: 209 | X11: 89 | Y11: 124 | Z11: 131 | AA11: 342 | AB11: 0 | AC11: 0 | AD11: =SUM(C11:AB11) -> 11799 | AF11: Chiguayante | AG11: 340 | AH11: 290 | AI11: 290 | AJ11: 290 | AK11: 290 | AL11: 360 | AM11: 360 | AN11: 390 | AO11: 390 | AP11: 390 | AQ11: 400 | AR11: 400 | AS11: 410 | AT11: 410 | AU11: 410 | AV11: 420 | AW11: 420 | AX11: 420 | AY11: 420 | AZ11: 690 | BA11: 690 | BB11: 700 | BC11: 700 | BD11: 700 | BE11: 700 | BF11: =BE11 -> 700
B12: Concepción | C12: 7154 | D12: 3302 | E12: 3787 | F12: 1912 | G12: 2596 | H12: 6056 | I12: 537 | J12: 1123 | K12: 2905 | L12: 2053 | M12: 1676 | N12: 1551 | O12: 2095 | P12: 3266 | Q12: 3450 | R12: 16187 | S12: 5060 | T12: 20307 | U12: 15204 | V12: 7155 | W12: 18870 | X12: 10381 | Y12: 16946 | Z12: 14113 | AA12: 18220 | AB12: 0 | AC12: 0 | AD12: =SUM(C12:AB12) -> 185906 | AF12: Concepcion | AG12: 390 | AH12: 360 | AI12: 360 | AJ12: 360 | AK12: 360 | AL12: 290 | AM12: 290 | AN12: 340 | AO12: 340 | AP12: 340 | AQ12: 390 | AR12: 390 | AS12: 390 | AT12: 390 | AU12: 390 | AV12: 400 | AW12: 400 | AX12: 400 | AY12: 400 | AZ12: 650 | BA12: 650 | BB12: 650 | BC12: 650 | BD12: 670 | BE12: 670 | BF12: =BE12 -> 670
B13: Lorenzo Arenas | C13: 588 | D13: 540 | E13: 453 | F13: 388 | G13: 558 | H13: 479 | I13: 8 | J13: 99 | K13: 248 | L13: 324 | M13: 213 | N13: 304 | O13: 39 | P13: 90 | Q13: 79 | R13: 315 | S13: 72 | T13: 285 | U13: 179 | V13: 107 | W13: 226 | X13: 99 | Y13: 248 | Z13: 115 | AA13: 150 | AB13: 0 | AC13: 0 | AD13: =SUM(C13:AB13) -> 6206 | AF13: Lorenzo Arenas | AG13: 390 | AH13: 360 | AI13: 360 | AJ13: 360 | AK13: 360 | AL13: 290 | AM13: 290 | AN13: 340 | AO13: 340 | AP13: 340 | AQ13: 390 | AR13: 390 | AS13: 390 | AT13: 390 | AU13: 390 | AV13: 400 | AW13: 400 | AX13: 400 | AY13: 400 | AZ13: 650 | BA13: 650 | BB13: 650 | BC13: 650 | BD13: 670 | BE13: 670 | BF13: =BE13 -> 670
B14: UTFSM | C14: 757 | D14: 537 | E14: 474 | F14: 369 | G14: 828 | H14: 1296 | I14: 130 | J14: 16 | K14: 298 | L14: 391 | M14: 225 | N14: 567 | O14: 129 | P14: 167 | Q14: 141 | R14: 582 | S14: 144 | T14: 297 | U14: 213 | V14: 196 | W14: 283 | X14: 318 | Y14: 243 | Z14: 266 | AA14: 312 | AB14: 0 | AC14: 0 | AD14: =SUM(C14:AB14) -> 9179 | AF14: UTFSM | AG14: 400 | AH14: 390 | AI14: 390 | AJ14: 390 | AK14: 390 | AL14: 340 | AM14: 340 | AN14: 290 | AO14: 290 | AP14: 290 | AQ14: 340 | AR14: 340 | AS14: 380 | AT14: 380 | AU14: 380 | AV14: 420 | AW14: 420 | AX14: 420 | AY14: 420 | AZ14: 660 | BA14: 660 | BB14: 670 | BC14: 670 | BD14: 690 | BE14: 690 | BF14: =BE14 -> 690
B15: Los Cóndores | C15: 698 | D15: 863 | E15: 478 | F15: 425 | G15: 703 | H15: 2928 | I15: 315 | J15: 255 | K15: 26 | L15: 101 | M15: 179 | N15: 258 | O15: 334 | P15: 232 | Q15: 165 | R15: 374 | S15: 172 | T15: 539 | U15: 307 | V15: 305 | W15: 412 | X15: 179 | Y15: 224 | Z15: 232 | AA15: 597 | AB15: 0 | AC15: 0 | AD15: =SUM(C15:AB15) -> 11301 | AF15: Los Condores | AG15: 400 | AH15: 390 | AI15: 390 | AJ15: 390 | AK15: 390 | AL15: 340 | AM15: 340 | AN15: 290 | AO15: 290 | AP15: 290 | AQ15: 340 | AR15: 340 | AS15: 380 | AT15: 380 | AU15: 380 | AV15: 420 | AW15: 420 | AX15: 420 | AY15: 420 | AZ15: 660 | BA15: 660 | BB15: 670 | BC15: 670 | BD15: 690 | BE15: 690 | BF15: =BE15 -> 690
B16: Higueras | C16: 587 | D16: 409 | E16: 550 | F16: 508 | G16: 746 | H16: 2451 | I16: 303 | J16: 250 | K16: 88 | L16: 22 | M16: 58 | N16: 283 | O16: 279 | P16: 258 | Q16: 127 | R16: 373 | S16: 157 | T16: 503 | U16: 293 | V16: 169 | W16: 237 | X16: 171 | Y16: 218 | Z16: 283 | AA16: 383 | AB16: 0 | AC16: 0 | AD16: =SUM(C16:AB16) -> 9706 | AF16: Higueras | AG16: 400 | AH16: 390 | AI16: 390 | AJ16: 390 | AK16: 390 | AL16: 340 | AM16: 340 | AN16: 290 | AO16: 290 | AP16: 290 | AQ16: 340 | AR16: 340 | AS16: 380 | AT16: 380 | AU16: 380 | AV16: 420 | AW16: 420 | AX16: 420 | AY16: 420 | AZ16: 660 | BA16: 660 | BB16: 670 | BC16: 670 | BD16: 690 | BE16: 690 | BF16: =BE16 -> 690
B17: El Arenal | C17: 486 | D17: 363 | E17: 321 | F17: 301 | G17: 386 | H17: 1727 | I17: 190 | J17: 244 | K17: 177 | L17: 92 | M17: 8 | N17: 20 | O17: 225 | P17: 158 | Q17: 107 | R17: 258 | S17: 93 | T17: 238 | U17: 147 | V17: 159 | W17: 262 | X17: 80 | Y17: 137 | Z17: 118 | AA17: 256 | AB17: 0 | AC17: 0 | AD17: =SUM(C17:AB17) -> 6553 | AF17: Arenal | AG17: 420 | AH17: 400 | AI17: 400 | AJ17: 400 | AK17: 400 | AL17: 390 | AM17: 390 | AN17: 340 | AO17: 340 | AP17: 340 | AQ17: 290 | AR17: 290 | AS17: 380 | AT17: 380 | AU17: 380 | AV17: 420 | AW17: 420 | AX17: 420 | AY17: 420 | AZ17: 670 | BA17: 670 | BB17: 690 | BC17: 690 | BD17: 700 | BE17: 700 | BF17: =BE17 -> 700
B18: Mercado | C18: 519 | D18: 626 | E18: 486 | F18: 522 | G18: 754 | H18: 1897 | I18: 254 | J18: 439 | K18: 278 | L18: 295 | M18: 60 | N18: 8 | O18: 260 | P18: 296 | Q18: 138 | R18: 539 | S18: 117 | T18: 537 | U18: 334 | V18: 211 | W18: 426 | X18: 168 | Y18: 336 | Z18: 229 | AA18: 416 | AB18: 0 | AC18: 0 | AD18: =SUM(C18:AB18) -> 10145 | AF18: Mercado | AG18: 420 | AH18: 400 | AI18: 400 | AJ18: 400 | AK18: 400 | AL18: 390 | AM18: 390 | AN18: 340 | AO18: 340 | AP18: 340 | AQ18: 290 | AR18: 290 | AS18: 380 | AT18: 380 | AU18: 380 | AV18: 420 | AW18: 420 | AX18: 420 | AY18: 420 | AZ18: 670 | BA18: 670 | BB18: 690 | BC18: 690 | BD18: 700 | BE18: 700 | BF18: =BE18 -> 700
B19: Juan Pablo II | C19: 568 | D19: 449 | E19: 453 | F19: 385 | G19: 396 | H19: 1858 | I19: 64 | J19: 163 | K19: 341 | L19: 323 | M19: 219 | N19: 200 | O19: 19 | P19: 469 | Q19: 985 | R19: 3646 | S19: 748 | T19: 4108 | U19: 3192 | V19: 1242 | W19: 2880 | X19: 1715 | Y19: 2432 | Z19: 1759 | AA19: 3099 | AB19: 0 | AC19: 0 | AD19: =SUM(C19:AB19) -> 31713 | AF19: Juan Pablo II | AG19: 420 | AH19: 410 | AI19: 410 | AJ19: 410 | AK19: 410 | AL19: 390 | AM19: 390 | AN19: 380 | AO19: 380 | AP19: 380 | AQ19: 380 | AR19: 380 | AS19: 290 | AT19: 290 | AU19: 290 | AV19: 360 | AW19: 360 | AX19: 360 | AY19: 360 | AZ19: 470 | BA19: 470 | BB19: 490 | BC19: 490 | BD19: 600 | BE19: 600 | BF19: =BE19 -> 600
... B31: Intermodal Coronel | C31: 260 | D31: 340 | E31: 234 | F31: 144 | G31: 348 | H31: 23708 | I31: 274 | J31: 511 | K31: 820 | L31: 495 | M31: 356 | N31: 458 | O31: 4322 | P31: 2516 | Q31: 678 | R31: 2309 | S31: 1485 | T31: 2418 | U31: 1773 | V31: 1098 | W31: 2597 | X31: 1826 | Y31: 2559 | Z31: 1606 | AA31: 66 | AB31: 0 | AC31: 0 | AD31: =SUM(C31:AB31) -> 53201 | AF31: Coronel | AG31: 750 | AH31: 700 | AI31: 700 | AJ31: 700 | AK31: 700 | AL31: 670 | AM31: 670 | AN31: 690 | AO31: 690 | AP31: 690 | AQ31: 700 | AR31: 700 | AS31: 600 | AT31: 600 | AU31: 600 | AV31: 470 | AW31: 470 | AX31: 470 | AY31: 470 | AZ31: 380 | BA31: 380 | BB31: 290 | BC31: 290 | BD31: 290 | BE31: 290 | BF31: =BE31 -> 290
B32: Pasajero Lota | C32: 0 | D32: 0 | E32: 0 | F32: 0 | G32: 0 | H32: 0 | I32: 0 | J32: 0 | K32: 0 | L32: 0 | M32: 0 | N32: 0 | O32: 0 | P32: 0 | Q32: 0 | R32: 0 | S32: 0 | T32: 0 | U32: 0 | V32: 0 | W32: 0 | X32: 0 | Y32: 0 | Z32: 0 | AA32: 0 | AB32: 0 | AC32: 0 | AD32: =SUM(C32:AB32) -> 0 | AF32: Pasajero Lota | AG32: =AG31 -> 750 | AH32: =AH31 -> 700 | AI32: =AI31 -> 700 | AJ32: =AJ31 -> 700 | AK32: =AK31 -> 700 | AL32: =AL31 -> 670 | AM32: =AM31 -> 670 | AN32: =AN31 -> 690 | ... BF32: =BF31 -> 290
B33: Concepcion Centro | C33: 0 | D33: 0 | E33: 0 | F33: 0 | G33: 0 | H33: 0 | I33: 0 | J33: 0 | K33: 0 | L33: 0 | M33: 0 | N33: 0 | O33: 0 | P33: 0 | Q33: 0 | R33: 0 | S33: 0 | T33: 0 | U33: 0 | V33: 0 | W33: 0 | X33: 0 | Y33: 0 | Z33: 0 | AA33: 0 | AB33: 0 | AC33: 0 | AD33: =SUM(C33:AB33) -> 0 | AF33: Concepcion Centro
B34: Total | C34: =SUM(C7:C33) -> 15207 | D34: =SUM(D7:D32) -> 9736 | E34: =SUM(E7:E32) -> 9595 | F34: =SUM(F7:F32) -> 6993 | G34: =SUM(G7:G32) -> 10608 | H34: =SUM(H7:H32) -> 200666 | I34: =SUM(I7:I32) -> 7441 | J34: =SUM(J7:J32) -> 8707 | K34: =SUM(K7:K32) -> 11400 | ... AC34: =SUM(AC7:AC32) -> 0 | AD34: =SUM(AD7:AD33) -> 732107
B37: =+B5 -> 01 al 31 Mayo | E37: T. Estudiante
B38: Estaciones | C38: Hualqui | D38: La Leonera | E38: Manquimávida | F38: Pedro Medina | G38: Chiguayante | H38: Concepción | I38: Lorenzo Arenas | J38: UTFSM | K38: Los Cóndores | L38: Higueras | M38: El Arenal | N38: Mercado | O38: Juan Pablo II | P38: Diagonal Biobío | Q38: Alborada | R38: Costa Mar | S38: El Parque | T38: Lomas Coloradas | U38: C. Raúl Silva H. | V38: Hito Galvarino | W38: Los Canelos | X38: Huinca | Y38: Cristo Redentor | Z38: Laguna Quiñenco | AA38: Intermodal Coronel | AB38: Pasajero Lota | AC38: Concepcion Centro | AD38: Total | AF38: Estaciones | AG38: Hualqui | AH38: Leonera | AI38: Manquimavida | AJ38: Pedro Medina | AK38: Chiguayante | AL38: Concepcion | AM38: Lorenzo Arenas | AN38: UTFSM | AO38: Los Condores | AP38: Higueras | AQ38: Arenal | AR38: Mercado | AS38: Juan Pablo II | AT38: Diagonal Bio Bio | AU38: Alborada | AV38: Costa Mar | AW38: El Parque | AX38: Lomas Coloradas | AY38: Raul Silva H. | AZ38: Hito Galvarino | BA38: Los Canelos | BB38: Huinca | BC38: Cristo Redentor | BD38: Lag.Quiñenco | BE38: Coronel | BF38: Pasajero Lota | BG38: Concepcion Centro
B39: Hualqui | C39: 8 | D39: 9 | E39: 166 | F39: 365 | G39: 140 | H39: 1189 | I39: 35 | J39: 206 | K39: 62 | L39: 124 | M39: 38 | N39: 32 | O39: 46 | P39: 11 | Q39: 0 | R39: 30 | S39: 0 | T39: 19 | U39: 5 | V39: 16 | W39: 8 | X39: 3 | Y39: 6 | Z39: 8 | AA39: 28 | AB39: 0 | AC39: 0 | AD39: =SUM(C39:AC39) -> 2554 | AF39: Hualqui | AG39: 100 | AH39: 120 | AI39: 120 | AJ39: 120 | AK39: 120 | AL39: 130 | AM39: 130 | AN39: 130 | AO39: 130 | AP39: 130 | AQ39: 140 | AR39: 140 | AS39: 140 | AT39: 140 | AU39: 140 | AV39: 140 | AW39: 140 | AX39: 140 | AY39: 140 | AZ39: 240 | BA39: 240 | BB39: 250 | BC39: 250 | BD39: 250 | BE39: 250 | BF39: =BE39 -> 250
B40: La Leonera | C40: 30 | D40: 0 | E40: 46 | F40: 9 | G40: 15 | H40: 574 | I40: 38 | J40: 237 | K40: 21 | L40: 88 | M40: 70 | N40: 61 | O40: 20 | P40: 21 | Q40: 4 | R40: 30 | S40: 33 | T40: 5 | U40: 15 | V40: 61 | W40: 44 | X40: 10 | Y40: 10 | Z40: 4 | AA40: 5 | AB40: 0 | AC40: 0 | AD40: =SUM(C40:AC40) -> 1451 | AF40: Leonera | AG40: 120 | AH40: 100 | AI40: 100 | AJ40: 100 | AK40: 100 | AL40: 120 | AM40: 120 | AN40: 130 | AO40: 130 | AP40: 130 | AQ40: 130 | AR40: 130 | AS40: 140 | AT40: 140 | AU40: 140 | AV40: 140 | AW40: 140 | AX40: 140 | AY40: 140 | AZ40: 230 | BA40: 230 | BB40: 230 | BC40: 230 | BD40: 240 | BE40: 240 | BF40: =BE40 -> 240
B41: Manquimávida | C41: 274 | D41: 22 | E41: 0 | F41: 23 | G41: 5 | H41: 555 | I41: 36 | J41: 201 | K41: 47 | L41: 33 | M41: 1 | N41: 59 | O41: 25 | P41: 0 | Q41: 0 | R41: 6 | S41: 1 | T41: 60 | U41: 22 | V41: 0 | W41: 23 | X41: 28 | Y41: 5 | Z41: 7 | AA41: 13 | AB41: 0 | AC41: 0 | AD41: =SUM(C41:AC41) -> 1446 | AF41: Manquimavida | AG41: 120 | AH41: 100 | AI41: 100 | AJ41: 100 | AK41: 100 | AL41: 120 | AM41: 120 | AN41: 130 | AO41: 130 | AP41: 130 | AQ41: 130 | AR41: 130 | AS41: 140 | AT41: 140 | AU41: 140 | AV41: 140 | AW41: 140 | AX41: 140 | AY41: 140 | AZ41: 230 | BA41: 230 | BB41: 230 | BC41: 230 | BD41: 240 | BE41: 240 | BF41: =BE41 -> 240
B42: Pedro Medina | C42: 490 | D42: 19 | E42: 52 | F42: 0 | G42: 2 | H42: 269 | I42: 32 | J42: 127 | K42: 6 | L42: 62 | M42: 4 | N42: 12 | O42: 7 | P42: 24 | Q42: 14 | R42: 37 | S42: 2 | T42: 14 | U42: 21 | V42: 17 | W42: 52 | X42: 0 | Y42: 12 | Z42: 8 | AA42: 15 | AB42: 0 | AC42: 0 | AD42: =SUM(C42:AC42) -> 1298 | AF42: Pedro Medina | AG42: 120 | AH42: 100 | AI42: 100 | AJ42: 100 | AK42: 100 | AL42: 120 | AM42: 120 | AN42: 130 | AO42: 130 | AP42: 130 | AQ42: 130 | AR42: 130 | AS42: 140 | AT42: 140 | AU42: 140 | AV42: 140 | AW42: 140 | AX42: 140 | AY42: 140 | AZ42: 230 | BA42: 230 | BB42: 230 | BC42: 230 | BD42: 240 | BE42: 240 | BF42: =BE42 -> 240
B43: Chiguayante | C43: 216 | D43: 13 | E43: 51 | F43: 7 | G43: 1 | H43: 374 | I43: 33 | J43: 248 | K43: 66 | L43: 146 | M43: 21 | N43: 40 | O43: 17 | P43: 6 | Q43: 19 | R43: 36 | S43: 18 | T43: 60 | U43: 26 | V43: 37 | W43: 13 | X43: 7 | Y43: 4 | Z43: 7 | AA43: 21 | AB43: 0 | AC43: 0 | AD43: =SUM(C43:AC43) -> 1487 | AF43: Chiguayante | AG43: 120 | AH43: 100 | AI43: 100 | AJ43: 100 | AK43: 100 | AL43: 120 | AM43: 120 | AN43: 130 | AO43: 130 | AP43: 130 | AQ43: 130 | AR43: 130 | AS43: 140 | AT43: 140 | AU43: 140 | AV43: 140 | AW43: 140 | AX43: 140 | AY43: 140 | AZ43: 230 | BA43: 230 | BB43: 230 | BC43: 230 | BD43: 240 | BE43: 240 | BF43: =BE43 -> 240
B44: Concepción | C44: 1283 | D44: 444 | E44: 471 | F44: 267 | G44: 310 | H44: 1391 | I44: 86 | J44: 320 | K44: 433 | L44: 270 | M44: 146 | N44: 111 | O44: 286 | P44: 600 | Q44: 638 | R44: 3831 | S44: 913 | T44: 6909 | U44: 5561 | V44: 4229 | W44: 10578 | X44: 6437 | Y44: 10711 | Z44: 8254 | AA44: 10171 | AB44: 0 | AC44: 0 | AD44: =SUM(C44:AC44) -> 74650 | AF44: Concepcion | AG44: 130 | AH44: 120 | AI44: 120 | AJ44: 120 | AK44: 120 | AL44: 100 | AM44: 100 | AN44: 120 | AO44: 120 | AP44: 120 | AQ44: 130 | AR44: 130 | AS44: 130 | AT44: 130 | AU44: 130 | AV44: 140 | AW44: 140 | AX44: 140 | AY44: 140 | AZ44: 220 | BA44: 220 | BB44: 220 | BC44: 220 | BD44: 220 | BE44: 220 | BF44: =BE44 -> 220
B45: Lorenzo Arenas | C45: 21 | D45: 20 | E45: 54 | F45: 25 | G45: 38 | H45: 79 | I45: 0 | J45: 45 | K45: 10 | L45: 58 | M45: 25 | N45: 55 | O45: 1 | P45: 1 | Q45: 15 | R45: 45 | S45: 11 | T45: 36 | U45: 15 | V45: 16 | W45: 19 | X45: 10 | Y45: 14 | Z45: 39 | AA45: 70 | AB45: 0 | AC45: 0 | AD45: =SUM(C45:AC45) -> 722 | AF45: Lorenzo Arenas | AG45: 130 | AH45: 120 | AI45: 120 | AJ45: 120 | AK45: 120 | AL45: 100 | AM45: 100 | AN45: 120 | AO45: 120 | AP45: 120 | AQ45: 130 | AR45: 130 | AS45: 130 | AT45: 130 | AU45: 130 | AV45: 140 | AW45: 140 | AX45: 140 | AY45: 140 | AZ45: 220 | BA45: 220 | BB45: 220 | BC45: 220 | BD45: 220 | BE45: 220 | BF45: =BE45 -> 220
B46: UTFSM | C46: 175 | D46: 137 | E46: 143 | F46: 90 | G46: 212 | H46: 422 | I46: 81 | J46: 3 | K46: 67 | L46: 102 | M46: 33 | N46: 41 | O46: 38 | P46: 24 | Q46: 47 | R46: 167 | S46: 47 | T46: 129 | U46: 123 | V46: 140 | W46: 218 | X46: 122 | Y46: 255 | Z46: 310 | AA46: 152 | AB46: 0 | AC46: 0 | AD46: =SUM(C46:AC46) -> 3278 | AF46: UTFSM | AG46: 130 | AH46: 130 | AI46: 130 | AJ46: 130 | AK46: 130 | AL46: 120 | AM46: 120 | AN46: 100 | AO46: 100 | AP46: 100 | AQ46: 120 | AR46: 120 | AS46: 130 | AT46: 130 | AU46: 130 | AV46: 140 | AW46: 140 | AX46: 140 | AY46: 140 | AZ46: 220 | BA46: 220 | BB46: 220 | BC46: 220 | BD46: 230 | BE46: 230 | BF46: =BE46 -> 230
B47: Los Cóndores | C47: 29 | D47: 20 | E47: 49 | F47: 30 | G47: 54 | H47: 502 | I47: 33 | J47: 78 | K47: 0 | L47: 21 | M47: 2 | N47: 28 | O47: 25 | P47: 29 | Q47: 3 | R47: 68 | S47: 4 | T47: 16 | U47: 68 | V47: 62 | W47: 69 | X47: 62 | Y47: 53 | Z47: 50 | AA47: 32 | AB47: 0 | AC47: 0 | AD47: =SUM(C47:AC47) -> 1387 | AF47: Los Condores | AG47: 130 | AH47: 130 | AI47: 130 | AJ47: 130 | AK47: 130 | AL47: 120 | AM47: 120 | AN47: 100 | AO47: 100 | AP47: 100 | AQ47: 120 | AR47: 120 | AS47: 130 | AT47: 130 | AU47: 130 | AV47: 140 | AW47: 140 | AX47: 140 | AY47: 140 | AZ47: 220 | BA47: 220 | BB47: 220 | BC47: 220 | BD47: 230 | BE47: 230 | BF47: =BE47 -> 230
B48: Higueras | C48: 97 | D48: 57 | E48: 24 | F48: 40 | G48: 112 | H48: 361 | I48: 23 | J48: 89 | K48: 3 | L48: 1 | M48: 4 | N48: 41 | O48: 19 | P48: 42 | Q48: 2 | R48: 55 | S48: 10 | T48: 80 | U48: 65 | V48: 17 | W48: 119 | X48: 24 | Y48: 50 | Z48: 61 | AA48: 131 | AB48: 0 | AC48: 0 | AD48: =SUM(C48:AC48) -> 1527 | AF48: Higueras | AG48: 130 | AH48: 130 | AI48: 130 | AJ48: 130 | AK48: 130 | AL48: 120 | AM48: 120 | AN48: 100 | AO48: 100 | AP48: 100 | AQ48: 120 | AR48: 120 | AS48: 130 | AT48: 130 | AU48: 130 | AV48: 140 | AW48: 140 | AX48: 140 | AY48: 140 | AZ48: 220 | BA48: 220 | BB48: 220 | BC48: 220 | BD48: 230 | BE48: 230 | BF48: =BE48 -> 230
B49: El Arenal | C49: 29 | D49: 43 | E49: 3 | F49: 25 | G49: 11 | H49: 170 | I49: 29 | J49: 52 | K49: 6 | L49: 6 | M49: 0 | N49: 1 | O49: 0 | P49: 11 | Q49: 1 | R49: 12 | S49: 1 | T49: 19 | U49: 13 | V49: 13 | W49: 10 | X49: 8 | Y49: 14 | Z49: 32 | AA49: 10 | AB49: 0 | AC49: 0 | AD49: =SUM(C49:AC49) -> 519 | AF49: Arenal | AG49: 140 | AH49: 130 | AI49: 130 | AJ49: 130 | AK49: 130 | AL49: 130 | AM49: 130 | AN49: 120 | AO49: 120 | AP49: 120 | AQ49: 100 | AR49: 100 | AS49: 130 | AT49: 130 | AU49: 130 | AV49: 140 | AW49: 140 | AX49: 140 | AY49: 140 | AZ49: 220 | BA49: 220 | BB49: 230 | BC49: 230 | BD49: 230 | BE49: 230 | BF49: =BE49 -> 230
B50: Mercado | C50: 23 | D50: 69 | E50: 20 | F50: 17 | G50: 14 | H50: 216 | I50: 29 | J50: 117 | K50: 11 | L50: 26 | M50: 1 | N50: 0 | O50: 5 | P50: 8 | Q50: 2 | R50: 22 | S50: 1 | T50: 40 | U50: 29 | V50: 15 | W50: 6 | X50: 32 | Y50: 25 | Z50: 17 | AA50: 25 | AB50: 0 | AC50: 0 | AD50: =SUM(C50:AC50) -> 770 | AF50: Mercado | AG50: 140 | AH50: 130 | AI50: 130 | AJ50: 130 | AK50: 130 | AL50: 130 | AM50: 130 | AN50: 120 | AO50: 120 | AP50: 120 | AQ50: 100 | AR50: 100 | AS50: 130 | AT50: 130 | AU50: 130 | AV50: 140 | AW50: 140 | AX50: 140 | AY50: 140 | AZ50: 220 | BA50: 220 | BB50: 230 | BC50: 230 | BD50: 230 | BE50: 230 | BF50: =BE50 -> 230
... B63: Intermodal Coronel | C63: 20 | D63: 5 | E63: 7 | F63: 22 | G63: 17 | H63: 12683 | I63: 78 | J63: 262 | K63: 80 | L63: 181 | M63: 12 | N63: 61 | O63: 1307 | P63: 559 | Q63: 58 | R63: 622 | S63: 78 | T63: 280 | U63: 230 | V63: 159 | W63: 576 | X63: 346 | Y63: 455 | Z63: 300 | AA63: 14 | AB63: 0 | AC63: 0 | AD63: =SUM(C63:AC63) -> 18412 | AF63: Coronel | AG63: 250 | AH63: 240 | AI63: 240 | AJ63: 240 | AK63: 240 | AL63: 220 | AM63: 220 | AN63: 230 | AO63: 230 | AP63: 230 | AQ63: 230 | AR63: 230 | AS63: 200 | AT63: 200 | AU63: 200 | AV63: 160 | AW63: 160 | AX63: 160 | AY63: 160 | AZ63: 130 | BA63: 130 | BB63: 100 | BC63: 100 | BD63: 100 | BE63: 100 | BF63: =BE63 -> 100
B64: Pasajero Lota | C64: 0 | D64: 0 | E64: 0 | F64: 0 | G64: 0 | H64: 0 | I64: 0 | J64: 0 | K64: 0 | L64: 0 | M64: 0 | N64: 0 | O64: 0 | P64: 0 | Q64: 0 | R64: 0 | S64: 0 | T64: 0 | U64: 0 | V64: 0 | W64: 0 | X64: 0 | Y64: 0 | Z64: 0 | AA64: 0 | AB64: 0 | AC64: 0 | AD64: =SUM(C64:AC64) -> 0 | AF64: Pasajero Lota | AG64: =AG63 -> 250 | AH64: =AH63 -> 240 | AI64: =AI63 -> 240 | AJ64: =AJ63 -> 240 | AK64: =AK63 -> 240 | AL64: =AL63 -> 220 | AM64: =AM63 -> 220 | AN64: =AN63 -> 230 | ... BF64: =BF63 -> 100
B65: Concepcion Centro | C65: 0 | D65: 0 | E65: 0 | F65: 0 | G65: 0 | H65: 0 | I65: 0 | J65: 0 | K65: 0 | L65: 0 | M65: 0 | N65: 0 | O65: 0 | P65: 0 | Q65: 0 | R65: 0 | S65: 0 | T65: 0 | U65: 0 | V65: 0 | W65: 0 | X65: 0 | Y65: 0 | Z65: 0 | AA65: 0 | AB65: 0 | AC65: 0 | AD65: =SUM(C65:AC65) -> 0 | AF65: Concepcion Centro
B66: Total | C66: =SUM(C39:C65) -> 2830 | D66: =SUM(D39:D65) -> 1076 | E66: =SUM(E39:E65) -> 1251 | F66: =SUM(F39:F65) -> 1151 | G66: =SUM(G39:G65) -> 1153 | H66: =SUM(H39:H65) -> 77233 | I66: =SUM(I39:I65) -> 940 | J66: =SUM(J39:J65) -> 3814 | ... AB66: =SUM(AB39:AB65) -> 0 | AC66: =SUM(AC39:AC64) -> 0 | AD66: =SUM(AD39:AD65) -> 218973
B69: =+B37 -> 01 al 31 Mayo | E69: T. Tercera Edad
B70: Estaciones | C70: Hualqui | D70: La Leonera | E70: Manquimávida | F70: Pedro Medina | G70: Chiguayante | H70: Concepción | I70: Lorenzo Arenas | J70: UTFSM | K70: Los Cóndores | L70: Higueras | M70: El Arenal | N70: Mercado | O70: Juan Pablo II | P70: Diagonal Biobío | Q70: Alborada | R70: Costa Mar | S70: El Parque | T70: Lomas Coloradas | U70: C. Raúl Silva H. | V70: Hito Galvarino | W70: Los Canelos | X70: Huinca | Y70: Cristo Redentor | Z70: Laguna Quiñenco | AA70: Intermodal Coronel | AB70: Pasajero Lota | AC70: Concepcion Centro | AD70: Total | AF70: Estaciones | AG70: Hualqui | AH70: Leonera | AI70: Manquimavida | AJ70: Pedro Medina | AK70: Chiguayante | AL70: Concepcion | AM70: Lorenzo Arenas | AN70: UTFSM | AO70: Los Condores | AP70: Higueras | AQ70: Arenal | AR70: Mercado | AS70: Juan Pablo II | AT70: Diagonal Bio Bio | AU70: Alborada | AV70: Costa Mar | AW70: El Parque | AX70: Lomas Coloradas | AY70: Raul Silva H. | AZ70: Hito Galvarino | BA70: Los Canelos | BB70: Huinca | BC70: Cristo Redentor | BD70: Lag.Quiñenco | BE70: Coronel | BF70: Pasajero Lota | BG70: Concepcion Centro
B71: Hualqui | C71: 0 | D71: 0 | E71: 2 | F71: 4 | G71: 8 | H71: 274 | I71: 4 | J71: 7 | K71: 36 | L71: 4 | M71: 27 | N71: 19 | O71: 27 | P71: 0 | Q71: 0 | R71: 11 | S71: 9 | T71: 23 | U71: 0 | V71: 2 | W71: 0 | X71: 2 | Y71: 0 | Z71: 1 | AA71: 3 | AB71: 0 | AC71: 0 | AD71: =SUM(C71:AB71) -> 463 | AF71: Hualqui | AG71: 150 | AH71: 170 | AI71: 170 | AJ71: 170 | AK71: 170 | AL71: 200 | AM71: 200 | AN71: 200 | AO71: 200 | AP71: 200 | AQ71: 210 | AR71: 210 | AS71: 210 | AT71: 210 | AU71: 210 | AV71: 220 | AW71: 220 | AX71: 220 | AY71: 220 | AZ71: 350 | BA71: 350 | BB71: 370 | BC71: 370 | BD71: 380 | BE71: 380 | BF71: =BE71 -> 380
B72: La Leonera | C72: 4 | D72: 1 | E72: 1 | F72: 5 | G72: 5 | H72: 142 | I72: 2 | J72: 4 | K72: 5 | L72: 33 | M72: 1 | N72: 15 | O72: 28 | P72: 12 | Q72: 30 | R72: 9 | S72: 2 | T72: 10 | U72: 1 | V72: 1 | W72: 5 | X72: 0 | Y72: 2 | Z72: 1 | AA72: 4 | AB72: 0 | AC72: 0 | AD72: =SUM(C72:AB72) -> 323 | AF72: Leonera | AG72: 170 | AH72: 150 | AI72: 150 | AJ72: 150 | AK72: 150 | AL72: 180 | AM72: 180 | AN72: 200 | AO72: 200 | AP72: 200 | AQ72: 200 | AR72: 200 | AS72: 210 | AT72: 210 | AU72: 210 | AV72: 210 | AW72: 210 | AX72: 210 | AY72: 210 | AZ72: 350 | BA72: 350 | BB72: 350 | BC72: 350 | BD72: 350 | BE72: 350 | BF72: =BE72 -> 350
B73: Manquimávida | C73: 13 | D73: 1 | E73: 0 | F73: 12 | G73: 1 | H73: 110 | I73: 19 | J73: 11 | K73: 7 | L73: 20 | M73: 42 | N73: 73 | O73: 37 | P73: 1 | Q73: 2 | R73: 0 | S73: 0 | T73: 3 | U73: 1 | V73: 0 | W73: 24 | X73: 1 | Y73: 21 | Z73: 4 | AA73: 0 | AB73: 0 | AC73: 0 | AD73: =SUM(C73:AB73) -> 403 | AF73: Manquimavida | AG73: 170 | AH73: 150 | AI73: 150 | AJ73: 150 | AK73: 150 | AL73: 180 | AM73: 180 | AN73: 200 | AO73: 200 | AP73: 200 | AQ73: 200 | AR73: 200 | AS73: 210 | AT73: 210 | AU73: 210 | AV73: 210 | AW73: 210 | AX73: 210 | AY73: 210 | AZ73: 350 | BA73: 350 | BB73: 350 | BC73: 350 | BD73: 350 | BE73: 350 | BF73: =BE73 -> 350
B74: Pedro Medina | C74: 3 | D74: 2 | E74: 2 | F74: 1 | G74: 2 | H74: 35 | I74: 2 | J74: 4 | K74: 29 | L74: 21 | M74: 4 | N74: 10 | O74: 18 | P74: 7 | Q74: 0 | R74: 0 | S74: 0 | T74: 18 | U74: 9 | V74: 0 | W74: 0 | X74: 0 | Y74: 3 | Z74: 17 | AA74: 2 | AB74: 0 | AC74: 0 | AD74: =SUM(C74:AB74) -> 189 | AF74: Pedro Medina | AG74: 170 | AH74: 150 | AI74: 150 | AJ74: 150 | AK74: 150 | AL74: 180 | AM74: 180 | AN74: 200 | AO74: 200 | AP74: 200 | AQ74: 200 | AR74: 200 | AS74: 210 | AT74: 210 | AU74: 210 | AV74: 210 | AW74: 210 | AX74: 210 | AY74: 210 | AZ74: 350 | BA74: 350 | BB74: 350 | BC74: 350 | BD74: 350 | BE74: 350 | BF74: =BE74 -> 350
B75: Chiguayante | C75: 22 | D75: 7 | E75: 2 | F75: 1 | G75: 0 | H75: 164 | I75: 10 | J75: 8 | K75: 45 | L75: 10 | M75: 14 | N75: 15 | O75: 19 | P75: 26 | Q75: 3 | R75: 3 | S75: 0 | T75: 9 | U75: 16 | V75: 0 | W75: 2 | X75: 3 | Y75: 6 | Z75: 1 | AA75: 5 | AB75: 0 | AC75: 0 | AD75: =SUM(C75:AB75) -> 391 | AF75: Chiguayante | AG75: 170 | AH75: 150 | AI75: 150 | AJ75: 150 | AK75: 150 | AL75: 180 | AM75: 180 | AN75: 200 | AO75: 200 | AP75: 200 | AQ75: 200 | AR75: 200 | AS75: 210 | AT75: 210 | AU75: 210 | AV75: 210 | AW75: 210 | AX75: 210 | AY75: 210 | AZ75: 350 | BA75: 350 | BB75: 350 | BC75: 350 | BD75: 350 | BE75: 350 | BF75: =BE75 -> 350
B76: Concepción | C76: 245 | D76: 104 | E76: 132 | F76: 41 | G76: 134 | H76: 149 | I76: 24 | J76: 42 | K76: 136 | L76: 91 | M76: 60 | N76: 65 | O76: 41 | P76: 109 | Q76: 57 | R76: 344 | S76: 117 | T76: 585 | U76: 623 | V76: 371 | W76: 1669 | X76: 737 | Y76: 1208 | Z76: 968 | AA76: 1243 | AB76: 0 | AC76: 0 | AD76: =SUM(C76:AB76) -> 9295 | AF76: Concepcion | AG76: 200 | AH76: 180 | AI76: 180 | AJ76: 180 | AK76: 180 | AL76: 150 | AM76: 150 | AN76: 170 | AO76: 170 | AP76: 170 | AQ76: 200 | AR76: 200 | AS76: 200 | AT76: 200 | AU76: 200 | AV76: 200 | AW76: 200 | AX76: 200 | AY76: 200 | AZ76: 330 | BA76: 330 | BB76: 330 | BC76: 330 | BD76: 340 | BE76: 340 | BF76: =BE76 -> 340
B77: Lorenzo Arenas | C77: 3 | D77: 8 | E77: 6 | F77: 0 | G77: 21 | H77: 4 | I77: 0 | J77: 3 | K77: 8 | L77: 2 | M77: 4 | N77: 17 | O77: 0 | P77: 2 | Q77: 0 | R77: 5 | S77: 1 | T77: 6 | U77: 3 | V77: 0 | W77: 10 | X77: 2 | Y77: 36 | Z77: 0 | AA77: 1 | AB77: 0 | AC77: 0 | AD77: =SUM(C77:AB77) -> 142 | AF77: Lorenzo Arenas | AG77: 200 | AH77: 180 | AI77: 180 | AJ77: 180 | AK77: 180 | AL77: 150 | AM77: 150 | AN77: 170 | AO77: 170 | AP77: 170 | AQ77: 200 | AR77: 200 | AS77: 200 | AT77: 200 | AU77: 200 | AV77: 200 | AW77: 200 | AX77: 200 | AY77: 200 | AZ77: 330 | BA77: 330 | BB77: 330 | BC77: 330 | BD77: 340 | BE77: 340 | BF77: =BE77 -> 340
B78: UTFSM | C78: 21 | D78: 8 | E78: 29 | F78: 2 | G78: 10 | H78: 47 | I78: 3 | J78: 2 | K78: 2 | L78: 13 | M78: 0 | N78: 9 | O78: 13 | P78: 1 | Q78: 0 | R78: 9 | S78: 6 | T78: 5 | U78: 20 | V78: 0 | W78: 20 | X78: 23 | Y78: 10 | Z78: 3 | AA78: 6 | AB78: 0 | AC78: 0 | AD78: =SUM(C78:AB78) -> 262 | AF78: UTFSM | AG78: 200 | AH78: 200 | AI78: 200 | AJ78: 200 | AK78: 200 | AL78: 170 | AM78: 170 | AN78: 150 | AO78: 150 | AP78: 150 | AQ78: 170 | AR78: 170 | AS78: 190 | AT78: 190 | AU78: 190 | AV78: 210 | AW78: 210 | AX78: 210 | AY78: 210 | AZ78: 330 | BA78: 330 | BB78: 340 | BC78: 340 | BD78: 350 | BE78: 350 | BF78: =BE78 -> 350
B79: Los Cóndores | C79: 66 | D79: 27 | E79: 31 | F79: 25 | G79: 53 | H79: 176 | I79: 1 | J79: 1 | K79: 4 | L79: 1 | M79: 1 | N79: 13 | O79: 14 | P79: 17 | Q79: 0 | R79: 4 | S79: 2 | T79: 24 | U79: 11 | V79: 23 | W79: 7 | X79: 37 | Y79: 15 | Z79: 7 | AA79: 16 | AB79: 0 | AC79: 0 | AD79: =SUM(C79:AB79) -> 576 | AF79: Los Condores | AG79: 200 | AH79: 200 | AI79: 200 | AJ79: 200 | AK79: 200 | AL79: 170 | AM79: 170 | AN79: 150 | AO79: 150 | AP79: 150 | AQ79: 170 | AR79: 170 | AS79: 190 | AT79: 190 | AU79: 190 | AV79: 210 | AW79: 210 | AX79: 210 | AY79: 210 | AZ79: 330 | BA79: 330 | BB79: 340 | BC79: 340 | BD79: 350 | BE79: 350 | BF79: =BE79 -> 350
B80: Higueras | C80: 2 | D80: 24 | E80: 25 | F80: 23 | G80: 11 | H80: 116 | I80: 3 | J80: 7 | K80: 0 | L80: 1 | M80: 9 | N80: 24 | O80: 20 | P80: 2 | Q80: 0 | R80: 2 | S80: 0 | T80: 14 | U80: 2 | V80: 1 | W80: 12 | X80: 46 | Y80: 17 | Z80: 15 | AA80: 14 | AB80: 0 | AC80: 0 | AD80: =SUM(C80:AB80) -> 390 | AF80: Higueras | AG80: 200 | AH80: 200 | AI80: 200 | AJ80: 200 | AK80: 200 | AL80: 170 | AM80: 170 | AN80: 150 | AO80: 150 | AP80: 150 | AQ80: 170 | AR80: 170 | AS80: 190 | AT80: 190 | AU80: 190 | AV80: 210 | AW80: 210 | AX80: 210 | AY80: 210 | AZ80: 330 | BA80: 330 | BB80: 340 | BC80: 340 | BD80: 350 | BE80: 350 | BF80: =BE80 -> 350
B81: El Arenal | C81: 24 | D81: 14 | E81: 40 | F81: 5 | G81: 25 | H81: 66 | I81: 1 | J81: 0 | K81: 3 | L81: 9 | M81: 0 | N81: 6 | O81: 7 | P81: 9 | Q81: 0 | R81: 2 | S81: 14 | T81: 6 | U81: 3 | V81: 3 | W81: 2 | X81: 4 | Y81: 10 | Z81: 3 | AA81: 43 | AB81: 0 | AC81: 0 | AD81: =SUM(C81:AB81) -> 299 | AF81: Arenal | AG81: 210 | AH81: 200 | AI81: 200 | AJ81: 200 | AK81: 200 | AL81: 200 | AM81: 200 | AN81: 170 | AO81: 170 | AP81: 170 | AQ81: 150 | AR81: 150 | AS81: 190 | AT81: 190 | AU81: 190 | AV81: 210 | AW81: 210 | AX81: 210 | AY81: 210 | AZ81: 340 | BA81: 340 | BB81: 350 | BC81: 350 | BD81: 350 | BE81: 350 | BF81: =BE81 -> 350
B82: Mercado | C82: 17 | D82: 15 | E82: 63 | F82: 6 | G82: 21 | H82: 90 | I82: 22 | J82: 9 | K82: 16 | L82: 44 | M82: 4 | N82: 0 | O82: 12 | P82: 14 | Q82: 0 | R82: 4 | S82: 6 | T82: 3 | U82: 22 | V82: 2 | W82: 26 | X82: 10 | Y82: 13 | Z82: 4 | AA82: 11 | AB82: 0 | AC82: 0 | AD82: =SUM(C82:AB82) -> 434 | AF82: Mercado | AG82: 210 | AH82: 200 | AI82: 200 | AJ82: 200 | AK82: 200 | AL82: 200 | AM82: 200 | AN82: 170 | AO82: 170 | AP82: 170 | AQ82: 150 | AR82: 150 | AS82: 190 | AT82: 190 | AU82: 190 | AV82: 210 | AW82: 210 | AX82: 210 | AY82: 210 | AZ82: 340 | BA82: 340 | BB82: 350 | BC82: 350 | BD82: 350 | BE82: 350 | BF82: =BE82 -> 350
... B95: Intermodal Coronel | C95: 6 | D95: 3 | E95: 2 | F95: 13 | G95: 2 | H95: 1547 | I95: 3 | J95: 3 | K95: 19 | L95: 23 | M95: 38 | N95: 14 | O95: 326 | P95: 149 | Q95: 15 | R95: 103 | S95: 124 | T95: 159 | U95: 130 | V95: 68 | W95: 391 | X95: 236 | Y95: 361 | Z95: 190 | AA95: 3 | AB95: 0 | AC95: 0 | AD95: =SUM(C95:AB95) -> 3928 | AF95: Coronel | AG95: 380 | AH95: 350 | AI95: 350 | AJ95: 350 | AK95: 350 | AL95: 340 | AM95: 340 | AN95: 350 | AO95: 350 | AP95: 350 | AQ95: 350 | AR95: 350 | AS95: 300 | AT95: 300 | AU95: 300 | AV95: 240 | AW95: 240 | AX95: 240 | AY95: 240 | AZ95: 190 | BA95: 190 | BB95: 150 | BC95: 150 | BD95: 150 | BE95: 150 | BF95: =BE95 -> 150
B96: Pasajero Lota | C96: 0 | D96: 0 | E96: 0 | F96: 0 | G96: 0 | H96: 0 | I96: 0 | J96: 0 | K96: 0 | L96: 0 | M96: 0 | N96: 0 | O96: 0 | P96: 0 | Q96: 0 | R96: 0 | S96: 0 | T96: 0 | U96: 0 | V96: 0 | W96: 0 | X96: 0 | Y96: 0 | Z96: 0 | AA96: 0 | AB96: 0 | AC96: 0 | AD96: =SUM(C96:AB96) -> 0 | AF96: Pasajero Lota | AG96: =AG95 -> 380 | AH96: =AH95 -> 350 | AI96: =AI95 -> 350 | AJ96: =AJ95 -> 350 | AK96: =AK95 -> 350 | AL96: =AL95 -> 340 | AM96: =AM95 -> 340 | AN96: =AN95 -> 350 | ... BF96: =BF95 -> 150
B97: Concepcion Centro | C97: 0 | D97: 0 | E97: 0 | F97: 0 | G97: 0 | H97: 0 | I97: 0 | J97: 0 | K97: 0 | L97: 0 | M97: 0 | N97: 0 | O97: 0 | P97: 0 | Q97: 0 | R97: 0 | S97: 0 | T97: 0 | U97: 0 | V97: 0 | W97: 0 | X97: 0 | Y97: 0 | Z97: 0 | AA97: 0 | AB97: 0 | AC97: 0 | AD97: =SUM(C97:AB97) -> 0 | AF97: Concepcion Centro
B98: Total | C98: =SUM(C71:C96) -> 488 | D98: =SUM(D71:D96) -> 302 | E98: =SUM(E71:E96) -> 433 | F98: =SUM(F71:F96) -> 220 | G98: =SUM(G71:G96) -> 366 | H98: =SUM(H71:H96) -> 10094 | I98: =SUM(I71:I96) -> 206 | J98: =SUM(J71:J96) -> 227 | ... AC98: =SUM(AC71:AC96) -> 0 | AD98: =SUM(AD71:AD97) -> 38526
B102: =+B69 -> 01 al 31 Mayo | E102: Total Mes Tarjetas
B103: Estaciones | C103: Hualqui | D103: La Leonera | E103: Manquimávida | F103: Pedro Medina | G103: Chiguayante | H103: Concepción | I103: Lorenzo Arenas | J103: UTFSM | K103: Los Cóndores | L103: Higueras | M103: El Arenal | N103: Mercado | O103: Juan Pablo II | P103: Diagonal Biobío | Q103: Alborada | R103: Costa Mar | S103: El Parque | T103: Lomas Coloradas | U103: C. Raúl Silva H. | V103: Hito Galvarino | W103: Los Canelos | X103: Huinca | Y103: Cristo Redentor | Z103: Laguna Quiñenco | AA103: Intermodal Coronel | AB103: Pasajero Lota | AC103: Concepcion Centro | AD103: Total
B104: Hualqui | C104: =+C7+C39+C71 -> 30 | D104: =+D7+D39+D71 -> 178 | E104: =+E7+E39+E71 -> 438 | F104: =+F7+F39+F71 -> 692 | G104: =+G7+G39+G71 -> 663 | H104: =+H7+H39+H71 -> 6647 | I104: =+I7+I39+I71 -> 582 | J104: =+J7+J39+J71 -> 745 | ... AB104: =+AB7+AB39+AB71 -> 0 | AC104: 0 | AD104: =SUM(C104:AC104) -> 14814
B105: La Leonera | C105: =+C8+C40+C72 -> 260 | D105: =+D8+D40+D72 -> 15 | E105: =+E8+E40+E72 -> 162 | F105: =+F8+F40+F72 -> 134 | G105: =+G8+G40+G72 -> 229 | H105: =+H8+H40+H72 -> 4304 | I105: =+I8+I40+I72 -> 606 | J105: =+J8+J40+J72 -> 789 | ... AB105: =+AB8+AB40+AB72 -> 0 | AC105: 0 | AD105: =SUM(C105:AC105) -> 11889
B106: Manquimávida | C106: =+C9+C41+C73 -> 727 | D106: =+D9+D41+D73 -> 122 | E106: =+E9+E41+E73 -> 8 | F106: =+F9+F41+F73 -> 145 | G106: =+G9+G41+G73 -> 179 | H106: =+H9+H41+H73 -> 4537 | I106: =+I9+I41+I73 -> 572 | J106: =+J9+J41+J73 -> 617 | ... AB106: =+AB9+AB41+AB73 -> 0 | AC106: 0 | AD106: =SUM(C106:AC106) -> 11532
B107: Pedro Medina | C107: =+C10+C42+C74 -> 1065 | D107: =+D10+D42+D74 -> 90 | E107: =+E10+E42+E74 -> 164 | F107: =+F10+F42+F74 -> 10 | G107: =+G10+G42+G74 -> 36 | H107: =+H10+H42+H74 -> 2014 | I107: =+I10+I42+I74 -> 408 | J107: =+J10+J42+J74 -> 519 | ... AB107: =+AB10+AB42+AB74 -> 0 | AC107: 0 | AD107: =SUM(C107:AC107) -> 8120
B108: Chiguayante | C108: =+C11+C43+C75 -> 1017 | D108: =+D11+D43+D75 -> 159 | E108: =+E11+E43+E75 -> 299 | F108: =+F11+F43+F75 -> 36 | G108: =+G11+G43+G75 -> 24 | H108: =+H11+H43+H75 -> 3994 | I108: =+I11+I43+I75 -> 709 | J108: =+J11+J43+J75 -> 988 | ... AB108: =+AB11+AB43+AB75 -> 0 | AC108: 0 | AD108: =SUM(C108:AC108) -> 13677
B109: Concepción | C109: =+C12+C44+C76 -> 8682 | D109: =+D12+D44+D76 -> 3850 | E109: =+E12+E44+E76 -> 4390 | F109: =+F12+F44+F76 -> 2220 | G109: =+G12+G44+G76 -> 3040 | H109: =+H12+H44+H76 -> 7596 | I109: =+I12+I44+I76 -> 647 | J109: =+J12+J44+J76 -> 1485 | ... AB109: =+AB12+AB44+AB76 -> 0 | AC109: 0 | AD109: =SUM(C109:AC109) -> 269851
B110: Lorenzo Arenas | C110: =+C13+C45+C77 -> 612 | D110: =+D13+D45+D77 -> 568 | E110: =+E13+E45+E77 -> 513 | F110: =+F13+F45+F77 -> 413 | G110: =+G13+G45+G77 -> 617 | H110: =+H13+H45+H77 -> 562 | I110: =+I13+I45+I77 -> 8 | J110: =+J13+J45+J77 -> 147 | ... AB110: =+AB13+AB45+AB77 -> 0 | AC110: 0 | AD110: =SUM(C110:AC110) -> 7070
B111: UTFSM | C111: =+C14+C46+C78 -> 953 | D111: =+D14+D46+D78 -> 682 | E111: =+E14+E46+E78 -> 646 | F111: =+F14+F46+F78 -> 461 | G111: =+G14+G46+G78 -> 1050 | H111: =+H14+H46+H78 -> 1765 | I111: =+I14+I46+I78 -> 214 | J111: =+J14+J46+J78 -> 21 | ... AB111: =+AB14+AB46+AB78 -> 0 | AC111: 0 | AD111: =SUM(C111:AC111) -> 12719
B112: Los Cóndores | C112: =+C15+C47+C79 -> 793 | D112: =+D15+D47+D79 -> 910 | E112: =+E15+E47+E79 -> 558 | F112: =+F15+F47+F79 -> 480 | G112: =+G15+G47+G79 -> 810 | H112: =+H15+H47+H79 -> 3606 | I112: =+I15+I47+I79 -> 349 | J112: =+J15+J47+J79 -> 334 | ... AB112: =+AB15+AB47+AB79 -> 0 | AC112: 0 | AD112: =SUM(C112:AC112) -> 13264
B113: Higueras | C113: =+C16+C48+C80 -> 686 | D113: =+D16+D48+D80 -> 490 | E113: =+E16+E48+E80 -> 599 | F113: =+F16+F48+F80 -> 571 | G113: =+G16+G48+G80 -> 869 | H113: =+H16+H48+H80 -> 2928 | I113: =+I16+I48+I80 -> 329 | J113: =+J16+J48+J80 -> 346 | ... AB113: =+AB16+AB48+AB80 -> 0 | AC113: 0 | AD113: =SUM(C113:AC113) -> 11623
B114: El Arenal | C114: =+C17+C49+C81 -> 539 | D114: =+D17+D49+D81 -> 420 | E114: =+E17+E49+E81 -> 364 | F114: =+F17+F49+F81 -> 331 | G114: =+G17+G49+G81 -> 422 | H114: =+H17+H49+H81 -> 1963 | I114: =+I17+I49+I81 -> 220 | J114: =+J17+J49+J81 -> 296 | ... AB114: =+AB17+AB49+AB81 -> 0 | AC114: 0 | AD114: =SUM(C114:AC114) -> 7371
B115: Mercado | C115: =+C18+C50+C82 -> 559 | D115: =+D18+D50+D82 -> 710 | E115: =+E18+E50+E82 -> 569 | F115: =+F18+F50+F82 -> 545 | G115: =+G18+G50+G82 -> 789 | H115: =+H18+H50+H82 -> 2203 | I115: =+I18+I50+I82 -> 305 | J115: =+J18+J50+J82 -> 565 | ... AB115: =+AB18+AB50+AB82 -> 0 | AC115: 0 | AD115: =SUM(C115:AC115) -> 11349
... B129: Pasajero Lota | C129: =+C32+C64+C96 -> 0 | D129: =+D32+D64+D96 -> 0 | E129: =+E32+E64+E96 -> 0 | F129: =+F32+F64+F96 -> 0 | G129: =+G32+G64+G96 -> 0 | H129: =+H32+H64+H96 -> 0 | I129: =+I32+I64+I96 -> 0 | J129: =+J32+J64+J96 -> 0 | ... AB129: =+AB32+AB64+AB96 -> 0 | AC129: 0 | AD129: =SUM(C129:AC129) -> 0
B130: Concepcion Centro | C130: 0 | D130: 0 | E130: 0 | F130: 0 | G130: 0 | H130: 0 | I130: 0 | J130: 0 | K130: 0 | L130: 0 | M130: 0 | N130: 0 | O130: 0 | P130: 0 | Q130: 0 | R130: 0 | S130: 0 | T130: 0 | U130: 0 | V130: 0 | W130: 0 | X130: 0 | Y130: 0 | Z130: 0 | AA130: 0 | AB130: 0 | AC130: 0 | AD130: =SUM(C130:AC130) -> 0
B131: Total | C131: =SUM(C104:C130) -> 18525 | D131: =SUM(D104:D130) -> 11114 | E131: =SUM(E104:E130) -> 11279 | F131: =SUM(F104:F130) -> 8364 | G131: =SUM(G104:G130) -> 12127 | H131: =SUM(H104:H130) -> 287993 | I131: =SUM(I104:I130) -> 8587 | J131: =SUM(J104:J130) -> 12748 | ... AC131: =SUM(AC104:AC130) -> 0 | AD131: =SUM(AD104:AD129) -> 989606
B133: CC a L2 | C133: =SUM(H116:H130)+SUM(O109:AC109) -> 474318
B134: L2/L1 | C134: =SUM(C116:G130)+SUM(I116:N130)+SUM(O104:AC108)+SUM(O110:AC115) -> 78448

Sheet Jun 2023
C2: Matriz Origen-Destino Tarjetas Biotren
C3: Mes: JUNIO 2023 | G3: Periodo: 01 al 30 Junio
C4: }
B5: 01 al 30 Junio | E5: T. Monedero
B6: Estaciones | C6: Hualqui | D6: La Leonera | E6: Manquimavida | F6: Pedro Medina | G6: Chiguayante | H6: Concepcion | I6: Lorenzo Arenas | J6: UTFSM | K6: Los Condores | L6: Higueras | M6: Arenal | N6: Mercado | O6: Juan Pablo II | P6: Diagonal Bio Bio | Q6: Alborada | R6: Costa Mar | S6: Megacentro | T6: Lomas Coloradas | U6: Conavicoop | V6: Escuadron | W6: Los Canelos | X6: Los Molles | Y6: Los Chiflones | Z6: Yobilo | AA6: Intermodal Coronel | AB6: Pasajero Lota | AC6: Concepcion Centro | AD6: Total | AF6: Estaciones | AG6: Hualqui | AH6: Leonera | AI6: Manquimavida | AJ6: Pedro Medina | AK6: Chiguayante | AL6: Concepcion | AM6: Lorenzo Arenas | AN6: UTFSM | AO6: Los Condores | AP6: Higueras | AQ6: Arenal | AR6: Mercado | AS6: Juan Pablo II | AT6: Diagonal Bio Bio | AU6: Alborada | AV6: Costa Mar | AW6: El Parque | AX6: Lomas Coloradas | AY6: Raul Silva H. | AZ6: Hito Galvarino | BA6: Los Canelos | BB6: Huinca | BC6: Cristo Redentor | BD6: Lag.Quiñenco | BE6: Coronel | BF6: Pasajero Lota | BG6: Concepcion Centro
B7: Hualqui | C7: 5 | D7: 123 | E7: 211 | F7: 257 | G7: 414 | H7: 4226 | I7: 524 | J7: 516 | K7: 465 | L7: 499 | M7: 368 | N7: 400 | O7: 469 | P7: 141 | Q7: 125 | R7: 232 | S7: 172 | T7: 179 | U7: 72 | V7: 84 | W7: 87 | X7: 79 | Y7: 29 | Z7: 103 | AA7: 185 | AD7: =SUM(C7:AC7) -> 9965 | AF7: Hualqui | AG7: 290 | AH7: 340 | AI7: 340 | AJ7: 340 | AK7: 340 | AL7: 390 | AM7: 390 | AN7: 400 | AO7: 400 | AP7: 400 | AQ7: 420 | AR7: 420 | AS7: 420 | AT7: 420 | AU7: 420 | AV7: 430 | AW7: 430 | AX7: 430 | AY7: 430 | AZ7: 700 | BA7: 700 | BB7: 740 | BC7: 740 | BD7: 750 | BE7: 750 | BF7: =BE7 -> 750
B8: La Leonera | C8: 190 | D8: 5 | E8: 86 | F8: 96 | G8: 199 | H8: 3070 | I8: 503 | J8: 489 | K8: 548 | L8: 405 | M8: 310 | N8: 588 | O8: 560 | P8: 171 | Q8: 138 | R8: 208 | S8: 277 | T8: 271 | U8: 103 | V8: 111 | W8: 176 | X8: 48 | Y8: 101 | Z8: 93 | AA8: 241 | AD8: =SUM(C8:AB8) -> 8987 | AF8: Leonera | AG8: 340 | AH8: 290 | AI8: 290 | AJ8: 290 | AK8: 290 | AL8: 360 | AM8: 360 | AN8: 390 | AO8: 390 | AP8: 390 | AQ8: 400 | AR8: 400 | AS8: 410 | AT8: 410 | AU8: 410 | AV8: 420 | AW8: 420 | AX8: 420 | AY8: 420 | AZ8: 690 | BA8: 690 | BB8: 700 | BC8: 700 | BD8: 700 | BE8: 700 | BF8: =BE8 -> 700
B9: Manquimavida | C9: 271 | D9: 68 | E9: 4 | F9: 70 | G9: 108 | H9: 3325 | I9: 484 | J9: 422 | K9: 319 | L9: 426 | M9: 323 | N9: 497 | O9: 437 | P9: 110 | Q9: 85 | R9: 169 | S9: 166 | T9: 226 | U9: 205 | V9: 109 | W9: 151 | X9: 36 | Y9: 75 | Z9: 43 | AA9: 158 | AD9: =SUM(C9:AB9) -> 8287 | AF9: Manquimavida | AG9: 340 | AH9: 290 | AI9: 290 | AJ9: 290 | AK9: 290 | AL9: 360 | AM9: 360 | AN9: 390 | AO9: 390 | AP9: 390 | AQ9: 400 | AR9: 400 | AS9: 410 | AT9: 410 | AU9: 410 | AV9: 420 | AW9: 420 | AX9: 420 | AY9: 420 | AZ9: 690 | BA9: 690 | BB9: 700 | BC9: 700 | BD9: 700 | BE9: 700 | BF9: =BE9 -> 700
B10: Pedro Medina | C10: 426 | D10: 55 | E10: 102 | F10: 5 | G10: 27 | H10: 1480 | I10: 338 | J10: 367 | K10: 341 | L10: 449 | M10: 171 | N10: 359 | O10: 347 | P10: 203 | Q10: 63 | R10: 104 | S10: 195 | T10: 137 | U10: 80 | V10: 79 | W10: 62 | X10: 19 | Y10: 43 | Z10: 39 | AA10: 127 | AD10: =SUM(C10:AB10) -> 5618 | AF10: Pedro Medina | AG10: 340 | AH10: 290 | AI10: 290 | AJ10: 290 | AK10: 290 | AL10: 360 | AM10: 360 | AN10: 390 | AO10: 390 | AP10: 390 | AQ10: 400 | AR10: 400 | AS10: 410 | AT10: 410 | AU10: 410 | AV10: 420 | AW10: 420 | AX10: 420 | AY10: 420 | AZ10: 690 | BA10: 690 | BB10: 700 | BC10: 700 | BD10: 700 | BE10: 700 | BF10: =BE10 -> 700
B11: Chiguayante | C11: 613 | D11: 137 | E11: 175 | F11: 28 | G11: 20 | H11: 2616 | I11: 551 | J11: 592 | K11: 548 | L11: 718 | M11: 329 | N11: 758 | O11: 344 | P11: 263 | Q11: 64 | R11: 338 | S11: 170 | T11: 352 | U11: 150 | V11: 112 | W11: 161 | X11: 68 | Y11: 100 | Z11: 123 | AA11: 310 | AD11: =SUM(C11:AB11) -> 9640 | AF11: Chiguayante | AG11: 340 | AH11: 290 | AI11: 290 | AJ11: 290 | AK11: 290 | AL11: 360 | AM11: 360 | AN11: 390 | AO11: 390 | AP11: 390 | AQ11: 400 | AR11: 400 | AS11: 410 | AT11: 410 | AU11: 410 | AV11: 420 | AW11: 420 | AX11: 420 | AY11: 420 | AZ11: 690 | BA11: 690 | BB11: 700 | BC11: 700 | BD11: 700 | BE11: 700 | BF11: =BE11 -> 700
B12: Concepcion | C12: 5991 | D12: 2915 | E12: 3181 | F12: 1533 | G12: 2146 | H12: 5376 | I12: 482 | J12: 928 | K12: 2423 | L12: 1822 | M12: 1549 | N12: 1319 | O12: 1776 | P12: 2966 | Q12: 2963 | R12: 14310 | S12: 4487 | T12: 17415 | U12: 13241 | V12: 6213 | W12: 16103 | X12: 9186 | Y12: 14426 | Z12: 12145 | AA12: 15334 | AD12: =SUM(C12:AB12) -> 160230 | AF12: Concepcion | AG12: 390 | AH12: 360 | AI12: 360 | AJ12: 360 | AK12: 360 | AL12: 290 | AM12: 290 | AN12: 340 | AO12: 340 | AP12: 340 | AQ12: 390 | AR12: 390 | AS12: 390 | AT12: 390 | AU12: 390 | AV12: 400 | AW12: 400 | AX12: 400 | AY12: 400 | AZ12: 650 | BA12: 650 | BB12: 650 | BC12: 650 | BD12: 670 | BE12: 670 | BF12: =BE12 -> 670
B13: Lorenzo Arenas | C13: 549 | D13: 451 | E13: 418 | F13: 329 | G13: 486 | H13: 456 | I13: 4 | J13: 94 | K13: 239 | L13: 252 | M13: 186 | N13: 280 | O13: 27 | P13: 71 | Q13: 77 | R13: 221 | S13: 43 | T13: 235 | U13: 169 | V13: 96 | W13: 201 | X13: 106 | Y13: 178 | Z13: 112 | AA13: 131 | AD13: =SUM(C13:AB13) -> 5411 | AF13: Lorenzo Arenas | AG13: 390 | AH13: 360 | AI13: 360 | AJ13: 360 | AK13: 360 | AL13: 290 | AM13: 290 | AN13: 340 | AO13: 340 | AP13: 340 | AQ13: 390 | AR13: 390 | AS13: 390 | AT13: 390 | AU13: 390 | AV13: 400 | AW13: 400 | AX13: 400 | AY13: 400 | AZ13: 650 | BA13: 650 | BB13: 650 | BC13: 650 | BD13: 670 | BE13: 670 | BF13: =BE13 -> 670
B14: UTFSM | C14: 709 | D14: 410 | E14: 451 | F14: 374 | G14: 681 | H14: 1087 | I14: 118 | J14: 4 | K14: 252 | L14: 309 | M14: 245 | N14: 481 | O14: 128 | P14: 155 | Q14: 160 | R14: 501 | S14: 146 | T14: 283 | U14: 192 | V14: 154 | W14: 213 | X14: 272 | Y14: 226 | Z14: 212 | AA14: 270 | AD14: =SUM(C14:AB14) -> 8033 | AF14: UTFSM | AG14: 400 | AH14: 390 | AI14: 390 | AJ14: 390 | AK14: 390 | AL14: 340 | AM14: 340 | AN14: 290 | AO14: 290 | AP14: 290 | AQ14: 340 | AR14: 340 | AS14: 380 | AT14: 380 | AU14: 380 | AV14: 420 | AW14: 420 | AX14: 420 | AY14: 420 | AZ14: 660 | BA14: 660 | BB14: 670 | BC14: 670 | BD14: 690 | BE14: 690 | BF14: =BE14 -> 690
B15: Los Condores | C15: 628 | D15: 685 | E15: 373 | F15: 402 | G15: 564 | H15: 2653 | I15: 278 | J15: 220 | K15: 12 | L15: 98 | M15: 180 | N15: 243 | O15: 291 | P15: 221 | Q15: 132 | R15: 353 | S15: 201 | T15: 447 | U15: 229 | V15: 224 | W15: 402 | X15: 133 | Y15: 182 | Z15: 246 | AA15: 553 | AD15: =SUM(C15:AB15) -> 9950 | AF15: Los Condores | AG15: 400 | AH15: 390 | AI15: 390 | AJ15: 390 | AK15: 390 | AL15: 340 | AM15: 340 | AN15: 290 | AO15: 290 | AP15: 290 | AQ15: 340 | AR15: 340 | AS15: 380 | AT15: 380 | AU15: 380 | AV15: 420 | AW15: 420 | AX15: 420 | AY15: 420 | AZ15: 660 | BA15: 660 | BB15: 670 | BC15: 670 | BD15: 690 | BE15: 690 | BF15: =BE15 -> 690
B16: Higueras | C16: 495 | D16: 388 | E16: 415 | F16: 433 | G16: 589 | H16: 2262 | I16: 299 | J16: 211 | K16: 66 | L16: 5 | M16: 81 | N16: 238 | O16: 270 | P16: 194 | Q16: 123 | R16: 300 | S16: 120 | T16: 425 | U16: 305 | V16: 119 | W16: 228 | X16: 164 | Y16: 182 | Z16: 192 | AA16: 354 | AD16: =SUM(C16:AB16) -> 8458 | AF16: Higueras | AG16: 400 | AH16: 390 | AI16: 390 | AJ16: 390 | AK16: 390 | AL16: 340 | AM16: 340 | AN16: 290 | AO16: 290 | AP16: 290 | AQ16: 340 | AR16: 340 | AS16: 380 | AT16: 380 | AU16: 380 | AV16: 420 | AW16: 420 | AX16: 420 | AY16: 420 | AZ16: 660 | BA16: 660 | BB16: 670 | BC16: 670 | BD16: 690 | BE16: 690 | BF16: =BE16 -> 690
B17: El Arenal | C17: 426 | D17: 343 | E17: 347 | F17: 194 | G17: 328 | H17: 1625 | I17: 192 | J17: 266 | K17: 155 | L17: 91 | M17: 2 | N17: 17 | O17: 255 | P17: 102 | Q17: 104 | R17: 227 | S17: 87 | T17: 300 | U17: 112 | V17: 187 | W17: 247 | X17: 79 | Y17: 157 | Z17: 145 | AA17: 254 | AD17: =SUM(C17:AB17) -> 6242 | AF17: Arenal | AG17: 420 | AH17: 400 | AI17: 400 | AJ17: 400 | AK17: 400 | AL17: 390 | AM17: 390 | AN17: 340 | AO17: 340 | AP17: 340 | AQ17: 290 | AR17: 290 | AS17: 380 | AT17: 380 | AU17: 380 | AV17: 420 | AW17: 420 | AX17: 420 | AY17: 420 | AZ17: 670 | BA17: 670 | BB17: 690 | BC17: 690 | BD17: 700 | BE17: 700 | BF17: =BE17 -> 700
B18: Mercado | C18: 467 | D18: 584 | E18: 496 | F18: 483 | G18: 689 | H18: 1627 | I18: 221 | J18: 422 | K18: 262 | L18: 272 | M18: 58 | N18: 10 | O18: 294 | P18: 210 | Q18: 98 | R18: 435 | S18: 91 | T18: 440 | U18: 327 | V18: 168 | W18: 356 | X18: 128 | Y18: 314 | Z18: 190 | AA18: 396 | AD18: =SUM(C18:AB18) -> 9038 | AF18: Mercado | AG18: 420 | AH18: 400 | AI18: 400 | AJ18: 400 | AK18: 400 | AL18: 390 | AM18: 390 | AN18: 340 | AO18: 340 | AP18: 340 | AQ18: 290 | AR18: 290 | AS18: 380 | AT18: 380 | AU18: 380 | AV18: 420 | AW18: 420 | AX18: 420 | AY18: 420 | AZ18: 670 | BA18: 670 | BB18: 690 | BC18: 690 | BD18: 700 | BE18: 700 | BF18: =BE18 -> 700
B19: Juan Pablo II | C19: 497 | D19: 427 | E19: 387 | F19: 338 | G19: 355 | H19: 1593 | I19: 38 | J19: 125 | K19: 259 | L19: 237 | M19: 205 | N19: 279 | O19: 15 | P19: 394 | Q19: 916 | R19: 3139 | S19: 651 | T19: 3241 | U19: 2721 | V19: 1028 | W19: 2514 | X19: 1481 | Y19: 2195 | Z19: 1500 | AA19: 2676 | AD19: =SUM(C19:AB19) -> 27211 | AF19: Juan Pablo II | AG19: 420 | AH19: 410 | AI19: 410 | AJ19: 410 | AK19: 410 | AL19: 390 | AM19: 390 | AN19: 380 | AO19: 380 | AP19: 380 | AQ19: 380 | AR19: 380 | AS19: 290 | AT19: 290 | AU19: 290 | AV19: 360 | AW19: 360 | AX19: 360 | AY19: 360 | AZ19: 470 | BA19: 470 | BB19: 490 | BC19: 490 | BD19: 600 | BE19: 600 | BF19: =BE19 -> 600
