Workbook

Sheet CortoLaja 2025
A1: Matriz Tarifaria Adulto
A2: Estaciónes | B2: Mercado | C2: Arenal | D2: Higueras | E2: Los Condores | F2: UTFSM | G2: Lorenzo Arenas | H2: Concepción | I2: Chiguayante | J2: Predro Medina | K2: Manquimávida | L2: La leonera | M2: Hualqui | N2: Quilacoya | O2: San Miguel | P2: Unihue | Q2: Valle Chanco | R2: Los Acacios | S2: Talcamávida | T2: Gomero | U2: Buenuraqui | V2: San Rosendo | W2: Laja
A3: Mercado | B3: 0 | C3: 550 | D3: 550 | E3: 550 | F3: 550 | G3: 550 | H3: 550 | I3: 550 | J3: 550 | K3: 550 | L3: 550 | M3: 550 | N3: 1170 | O3: 1170 | P3: 1300 | Q3: 1300 | R3: 1300 | S3: 1300 | T3: 1300 | U3: 2030 | V3: 2170 | W3: 2170
A4: Arenal | B4: 550 | C4: 0 | D4: 550 | E4: 550 | F4: 550 | G4: 550 | H4: 550 | I4: 550 | J4: 550 | K4: 550 | L4: 550 | M4: 550 | N4: 1170 | O4: 1170 | P4: 1300 | Q4: 1300 | R4: 1300 | S4: 1300 | T4: 1300 | U4: 2030 | V4: 2170 | W4: 2170
A5: Higueras | B5: 550 | C5: 550 | D5: 0 | E5: 550 | F5: 550 | G5: 550 | H5: 550 | I5: 550 | J5: 550 | K5: 550 | L5: 550 | M5: 550 | N5: 1170 | O5: 1170 | P5: 1300 | Q5: 1300 | R5: 1300 | S5: 1300 | T5: 1300 | U5: 2030 | V5: 2170 | W5: 2170
A6: Los Condores | B6: 550 | C6: 550 | D6: 550 | E6: 0 | F6: 550 | G6: 550 | H6: 550 | I6: 550 | J6: 550 | K6: 550 | L6: 550 | M6: 550 | N6: 1170 | O6: 1170 | P6: 1300 | Q6: 1300 | R6: 1300 | S6: 1300 | T6: 1300 | U6: 2030 | V6: 2170 | W6: 2170
A7: UTFSM | B7: 550 | C7: 550 | D7: 550 | E7: 550 | F7: 0 | G7: 550 | H7: 550 | I7: 550 | J7: 550 | K7: 550 | L7: 550 | M7: 550 | N7: 1170 | O7: 1170 | P7: 1300 | Q7: 1300 | R7: 1300 | S7: 1300 | T7: 1300 | U7: 2030 | V7: 2170 | W7: 2170
A8: Lorenzo Arenas | B8: 550 | C8: 550 | D8: 550 | E8: 550 | F8: 550 | G8: 0 | H8: 550 | I8: 550 | J8: 550 | K8: 550 | L8: 550 | M8: 550 | N8: 1170 | O8: 1170 | P8: 1300 | Q8: 1300 | R8: 1300 | S8: 1300 | T8: 1300 | U8: 2030 | V8: 2170 | W8: 2170
A9: Concepción | B9: 550 | C9: 550 | D9: 550 | E9: 550 | F9: 550 | G9: 550 | H9: 0 | I9: 550 | J9: 550 | K9: 550 | L9: 550 | M9: 550 | N9: 1170 | O9: 1170 | P9: 1300 | Q9: 1300 | R9: 1300 | S9: 1300 | T9: 1300 | U9: 2030 | V9: 2170 | W9: 2170
A10: Chiguayante | B10: 550 | C10: 550 | D10: 550 | E10: 550 | F10: 550 | G10: 550 | H10: 550 | I10: 0 | J10: 550 | K10: 550 | L10: 550 | M10: 550 | N10: 1170 | O10: 1170 | P10: 1300 | Q10: 1300 | R10: 1300 | S10: 1300 | T10: 1300 | U10: 2030 | V10: 2170 | W10: 2170
A11: Pedro Medina | B11: 550 | C11: 550 | D11: 550 | E11: 550 | F11: 550 | G11: 550 | H11: 550 | I11: 550 | J11: 0 | K11: 550 | L11: 550 | M11: 550 | N11: 1170 | O11: 1170 | P11: 1300 | Q11: 1300 | R11: 1300 | S11: 1300 | T11: 1300 | U11: 2030 | V11: 2170 | W11: 2170
A12: Manquimávida | B12: 550 | C12: 550 | D12: 550 | E12: 550 | F12: 550 | G12: 550 | H12: 550 | I12: 550 | J12: 550 | K12: 0 | L12: 550 | M12: 550 | N12: 1170 | O12: 1170 | P12: 1300 | Q12: 1300 | R12: 1300 | S12: 1300 | T12: 1300 | U12: 2030 | V12: 2170 | W12: 2170
A13: La Leonera | B13: 550 | C13: 550 | D13: 550 | E13: 550 | F13: 550 | G13: 550 | H13: 550 | I13: 550 | J13: 550 | K13: 550 | L13: 0 | M13: 550 | N13: 1170 | O13: 1170 | P13: 1300 | Q13: 1300 | R13: 1300 | S13: 1300 | T13: 1300 | U13: 2030 | V13: 2170 | W13: 2170
A14: Hualqui | B14: 550 | C14: 550 | D14: 550 | E14: 550 | F14: 550 | G14: 550 | H14: 550 | I14: 550 | J14: 550 | K14: 550 | L14: 550 | M14: 0 | N14: 650 | O14: 650 | P14: 1300 | Q14: 1300 | R14: 1300 | S14: 1300 | T14: 1300 | U14: 2030 | V14: 2170 | W14: 2170
... A24: Laja | B24: 2170 | C24: 2170 | D24: 2170 | E24: 2170 | F24: 2170 | G24: 2170 | H24: 2170 | I24: 2170 | J24: 2170 | K24: 2170 | L24: 2170 | M24: 2170 | N24: 1840 | O24: 1840 | P24: 1200 | Q24: 1200 | R24: 1200 | S24: 1200 | T24: 1200 | U24: 1200 | V24: 650 | W24: 0
A25: 0.5
A26: Matriz Tarifaria Estudiante Media y Superior
A27: Estaciónes | B27: Mercado | C27: Arenal | D27: Higueras | E27: Los Condores | F27: UTFSM | G27: Lorenzo Arenas | H27: Concepción | I27: Chiguayante | J27: Predro Medina | K27: Manquimávida | L27: La leonera | M27: Hualqui | N27: Quilacoya | O27: San Miguel | P27: Unihue | Q27: Valle Chanco | R27: Los Acacios | S27: Talcamávida | T27: Gomero | U27: Buenuraqui | V27: San Rosendo | W27: Laja
A28: Mercado | B28: =MROUND(B3*$A$25,10) -> 0 | C28: =MROUND(C3*$A$25,10) -> 280 | D28: =MROUND(D3*$A$25,10) -> 280 | E28: =MROUND(E3*$A$25,10) -> 280 | F28: =MROUND(F3*$A$25,10) -> 280 | G28: =MROUND(G3*$A$25,10) -> 280 | H28: =MROUND(H3*$A$25,10) -> 280 | I28: =MROUND(I3*$A$25,10) -> 280 | ... W28: =MROUND(W3*$A$25,10) -> 1090
A29: Arenal | B29: =MROUND(B4*$A$25,10) -> 280 | C29: =MROUND(C4*$A$25,10) -> 0 | D29: =MROUND(D4*$A$25,10) -> 280 | E29: =MROUND(E4*$A$25,10) -> 280 | F29: =MROUND(F4*$A$25,10) -> 280 | G29: =MROUND(G4*$A$25,10) -> 280 | H29: =MROUND(H4*$A$25,10) -> 280 | I29: =MROUND(I4*$A$25,10) -> 280 | ... W29: =MROUND(W4*$A$25,10) -> 1090
A30: Higueras | B30: =MROUND(B5*$A$25,10) -> 280 | C30: =MROUND(C5*$A$25,10) -> 280 | D30: =MROUND(D5*$A$25,10) -> 0 | E30: =MROUND(E5*$A$25,10) -> 280 | F30: =MROUND(F5*$A$25,10) -> 280 | G30: =MROUND(G5*$A$25,10) -> 280 | H30: =MROUND(H5*$A$25,10) -> 280 | I30: =MROUND(I5*$A$25,10) -> 280 | ... W30: =MROUND(W5*$A$25,10) -> 1090
A31: Los Condores | B31: =MROUND(B6*$A$25,10) -> 280 | C31: =MROUND(C6*$A$25,10) -> 280 | D31: =MROUND(D6*$A$25,10) -> 280 | E31: =MROUND(E6*$A$25,10) -> 0 | F31: =MROUND(F6*$A$25,10) -> 280 | G31: =MROUND(G6*$A$25,10) -> 280 | H31: =MROUND(H6*$A$25,10) -> 280 | I31: =MROUND(I6*$A$25,10) -> 280 | ... W31: =MROUND(W6*$A$25,10) -> 1090
A32: UTFSM | B32: =MROUND(B7*$A$25,10) -> 280 | C32: =MROUND(C7*$A$25,10) -> 280 | D32: =MROUND(D7*$A$25,10) -> 280 | E32: =MROUND(E7*$A$25,10) -> 280 | F32: =MROUND(F7*$A$25,10) -> 0 | G32: =MROUND(G7*$A$25,10) -> 280 | H32: =MROUND(H7*$A$25,10) -> 280 | I32: =MROUND(I7*$A$25,10) -> 280 | ... W32: =MROUND(W7*$A$25,10) -> 1090
A33: Lorenzo Arenas | B33: =MROUND(B8*$A$25,10) -> 280 | C33: =MROUND(C8*$A$25,10) -> 280 | D33: =MROUND(D8*$A$25,10) -> 280 | E33: =MROUND(E8*$A$25,10) -> 280 | F33: =MROUND(F8*$A$25,10) -> 280 | G33: =MROUND(G8*$A$25,10) -> 0 | H33: =MROUND(H8*$A$25,10) -> 280 | I33: =MROUND(I8*$A$25,10) -> 280 | ... W33: =MROUND(W8*$A$25,10) -> 1090
A34: Concepción | B34: =MROUND(B9*$A$25,10) -> 280 | C34: =MROUND(C9*$A$25,10) -> 280 | D34: =MROUND(D9*$A$25,10) -> 280 | E34: =MROUND(E9*$A$25,10) -> 280 | F34: =MROUND(F9*$A$25,10) -> 280 | G34: =MROUND(G9*$A$25,10) -> 280 | H34: =MROUND(H9*$A$25,10) -> 0 | I34: =MROUND(I9*$A$25,10) -> 280 | ... W34: =MROUND(W9*$A$25,10) -> 1090
A35: Chiguayante | B35: =MROUND(B10*$A$25,10) -> 280 | C35: =MROUND(C10*$A$25,10) -> 280 | D35: =MROUND(D10*$A$25,10) -> 280 | E35: =MROUND(E10*$A$25,10) -> 280 | F35: =MROUND(F10*$A$25,10) -> 280 | G35: =MROUND(G10*$A$25,10) -> 280 | H35: =MROUND(H10*$A$25,10) -> 280 | I35: =MROUND(I10*$A$25,10) -> 0 | ... W35: =MROUND(W10*$A$25,10) -> 1090
A36: Pedro Medina | B36: =MROUND(B11*$A$25,10) -> 280 | C36: =MROUND(C11*$A$25,10) -> 280 | D36: =MROUND(D11*$A$25,10) -> 280 | E36: =MROUND(E11*$A$25,10) -> 280 | F36: =MROUND(F11*$A$25,10) -> 280 | G36: =MROUND(G11*$A$25,10) -> 280 | H36: =MROUND(H11*$A$25,10) -> 280 | I36: =MROUND(I11*$A$25,10) -> 280 | ... W36: =MROUND(W11*$A$25,10) -> 1090
A37: Manquimávida | B37: =MROUND(B12*$A$25,10) -> 280 | C37: =MROUND(C12*$A$25,10) -> 280 | D37: =MROUND(D12*$A$25,10) -> 280 | E37: =MROUND(E12*$A$25,10) -> 280 | F37: =MROUND(F12*$A$25,10) -> 280 | G37: =MROUND(G12*$A$25,10) -> 280 | H37: =MROUND(H12*$A$25,10) -> 280 | I37: =MROUND(I12*$A$25,10) -> 280 | ... W37: =MROUND(W12*$A$25,10) -> 1090
A38: La Leonera | B38: =MROUND(B13*$A$25,10) -> 280 | C38: =MROUND(C13*$A$25,10) -> 280 | D38: =MROUND(D13*$A$25,10) -> 280 | E38: =MROUND(E13*$A$25,10) -> 280 | F38: =MROUND(F13*$A$25,10) -> 280 | G38: =MROUND(G13*$A$25,10) -> 280 | H38: =MROUND(H13*$A$25,10) -> 280 | I38: =MROUND(I13*$A$25,10) -> 280 | ... W38: =MROUND(W13*$A$25,10) -> 1090
A39: Hualqui | B39: =MROUND(B14*$A$25,10) -> 280 | C39: =MROUND(C14*$A$25,10) -> 280 | D39: =MROUND(D14*$A$25,10) -> 280 | E39: =MROUND(E14*$A$25,10) -> 280 | F39: =MROUND(F14*$A$25,10) -> 280 | G39: =MROUND(G14*$A$25,10) -> 280 | H39: =MROUND(H14*$A$25,10) -> 280 | I39: =MROUND(I14*$A$25,10) -> 280 | ... W39: =MROUND(W14*$A$25,10) -> 1090
... A49: Laja | B49: =MROUND(B24*$A$25,10) -> 1090 | C49: =MROUND(C24*$A$25,10) -> 1090 | D49: =MROUND(D24*$A$25,10) -> 1090 | E49: =MROUND(E24*$A$25,10) -> 1090 | F49: =MROUND(F24*$A$25,10) -> 1090 | G49: =MROUND(G24*$A$25,10) -> 1090 | H49: =MROUND(H24*$A$25,10) -> 1090 | I49: =MROUND(I24*$A$25,10) -> 1090 | ... W49: =MROUND(W24*$A$25,10) -> 0
A51: Matriz Tarifaria Tercera Edad
A52: Estaciónes | B52: Mercado | C52: Arenal | D52: Higueras | E52: Los Condores | F52: UTFSM | G52: Lorenzo Arenas | H52: Concepción | I52: Chiguayante | J52: Predro Medina | K52: Manquimávida | L52: La leonera | M52: Hualqui | N52: Quilacoya | O52: San Miguel | P52: Unihue | Q52: Valle Chanco | R52: Los Acacios | S52: Talcamávida | T52: Gomero | U52: Buenuraqui | V52: San Rosendo | W52: Laja
A53: Mercado | B53: =MROUND(B3*$A$25,10) -> 0 | C53: =MROUND(C3*$A$25,10) -> 280 | D53: =MROUND(D3*$A$25,10) -> 280 | E53: =MROUND(E3*$A$25,10) -> 280 | F53: =MROUND(F3*$A$25,10) -> 280 | G53: =MROUND(G3*$A$25,10) -> 280 | H53: =MROUND(H3*$A$25,10) -> 280 | I53: =MROUND(I3*$A$25,10) -> 280 | ... W53: =MROUND(W3*$A$25,10) -> 1090
A54: Arenal | B54: =MROUND(B4*$A$25,10) -> 280 | C54: =MROUND(C4*$A$25,10) -> 0 | D54: =MROUND(D4*$A$25,10) -> 280 | E54: =MROUND(E4*$A$25,10) -> 280 | F54: =MROUND(F4*$A$25,10) -> 280 | G54: =MROUND(G4*$A$25,10) -> 280 | H54: =MROUND(H4*$A$25,10) -> 280 | I54: =MROUND(I4*$A$25,10) -> 280 | ... W54: =MROUND(W4*$A$25,10) -> 1090
A55: Higueras | B55: =MROUND(B5*$A$25,10) -> 280 | C55: =MROUND(C5*$A$25,10) -> 280 | D55: =MROUND(D5*$A$25,10) -> 0 | E55: =MROUND(E5*$A$25,10) -> 280 | F55: =MROUND(F5*$A$25,10) -> 280 | G55: =MROUND(G5*$A$25,10) -> 280 | H55: =MROUND(H5*$A$25,10) -> 280 | I55: =MROUND(I5*$A$25,10) -> 280 | ... W55: =MROUND(W5*$A$25,10) -> 1090
A56: Los Condores | B56: =MROUND(B6*$A$25,10) -> 280 | C56: =MROUND(C6*$A$25,10) -> 280 | D56: =MROUND(D6*$A$25,10) -> 280 | E56: =MROUND(E6*$A$25,10) -> 0 | F56: =MROUND(F6*$A$25,10) -> 280 | G56: =MROUND(G6*$A$25,10) -> 280 | H56: =MROUND(H6*$A$25,10) -> 280 | I56: =MROUND(I6*$A$25,10) -> 280 | ... W56: =MROUND(W6*$A$25,10) -> 1090
A57: UTFSM | B57: =MROUND(B7*$A$25,10) -> 280 | C57: =MROUND(C7*$A$25,10) -> 280 | D57: =MROUND(D7*$A$25,10) -> 280 | E57: =MROUND(E7*$A$25,10) -> 280 | F57: =MROUND(F7*$A$25,10) -> 0 | G57: =MROUND(G7*$A$25,10) -> 280 | H57: =MROUND(H7*$A$25,10) -> 280 | I57: =MROUND(I7*$A$25,10) -> 280 | ... W57: =MROUND(W7*$A$25,10) -> 1090
A58: Lorenzo Arenas | B58: =MROUND(B8*$A$25,10) -> 280 | C58: =MROUND(C8*$A$25,10) -> 280 | D58: =MROUND(D8*$A$25,10) -> 280 | E58: =MROUND(E8*$A$25,10) -> 280 | F58: =MROUND(F8*$A$25,10) -> 280 | G58: =MROUND(G8*$A$25,10) -> 0 | H58: =MROUND(H8*$A$25,10) -> 280 | I58: =MROUND(I8*$A$25,10) -> 280 | ... W58: =MROUND(W8*$A$25,10) -> 1090
A59: Concepción | B59: =MROUND(B9*$A$25,10) -> 280 | C59: =MROUND(C9*$A$25,10) -> 280 | D59: =MROUND(D9*$A$25,10) -> 280 | E59: =MROUND(E9*$A$25,10) -> 280 | F59: =MROUND(F9*$A$25,10) -> 280 | G59: =MROUND(G9*$A$25,10) -> 280 | H59: =MROUND(H9*$A$25,10) -> 0 | I59: =MROUND(I9*$A$25,10) -> 280 | ... W59: =MROUND(W9*$A$25,10) -> 1090
A60: Chiguayante | B60: =MROUND(B10*$A$25,10) -> 280 | C60: =MROUND(C10*$A$25,10) -> 280 | D60: =MROUND(D10*$A$25,10) -> 280 | E60: =MROUND(E10*$A$25,10) -> 280 | F60: =MROUND(F10*$A$25,10) -> 280 | G60: =MROUND(G10*$A$25,10) -> 280 | H60: =MROUND(H10*$A$25,10) -> 280 | I60: =MROUND(I10*$A$25,10) -> 0 | ... W60: =MROUND(W10*$A$25,10) -> 1090
A61: Pedro Medina | B61: =MROUND(B11*$A$25,10) -> 280 | C61: =MROUND(C11*$A$25,10) -> 280 | D61: =MROUND(D11*$A$25,10) -> 280 | E61: =MROUND(E11*$A$25,10) -> 280 | F61: =MROUND(F11*$A$25,10) -> 280 | G61: =MROUND(G11*$A$25,10) -> 280 | H61: =MROUND(H11*$A$25,10) -> 280 | I61: =MROUND(I11*$A$25,10) -> 280 | ... W61: =MROUND(W11*$A$25,10) -> 1090
A62: Manquimávida | B62: =MROUND(B12*$A$25,10) -> 280 | C62: =MROUND(C12*$A$25,10) -> 280 | D62: =MROUND(D12*$A$25,10) -> 280 | E62: =MROUND(E12*$A$25,10) -> 280 | F62: =MROUND(F12*$A$25,10) -> 280 | G62: =MROUND(G12*$A$25,10) -> 280 | H62: =MROUND(H12*$A$25,10) -> 280 | I62: =MROUND(I12*$A$25,10) -> 280 | ... W62: =MROUND(W12*$A$25,10) -> 1090
A63: La Leonera | B63: =MROUND(B13*$A$25,10) -> 280 | C63: =MROUND(C13*$A$25,10) -> 280 | D63: =MROUND(D13*$A$25,10) -> 280 | E63: =MROUND(E13*$A$25,10) -> 280 | F63: =MROUND(F13*$A$25,10) -> 280 | G63: =MROUND(G13*$A$25,10) -> 280 | H63: =MROUND(H13*$A$25,10) -> 280 | I63: =MROUND(I13*$A$25,10) -> 280 | ... W63: =MROUND(W13*$A$25,10) -> 1090
A64: Hualqui | B64: =MROUND(B14*$A$25,10) -> 280 | C64: =MROUND(C14*$A$25,10) -> 280 | D64: =MROUND(D14*$A$25,10) -> 280 | E64: =MROUND(E14*$A$25,10) -> 280 | F64: =MROUND(F14*$A$25,10) -> 280 | G64: =MROUND(G14*$A$25,10) -> 280 | H64: =MROUND(H14*$A$25,10) -> 280 | I64: =MROUND(I14*$A$25,10) -> 280 | ... W64: =MROUND(W14*$A$25,10) -> 1090
... A74: Laja | B74: =MROUND(B24*$A$25,10) -> 1090 | C74: =MROUND(C24*$A$25,10) -> 1090 | D74: =MROUND(D24*$A$25,10) -> 1090 | E74: =MROUND(E24*$A$25,10) -> 1090 | F74: =MROUND(F24*$A$25,10) -> 1090 | G74: =MROUND(G24*$A$25,10) -> 1090 | H74: =MROUND(H24*$A$25,10) -> 1090 | I74: =MROUND(I24*$A$25,10) -> 1090 | ... W74: =MROUND(W24*$A$25,10) -> 0
A75: 0.9
A76: Matriz Tarifaria Ida y Vuelta
A77: Estaciónes | B77: Mercado | C77: Arenal | D77: Higueras | E77: Los Condores | F77: UTFSM | G77: Lorenzo Arenas | H77: Concepción | I77: Chiguayante | J77: Predro Medina | K77: Manquimávida | L77: La leonera | M77: Hualqui | N77: Quilacoya | O77: San Miguel | P77: Unihue | Q77: Valle Chanco | R77: Los Acacios | S77: Talcamávida | T77: Gomero | U77: Buenuraqui | V77: San Rosendo | W77: Laja
A78: Mercado | B78: =MROUND(B3*2*$A$75,10) -> 0 | C78: =MROUND(C3*2*$A$75,10) -> 990 | D78: =MROUND(D3*2*$A$75,10) -> 990 | E78: =MROUND(E3*2*$A$75,10) -> 990 | F78: =MROUND(F3*2*$A$75,10) -> 990 | G78: =MROUND(G3*2*$A$75,10) -> 990 | H78: =MROUND(H3*2*$A$75,10) -> 990 | I78: =MROUND(I3*2*$A$75,10) -> 990 | ... W78: =MROUND(W3*2*$A$75,10) -> 3910
A79: Arenal | B79: =MROUND(B4*2*$A$75,10) -> 990 | C79: =MROUND(C4*2*$A$75,10) -> 0 | D79: =MROUND(D4*2*$A$75,10) -> 990 | E79: =MROUND(E4*2*$A$75,10) -> 990 | F79: =MROUND(F4*2*$A$75,10) -> 990 | G79: =MROUND(G4*2*$A$75,10) -> 990 | H79: =MROUND(H4*2*$A$75,10) -> 990 | I79: =MROUND(I4*2*$A$75,10) -> 990 | ... W79: =MROUND(W4*2*$A$75,10) -> 3910
A80: Higueras | B80: =MROUND(B5*2*$A$75,10) -> 990 | C80: =MROUND(C5*2*$A$75,10) -> 990 | D80: =MROUND(D5*2*$A$75,10) -> 0 | E80: =MROUND(E5*2*$A$75,10) -> 990 | F80: =MROUND(F5*2*$A$75,10) -> 990 | G80: =MROUND(G5*2*$A$75,10) -> 990 | H80: =MROUND(H5*2*$A$75,10) -> 990 | I80: =MROUND(I5*2*$A$75,10) -> 990 | ... W80: =MROUND(W5*2*$A$75,10) -> 3910
A81: Los Condores | B81: =MROUND(B6*2*$A$75,10) -> 990 | C81: =MROUND(C6*2*$A$75,10) -> 990 | D81: =MROUND(D6*2*$A$75,10) -> 990 | E81: =MROUND(E6*2*$A$75,10) -> 0 | F81: =MROUND(F6*2*$A$75,10) -> 990 | G81: =MROUND(G6*2*$A$75,10) -> 990 | H81: =MROUND(H6*2*$A$75,10) -> 990 | I81: =MROUND(I6*2*$A$75,10) -> 990 | ... W81: =MROUND(W6*2*$A$75,10) -> 3910
A82: UTFSM | B82: =MROUND(B7*2*$A$75,10) -> 990 | C82: =MROUND(C7*2*$A$75,10) -> 990 | D82: =MROUND(D7*2*$A$75,10) -> 990 | E82: =MROUND(E7*2*$A$75,10) -> 990 | F82: =MROUND(F7*2*$A$75,10) -> 0 | G82: =MROUND(G7*2*$A$75,10) -> 990 | H82: =MROUND(H7*2*$A$75,10) -> 990 | I82: =MROUND(I7*2*$A$75,10) -> 990 | ... W82: =MROUND(W7*2*$A$75,10) -> 3910
A83: Lorenzo Arenas | B83: =MROUND(B8*2*$A$75,10) -> 990 | C83: =MROUND(C8*2*$A$75,10) -> 990 | D83: =MROUND(D8*2*$A$75,10) -> 990 | E83: =MROUND(E8*2*$A$75,10) -> 990 | F83: =MROUND(F8*2*$A$75,10) -> 990 | G83: =MROUND(G8*2*$A$75,10) -> 0 | H83: =MROUND(H8*2*$A$75,10) -> 990 | I83: =MROUND(I8*2*$A$75,10) -> 990 | ... W83: =MROUND(W8*2*$A$75,10) -> 3910
A84: Concepción | B84: =MROUND(B9*2*$A$75,10) -> 990 | C84: =MROUND(C9*2*$A$75,10) -> 990 | D84: =MROUND(D9*2*$A$75,10) -> 990 | E84: =MROUND(E9*2*$A$75,10) -> 990 | F84: =MROUND(F9*2*$A$75,10) -> 990 | G84: =MROUND(G9*2*$A$75,10) -> 990 | H84: =MROUND(H9*2*$A$75,10) -> 0 | I84: =MROUND(I9*2*$A$75,10) -> 990 | ... W84: =MROUND(W9*2*$A$75,10) -> 3910
A85: Chiguayante | B85: =MROUND(B10*2*$A$75,10) -> 990 | C85: =MROUND(C10*2*$A$75,10) -> 990 | D85: =MROUND(D10*2*$A$75,10) -> 990 | E85: =MROUND(E10*2*$A$75,10) -> 990 | F85: =MROUND(F10*2*$A$75,10) -> 990 | G85: =MROUND(G10*2*$A$75,10) -> 990 | H85: =MROUND(H10*2*$A$75,10) -> 990 | I85: =MROUND(I10*2*$A$75,10) -> 0 | ... W85: =MROUND(W10*2*$A$75,10) -> 3910
A86: Pedro Medina | B86: =MROUND(B11*2*$A$75,10) -> 990 | C86: =MROUND(C11*2*$A$75,10) -> 990 | D86: =MROUND(D11*2*$A$75,10) -> 990 | E86: =MROUND(E11*2*$A$75,10) -> 990 | F86: =MROUND(F11*2*$A$75,10) -> 990 | G86: =MROUND(G11*2*$A$75,10) -> 990 | H86: =MROUND(H11*2*$A$75,10) -> 990 | I86: =MROUND(I11*2*$A$75,10) -> 990 | ... W86: =MROUND(W11*2*$A$75,10) -> 3910
A87: Manquimávida | B87: =MROUND(B12*2*$A$75,10) -> 990 | C87: =MROUND(C12*2*$A$75,10) -> 990 | D87: =MROUND(D12*2*$A$75,10) -> 990 | E87: =MROUND(E12*2*$A$75,10) -> 990 | F87: =MROUND(F12*2*$A$75,10) -> 990 | G87: =MROUND(G12*2*$A$75,10) -> 990 | H87: =MROUND(H12*2*$A$75,10) -> 990 | I87: =MROUND(I12*2*$A$75,10) -> 990 | ... W87: =MROUND(W12*2*$A$75,10) -> 3910
A88: La Leonera | B88: =MROUND(B13*2*$A$75,10) -> 990 | C88: =MROUND(C13*2*$A$75,10) -> 990 | D88: =MROUND(D13*2*$A$75,10) -> 990 | E88: =MROUND(E13*2*$A$75,10) -> 990 | F88: =MROUND(F13*2*$A$75,10) -> 990 | G88: =MROUND(G13*2*$A$75,10) -> 990 | H88: =MROUND(H13*2*$A$75,10) -> 990 | I88: =MROUND(I13*2*$A$75,10) -> 990 | ... W88: =MROUND(W13*2*$A$75,10) -> 3910
A89: Hualqui | B89: =MROUND(B14*2*$A$75,10) -> 990 | C89: =MROUND(C14*2*$A$75,10) -> 990 | D89: =MROUND(D14*2*$A$75,10) -> 990 | E89: =MROUND(E14*2*$A$75,10) -> 990 | F89: =MROUND(F14*2*$A$75,10) -> 990 | G89: =MROUND(G14*2*$A$75,10) -> 990 | H89: =MROUND(H14*2*$A$75,10) -> 990 | I89: =MROUND(I14*2*$A$75,10) -> 990 | ... W89: =MROUND(W14*2*$A$75,10) -> 3910
... A99: Laja | B99: =MROUND(B24*2*$A$75,10) -> 3910 | C99: =MROUND(C24*2*$A$75,10) -> 3910 | D99: =MROUND(D24*2*$A$75,10) -> 3910 | E99: =MROUND(E24*2*$A$75,10) -> 3910 | F99: =MROUND(F24*2*$A$75,10) -> 3910 | G99: =MROUND(G24*2*$A$75,10) -> 3910 | H99: =MROUND(H24*2*$A$75,10) -> 3910 | I99: =MROUND(I24*2*$A$75,10) -> 3910 | ... W99: =MROUND(W24*2*$A$75,10) -> 0
A100: 0.7
A101: Matriz Tarifaria Profesores
A102: Estaciónes | B102: Mercado | C102: Arenal | D102: Higueras | E102: Los Condores | F102: UTFSM | G102: Lorenzo Arenas | H102: Concepción | I102: Chiguayante | J102: Predro Medina | K102: Manquimávida | L102: La leonera | M102: Hualqui | N102: Quilacoya | O102: San Miguel | P102: Unihue | Q102: Valle Chanco | R102: Los Acacios | S102: Talcamávida | T102: Gomero | U102: Buenuraqui | V102: San Rosendo | W102: Laja
A103: Mercado | B103: =MROUND(B3*$A$100,10) -> 0 | C103: =MROUND(C3*$A$100,10) -> 390 | D103: =MROUND(D3*$A$100,10) -> 390 | E103: =MROUND(E3*$A$100,10) -> 390 | F103: =MROUND(F3*$A$100,10) -> 390 | G103: =MROUND(G3*$A$100,10) -> 390 | H103: =MROUND(H3*$A$100,10) -> 390 | I103: =MROUND(I3*$A$100,10) -> 390 | ... W103: =MROUND(W3*$A$100,10) -> 1520
A104: Arenal | B104: =MROUND(B4*$A$100,10) -> 390 | C104: =MROUND(C4*$A$100,10) -> 0 | D104: =MROUND(D4*$A$100,10) -> 390 | E104: =MROUND(E4*$A$100,10) -> 390 | F104: =MROUND(F4*$A$100,10) -> 390 | G104: =MROUND(G4*$A$100,10) -> 390 | H104: =MROUND(H4*$A$100,10) -> 390 | I104: =MROUND(I4*$A$100,10) -> 390 | ... W104: =MROUND(W4*$A$100,10) -> 1520
A105: Higueras | B105: =MROUND(B5*$A$100,10) -> 390 | C105: =MROUND(C5*$A$100,10) -> 390 | D105: =MROUND(D5*$A$100,10) -> 0 | E105: =MROUND(E5*$A$100,10) -> 390 | F105: =MROUND(F5*$A$100,10) -> 390 | G105: =MROUND(G5*$A$100,10) -> 390 | H105: =MROUND(H5*$A$100,10) -> 390 | I105: =MROUND(I5*$A$100,10) -> 390 | ... W105: =MROUND(W5*$A$100,10) -> 1520
A106: Los Condores | B106: =MROUND(B6*$A$100,10) -> 390 | C106: =MROUND(C6*$A$100,10) -> 390 | D106: =MROUND(D6*$A$100,10) -> 390 | E106: =MROUND(E6*$A$100,10) -> 0 | F106: =MROUND(F6*$A$100,10) -> 390 | G106: =MROUND(G6*$A$100,10) -> 390 | H106: =MROUND(H6*$A$100,10) -> 390 | I106: =MROUND(I6*$A$100,10) -> 390 | ... W106: =MROUND(W6*$A$100,10) -> 1520
A107: UTFSM | B107: =MROUND(B7*$A$100,10) -> 390 | C107: =MROUND(C7*$A$100,10) -> 390 | D107: =MROUND(D7*$A$100,10) -> 390 | E107: =MROUND(E7*$A$100,10) -> 390 | F107: =MROUND(F7*$A$100,10) -> 0 | G107: =MROUND(G7*$A$100,10) -> 390 | H107: =MROUND(H7*$A$100,10) -> 390 | I107: =MROUND(I7*$A$100,10) -> 390 | ... W107: =MROUND(W7*$A$100,10) -> 1520
A108: Lorenzo Arenas | B108: =MROUND(B8*$A$100,10) -> 390 | C108: =MROUND(C8*$A$100,10) -> 390 | D108: =MROUND(D8*$A$100,10) -> 390 | E108: =MROUND(E8*$A$100,10) -> 390 | F108: =MROUND(F8*$A$100,10) -> 390 | G108: =MROUND(G8*$A$100,10) -> 0 | H108: =MROUND(H8*$A$100,10) -> 390 | I108: =MROUND(I8*$A$100,10) -> 390 | ... W108: =MROUND(W8*$A$100,10) -> 1520
A109: Concepción | B109: =MROUND(B9*$A$100,10) -> 390 | C109: =MROUND(C9*$A$100,10) -> 390 | D109: =MROUND(D9*$A$100,10) -> 390 | E109: =MROUND(E9*$A$100,10) -> 390 | F109: =MROUND(F9*$A$100,10) -> 390 | G109: =MROUND(G9*$A$100,10) -> 390 | H109: =MROUND(H9*$A$100,10) -> 0 | I109: =MROUND(I9*$A$100,10) -> 390 | ... W109: =MROUND(W9*$A$100,10) -> 1520
A110: Chiguayante | B110: =MROUND(B10*$A$100,10) -> 390 | C110: =MROUND(C10*$A$100,10) -> 390 | D110: =MROUND(D10*$A$100,10) -> 390 | E110: =MROUND(E10*$A$100,10) -> 390 | F110: =MROUND(F10*$A$100,10) -> 390 | G110: =MROUND(G10*$A$100,10) -> 390 | H110: =MROUND(H10*$A$100,10) -> 390 | I110: =MROUND(I10*$A$100,10) -> 0 | ... W110: =MROUND(W10*$A$100,10) -> 1520
A111: Pedro Medina | B111: =MROUND(B11*$A$100,10) -> 390 | C111: =MROUND(C11*$A$100,10) -> 390 | D111: =MROUND(D11*$A$100,10) -> 390 | E111: =MROUND(E11*$A$100,10) -> 390 | F111: =MROUND(F11*$A$100,10) -> 390 | G111: =MROUND(G11*$A$100,10) -> 390 | H111: =MROUND(H11*$A$100,10) -> 390 | I111: =MROUND(I11*$A$100,10) -> 390 | ... W111: =MROUND(W11*$A$100,10) -> 1520
A112: Manquimávida | B112: =MROUND(B12*$A$100,10) -> 390 | C112: =MROUND(C12*$A$100,10) -> 390 | D112: =MROUND(D12*$A$100,10) -> 390 | E112: =MROUND(E12*$A$100,10) -> 390 | F112: =MROUND(F12*$A$100,10) -> 390 | G112: =MROUND(G12*$A$100,10) -> 390 | H112: =MROUND(H12*$A$100,10) -> 390 | I112: =MROUND(I12*$A$100,10) -> 390 | ... W112: =MROUND(W12*$A$100,10) -> 1520
A113: La Leonera | B113: =MROUND(B13*$A$100,10) -> 390 | C113: =MROUND(C13*$A$100,10) -> 390 | D113: =MROUND(D13*$A$100,10) -> 390 | E113: =MROUND(E13*$A$100,10) -> 390 | F113: =MROUND(F13*$A$100,10) -> 390 | G113: =MROUND(G13*$A$100,10) -> 390 | H113: =MROUND(H13*$A$100,10) -> 390 | I113: =MROUND(I13*$A$100,10) -> 390 | ... W113: =MROUND(W13*$A$100,10) -> 1520
A114: Hualqui | B114: =MROUND(B14*$A$100,10) -> 390 | C114: =MROUND(C14*$A$100,10) -> 390 | D114: =MROUND(D14*$A$100,10) -> 390 | E114: =MROUND(E14*$A$100,10) -> 390 | F114: =MROUND(F14*$A$100,10) -> 390 | G114: =MROUND(G14*$A$100,10) -> 390 | H114: =MROUND(H14*$A$100,10) -> 390 | I114: =MROUND(I14*$A$100,10) -> 390 | ... W114: =MROUND(W14*$A$100,10) -> 1520
... A124: Laja | B124: =MROUND(B24*$A$100,10) -> 1520 | C124: =MROUND(C24*$A$100,10) -> 1520 | D124: =MROUND(D24*$A$100,10) -> 1520 | E124: =MROUND(E24*$A$100,10) -> 1520 | F124: =MROUND(F24*$A$100,10) -> 1520 | G124: =MROUND(G24*$A$100,10) -> 1520 | H124: =MROUND(H24*$A$100,10) -> 1520 | I124: =MROUND(I24*$A$100,10) -> 1520 | ... W124: =MROUND(W24*$A$100,10) -> 0

Sheet Hoja1
A1: ID | B1: 1 | C1: 2 | D1: 3 | E1: 4 | F1: 5 | G1: 6 | H1: 7 | I1: 8 | J1: 9 | K1: 10 | L1: 11 | M1: 12 | N1: 13 | O1: 14 | P1: 15 | Q1: 16 | R1: 17 | S1: 18 | T1: 19 | U1: 20 | V1: 21 | W1: 22
A2: 1 | B2: 0 | C2: 70 | D2: 70 | E2: 70 | F2: 70 | G2: 70 | H2: 70 | I2: 70 | J2: 70 | K2: 70 | L2: 70 | M2: 70 | N2: 230 | O2: 230 | P2: 250 | Q2: 250 | R2: 250 | S2: 250 | T2: 250 | U2: 390 | V2: 420 | W2: 420
A3: 2 | B3: 70 | C3: 0 | D3: 70 | E3: 70 | F3: 70 | G3: 70 | H3: 70 | I3: 70 | J3: 70 | K3: 70 | L3: 70 | M3: 70 | N3: 230 | O3: 230 | P3: 250 | Q3: 250 | R3: 250 | S3: 250 | T3: 250 | U3: 390 | V3: 420 | W3: 420
A4: 3 | B4: 70 | C4: 70 | D4: 0 | E4: 70 | F4: 70 | G4: 70 | H4: 70 | I4: 70 | J4: 70 | K4: 70 | L4: 70 | M4: 70 | N4: 230 | O4: 230 | P4: 250 | Q4: 250 | R4: 250 | S4: 250 | T4: 250 | U4: 390 | V4: 420 | W4: 420
A5: 4 | B5: 70 | C5: 70 | D5: 70 | E5: 0 | F5: 70 | G5: 70 | H5: 70 | I5: 70 | J5: 70 | K5: 70 | L5: 70 | M5: 70 | N5: 230 | O5: 230 | P5: 250 | Q5: 250 | R5: 250 | S5: 250 | T5: 250 | U5: 390 | V5: 420 | W5: 420
A6: 5 | B6: 70 | C6: 70 | D6: 70 | E6: 70 | F6: 0 | G6: 70 | H6: 70 | I6: 70 | J6: 70 | K6: 70 | L6: 70 | M6: 70 | N6: 230 | O6: 230 | P6: 250 | Q6: 250 | R6: 250 | S6: 250 | T6: 250 | U6: 390 | V6: 420 | W6: 420
A7: 6 | B7: 70 | C7: 70 | D7: 70 | E7: 70 | F7: 70 | G7: 0 | H7: 70 | I7: 70 | J7: 70 | K7: 70 | L7: 70 | M7: 70 | N7: 230 | O7: 230 | P7: 250 | Q7: 250 | R7: 250 | S7: 250 | T7: 250 | U7: 390 | V7: 420 | W7: 420
A8: 7 | B8: 70 | C8: 70 | D8: 70 | E8: 70 | F8: 70 | G8: 70 | H8: 0 | I8: 70 | J8: 70 | K8: 70 | L8: 70 | M8: 70 | N8: 230 | O8: 230 | P8: 250 | Q8: 250 | R8: 250 | S8: 250 | T8: 250 | U8: 390 | V8: 420 | W8: 420
A9: 8 | B9: 70 | C9: 70 | D9: 70 | E9: 70 | F9: 70 | G9: 70 | H9: 70 | I9: 0 | J9: 70 | K9: 70 | L9: 70 | M9: 70 | N9: 230 | O9: 230 | P9: 250 | Q9: 250 | R9: 250 | S9: 250 | T9: 250 | U9: 390 | V9: 420 | W9: 420
A10: 9 | B10: 70 | C10: 70 | D10: 70 | E10: 70 | F10: 70 | G10: 70 | H10: 70 | I10: 70 | J10: 0 | K10: 70 | L10: 70 | M10: 70 | N10: 310 | O10: 310 | P10: 340 | Q10: 340 | R10: 340 | S10: 340 | T10: 250 | U10: 390 | V10: 420 | W10: 420
A11: 10 | B11: 70 | C11: 70 | D11: 70 | E11: 70 | F11: 70 | G11: 70 | H11: 70 | I11: 70 | J11: 70 | K11: 0 | L11: 70 | M11: 70 | N11: 310 | O11: 310 | P11: 340 | Q11: 340 | R11: 340 | S11: 340 | T11: 250 | U11: 390 | V11: 420 | W11: 420
A12: 11 | B12: 70 | C12: 70 | D12: 70 | E12: 70 | F12: 70 | G12: 70 | H12: 70 | I12: 70 | J12: 70 | K12: 70 | L12: 0 | M12: 70 | N12: 310 | O12: 310 | P12: 340 | Q12: 340 | R12: 340 | S12: 340 | T12: 250 | U12: 390 | V12: 420 | W12: 420
A13: 12 | B13: 70 | C13: 70 | D13: 70 | E13: 70 | F13: 70 | G13: 70 | H13: 70 | I13: 70 | J13: 70 | K13: 70 | L13: 70 | M13: 0 | N13: 120 | O13: 120 | P13: 340 | Q13: 340 | R13: 340 | S13: 340 | T13: 250 | U13: 390 | V13: 420 | W13: 420
... A23: 22 | B23: 420 | C23: 420 | D23: 420 | E23: 420 | F23: 420 | G23: 420 | H23: 420 | I23: 420 | J23: 420 | K23: 420 | L23: 420 | M23: 420 | N23: 350 | O23: 350 | P23: 240 | Q23: 240 | R23: 240 | S23: 240 | T23: 240 | U23: 240 | V23: 120 | W23: 0

Sheet Tren Araucanía 2025
A1: Matriz Tarifaria Adulto | Q1: Tarifa Regular con subsidio | AG1: Tarifa Regular con subsidio
A2: Estaciones | B2: Victoria | C2: PUA | D2: Perquenco | E2: Quillem | F2: Lautaro | G2: L. Centro | H2: Pillanlelbun | I2: Coleg. Claret | J2: Cajon | K2: Temuco | L2: PLC | M2: Quepe | N2: Freire | O2: Pitrufquén | Q2: Estaciones | R2: Victoria | S2: PUA | T2: Perquenco | U2: Quillem | V2: Lautaro | W2: L. Centro | X2: Pillanlelbun | Y2: Coleg. Claret | Z2: Cajon | AA2: Temuco | AB2: PLC | AC2: Quepe | AD2: Freire | AE2: Pitrufquén | AG2: Estaciones | AH2: Victoria | AI2: PUA | AJ2: Perquenco | AK2: Quillem | AL2: Lautaro | AM2: L. Centro | AN2: Pillanlelbun | AO2: Coleg. Claret | AP2: Cajon | AQ2: Temuco | AR2: PLC | AS2: Quepe | AT2: Freire | AU2: Pitrufquén
A3: Victoria | B3: 0 | C3: 950 | D3: 1200 | E3: 1200 | F3: 1200 | G3: 1200 | H3: 1200 | I3: 0 | J3: 900 | K3: 1500 | L3: 1900 | M3: 2000 | N3: 2550 | O3: 2650 | Q3: Victoria | R3: 0 | S3: 950 | T3: 1200 | U3: 1200 | V3: 1200 | W3: 1200 | X3: 1200 | Y3: 0 | Z3: 900 | AA3: 1500 | AB3: 1900 | AC3: 2000 | AD3: 2550 | AE3: 2650 | AG3: Victoria | AH3: =B3=R3 -> TRUE | AI3: =C3=S3 -> TRUE | AJ3: =D3=T3 -> TRUE | AK3: =E3=U3 -> TRUE | AL3: =F3=V3 -> TRUE | AM3: =G3=W3 -> TRUE | AN3: =H3=X3 -> TRUE | AO3: =I3=Y3 -> TRUE | ... AU3: =O3=AE3 -> TRUE
A4: PUA | B4: 950 | C4: 0 | D4: 950 | E4: 950 | F4: 950 | G4: 950 | H4: 1200 | I4: 0 | J4: 800 | K4: 1200 | L4: 1650 | M4: 1750 | N4: 2300 | O4: 2400 | Q4: PUA | R4: 950 | S4: 0 | T4: 950 | U4: 950 | V4: 950 | W4: 950 | X4: 1200 | Y4: 0 | Z4: 800 | AA4: 1200 | AB4: 1650 | AC4: 1750 | AD4: 2300 | AE4: 2400 | AG4: PUA | AH4: =B4=R4 -> TRUE | AI4: =C4=S4 -> TRUE | AJ4: =D4=T4 -> TRUE | AK4: =E4=U4 -> TRUE | AL4: =F4=V4 -> TRUE | AM4: =G4=W4 -> TRUE | AN4: =H4=X4 -> TRUE | AO4: =I4=Y4 -> TRUE | ... AU4: =O4=AE4 -> TRUE
A5: Perquenco | B5: 1200 | C5: 950 | D5: 0 | E5: 950 | F5: 950 | G5: 950 | H5: 1200 | I5: 0 | J5: 800 | K5: 1200 | L5: 1650 | M5: 1750 | N5: 2300 | O5: 2400 | Q5: Perquenco | R5: 1200 | S5: 950 | T5: 0 | U5: 950 | V5: 950 | W5: 950 | X5: 1200 | Y5: 0 | Z5: 800 | AA5: 1200 | AB5: 1650 | AC5: 1750 | AD5: 2300 | AE5: 2400 | AG5: Perquenco | AH5: =B5=R5 -> TRUE | AI5: =C5=S5 -> TRUE | AJ5: =D5=T5 -> TRUE | AK5: =E5=U5 -> TRUE | AL5: =F5=V5 -> TRUE | AM5: =G5=W5 -> TRUE | AN5: =H5=X5 -> TRUE | AO5: =I5=Y5 -> TRUE | ... AU5: =O5=AE5 -> TRUE
A6: Quillem | B6: 1200 | C6: 950 | D6: 950 | E6: 0 | F6: 950 | G6: 950 | H6: 950 | I6: 0 | J6: 700 | K6: 1200 | L6: 1650 | M6: 1750 | N6: 2300 | O6: 2400 | Q6: Quillem | R6: 1200 | S6: 950 | T6: 950 | U6: 0 | V6: 950 | W6: 950 | X6: 950 | Y6: 0 | Z6: 700 | AA6: 1200 | AB6: 1650 | AC6: 1750 | AD6: 2300 | AE6: 2400 | AG6: Quillem | AH6: =B6=R6 -> TRUE | AI6: =C6=S6 -> TRUE | AJ6: =D6=T6 -> TRUE | AK6: =E6=U6 -> TRUE | AL6: =F6=V6 -> TRUE | AM6: =G6=W6 -> TRUE | AN6: =H6=X6 -> TRUE | AO6: =I6=Y6 -> TRUE | ... AU6: =O6=AE6 -> TRUE
A7: Lautaro | B7: 1200 | C7: 950 | D7: 950 | E7: 950 | F7: 0 | G7: 950 | H7: 950 | I7: 0 | J7: 600 | K7: 1050 | L7: 1550 | M7: 1650 | N7: 2200 | O7: 2300 | Q7: Lautaro | R7: 1200 | S7: 950 | T7: 950 | U7: 950 | V7: 0 | W7: 950 | X7: 950 | Y7: 0 | Z7: 600 | AA7: 1050 | AB7: 1550 | AC7: 1650 | AD7: 2200 | AE7: 2300 | AG7: Lautaro | AH7: =B7=R7 -> TRUE | AI7: =C7=S7 -> TRUE | AJ7: =D7=T7 -> TRUE | AK7: =E7=U7 -> TRUE | AL7: =F7=V7 -> TRUE | AM7: =G7=W7 -> TRUE | AN7: =H7=X7 -> TRUE | AO7: =I7=Y7 -> TRUE | ... AU7: =O7=AE7 -> TRUE
A8: L. Centro | B8: 1200 | C8: 950 | D8: 950 | E8: 950 | F8: 950 | G8: 0 | H8: 950 | I8: 0 | J8: 600 | K8: 1050 | L8: 1550 | M8: 1650 | N8: 2200 | O8: 2300 | Q8: L. Centro | R8: 1200 | S8: 950 | T8: 950 | U8: 950 | V8: 950 | W8: 0 | X8: 950 | Y8: 0 | Z8: 600 | AA8: 1050 | AB8: 1550 | AC8: 1650 | AD8: 2200 | AE8: 2300 | AG8: L. Centro | AH8: =B8=R8 -> TRUE | AI8: =C8=S8 -> TRUE | AJ8: =D8=T8 -> TRUE | AK8: =E8=U8 -> TRUE | AL8: =F8=V8 -> TRUE | AM8: =G8=W8 -> TRUE | AN8: =H8=X8 -> TRUE | AO8: =I8=Y8 -> TRUE | ... AU8: =O8=AE8 -> TRUE
A9: Pillanlelbun | B9: 1200 | C9: 1200 | D9: 1200 | E9: 950 | F9: 950 | G9: 950 | H9: 0 | I9: 0 | J9: 600 | K9: 950 | L9: 1450 | M9: 1550 | N9: 2100 | O9: 2200 | Q9: Pillanlelbun | R9: 1200 | S9: 1200 | T9: 1200 | U9: 950 | V9: 950 | W9: 950 | X9: 0 | Y9: 0 | Z9: 600 | AA9: 950 | AB9: 1450 | AC9: 1550 | AD9: 2100 | AE9: 2200 | AG9: Pillanlelbun | AH9: =B9=R9 -> TRUE | AI9: =C9=S9 -> TRUE | AJ9: =D9=T9 -> TRUE | AK9: =E9=U9 -> TRUE | AL9: =F9=V9 -> TRUE | AM9: =G9=W9 -> TRUE | AN9: =H9=X9 -> TRUE | AO9: =I9=Y9 -> TRUE | ... AU9: =O9=AE9 -> TRUE
A10: Coleg. Claret | B10: 0 | C10: 0 | D10: 0 | E10: 0 | F10: 0 | G10: 0 | H10: 0 | I10: 0 | J10: 0 | K10: 0 | L10: 0 | M10: 0 | N10: 0 | O10: 0 | Q10: Coleg. Claret | R10: 0 | S10: 0 | T10: 0 | U10: 0 | V10: 0 | W10: 0 | X10: 0 | Y10: 0 | Z10: 0 | AA10: 1000 | AB10: 0 | AC10: 0 | AD10: 0 | AE10: 0 | AG10: Coleg. Claret | AH10: =B10=R10 -> TRUE | AI10: =C10=S10 -> TRUE | AJ10: =D10=T10 -> TRUE | AK10: =E10=U10 -> TRUE | AL10: =F10=V10 -> TRUE | AM10: =G10=W10 -> TRUE | AN10: =H10=X10 -> TRUE | AO10: =I10=Y10 -> TRUE | ... AU10: =O10=AE10 -> TRUE
A11: Cajon | B11: 900 | C11: 800 | D11: 800 | E11: 700 | F11: 600 | G11: 600 | H11: 600 | I11: 0 | J11: 0 | K11: 600 | L11: 1300 | M11: 1400 | N11: 1950 | O11: 2050 | Q11: Cajon | R11: 900 | S11: 800 | T11: 800 | U11: 700 | V11: 600 | W11: 600 | X11: 600 | Y11: 0 | Z11: 0 | AA11: 600 | AB11: 1300 | AC11: 1400 | AD11: 1950 | AE11: 2050 | AG11: Cajon | AH11: =B11=R11 -> TRUE | AI11: =C11=S11 -> TRUE | AJ11: =D11=T11 -> TRUE | AK11: =E11=U11 -> TRUE | AL11: =F11=V11 -> TRUE | AM11: =G11=W11 -> TRUE | AN11: =H11=X11 -> TRUE | AO11: =I11=Y11 -> TRUE | ... AU11: =O11=AE11 -> TRUE
A12: Temuco | B12: 1500 | C12: 1200 | D12: 1200 | E12: 1200 | F12: 1050 | G12: 1050 | H12: 950 | I12: 0 | J12: 600 | K12: 0 | L12: 700 | M12: 800 | N12: 1350 | O12: 1450 | Q12: Temuco | R12: 1500 | S12: 1200 | T12: 1200 | U12: 1200 | V12: 1050 | W12: 1050 | X12: 950 | Y12: 1000 | Z12: 600 | AA12: 0 | AB12: 700 | AC12: 800 | AD12: 1350 | AE12: 1450 | AG12: Temuco | AH12: =B12=R12 -> TRUE | AI12: =C12=S12 -> TRUE | AJ12: =D12=T12 -> TRUE | AK12: =E12=U12 -> TRUE | AL12: =F12=V12 -> TRUE | AM12: =G12=W12 -> TRUE | AN12: =H12=X12 -> TRUE | AO12: =I12=Y12 -> FALSE | ... AU12: =O12=AE12 -> TRUE
A13: PLC | B13: 1900 | C13: 1650 | D13: 1650 | E13: 1650 | F13: 1550 | G13: 1550 | H13: 1450 | I13: 0 | J13: 1300 | K13: 700 | L13: 0 | M13: 600 | N13: 1300 | O13: 1400 | Q13: PLC | R13: 1900 | S13: 1650 | T13: 1650 | U13: 1650 | V13: 1550 | W13: 1550 | X13: 1450 | Y13: 0 | Z13: 1300 | AA13: 700 | AB13: 0 | AC13: 600 | AD13: 1300 | AE13: 1400 | AG13: PLC | AH13: =B13=R13 -> TRUE | AI13: =C13=S13 -> TRUE | AJ13: =D13=T13 -> TRUE | AK13: =E13=U13 -> TRUE | AL13: =F13=V13 -> TRUE | AM13: =G13=W13 -> TRUE | AN13: =H13=X13 -> TRUE | AO13: =I13=Y13 -> TRUE | ... AU13: =O13=AE13 -> TRUE
A14: Quepe | B14: 2000 | C14: 1750 | D14: 1750 | E14: 1750 | F14: 1650 | G14: 1650 | H14: 1550 | I14: 0 | J14: 1400 | K14: 800 | L14: 600 | M14: 0 | N14: 550 | O14: 650 | Q14: Quepe | R14: 2000 | S14: 1750 | T14: 1750 | U14: 1750 | V14: 1650 | W14: 1650 | X14: 1550 | Y14: 0 | Z14: 1400 | AA14: 800 | AB14: 600 | AC14: 0 | AD14: 550 | AE14: 650 | AG14: Quepe | AH14: =B14=R14 -> TRUE | AI14: =C14=S14 -> TRUE | AJ14: =D14=T14 -> TRUE | AK14: =E14=U14 -> TRUE | AL14: =F14=V14 -> TRUE | AM14: =G14=W14 -> TRUE | AN14: =H14=X14 -> TRUE | AO14: =I14=Y14 -> TRUE | ... AU14: =O14=AE14 -> TRUE
... A16: Pitrufquén | B16: 2650 | C16: 2400 | D16: 2400 | E16: 2400 | F16: 2300 | G16: 2300 | H16: 2200 | I16: 0 | J16: 2050 | K16: 1450 | L16: 1400 | M16: 650 | N16: 600 | O16: 0 | Q16: Pitrufquén | R16: 2650 | S16: 2400 | T16: 2400 | U16: 2400 | V16: 2300 | W16: 2300 | X16: 2200 | Y16: 0 | Z16: 2050 | AA16: 1450 | AB16: 1400 | AC16: 650 | AD16: 600 | AE16: 0 | AG16: Pitrufquén | AH16: =B16=R16 -> TRUE | AI16: =C16=S16 -> TRUE | AJ16: =D16=T16 -> TRUE | AK16: =E16=U16 -> TRUE | AL16: =F16=V16 -> TRUE | AM16: =G16=W16 -> TRUE | AN16: =H16=X16 -> TRUE | AO16: =I16=Y16 -> TRUE | ... AU16: =O16=AE16 -> TRUE
Q17: 0.33 | AG17: 0.33
A18: Matriz Tarifaria Estudiantes Media y Superior | Q18: Tarifa Estudiantes con subsidio | AG18: Tarifa Estudiantes con subsidio
A19: Estaciones | B19: Victoria | C19: PUA | D19: Perquenco | E19: Quillem | F19: Lautaro | G19: L. Centro | H19: Pillanlelbun | I19: Coleg. Claret | J19: Cajon | K19: Temuco | L19: PLC | M19: Quepe | N19: Freire | O19: Pitrufquén | Q19: Estaciones | R19: Victoria | S19: PUA | T19: Perquenco | U19: Quillem | V19: Lautaro | W19: L. Centro | X19: Pillanlelbun | Y19: Coleg. Claret | Z19: Cajon | AA19: Temuco | AB19: PLC | AC19: Quepe | AD19: Freire | AE19: Pitrufquén | AG19: Estaciones | AH19: Victoria | AI19: PUA | AJ19: Perquenco | AK19: Quillem | AL19: Lautaro | AM19: L. Centro | AN19: Pillanlelbun | AO19: Coleg. Claret | AP19: Cajon | AQ19: Temuco | AR19: PLC | AS19: Quepe | AT19: Freire | AU19: Pitrufquén
A20: Victoria | B20: 0 | C20: 310 | D20: 400 | E20: 400 | F20: 400 | G20: 400 | H20: 400 | I20: 0 | J20: 300 | K20: 500 | L20: 650 | M20: 650 | N20: 850 | O20: 850 | Q20: Victoria | R20: 0 | S20: 310 | T20: 400 | U20: 400 | V20: 400 | W20: 400 | X20: 400 | Y20: 0 | Z20: 300 | AA20: 500 | AB20: 650 | AC20: 650 | AD20: 850 | AE20: 850 | AG20: Victoria | AH20: =B20=R20 -> TRUE | AI20: =C20=S20 -> TRUE | AJ20: =D20=T20 -> TRUE | AK20: =E20=U20 -> TRUE | AL20: =F20=V20 -> TRUE | AM20: =G20=W20 -> TRUE | AN20: =H20=X20 -> TRUE | AO20: =I20=Y20 -> TRUE | ... AU20: =O20=AE20 -> TRUE
A21: PUA | B21: 310 | C21: 0 | D21: 310 | E21: 310 | F21: 310 | G21: 310 | H21: 400 | I21: 0 | J21: 250 | K21: 400 | L21: 550 | M21: 600 | N21: 750 | O21: 800 | Q21: PUA | R21: 310 | S21: 0 | T21: 310 | U21: 310 | V21: 310 | W21: 310 | X21: 400 | Y21: 0 | Z21: 250 | AA21: 400 | AB21: 550 | AC21: 600 | AD21: 750 | AE21: 800 | AG21: PUA | AH21: =B21=R21 -> TRUE | AI21: =C21=S21 -> TRUE | AJ21: =D21=T21 -> TRUE | AK21: =E21=U21 -> TRUE | AL21: =F21=V21 -> TRUE | AM21: =G21=W21 -> TRUE | AN21: =H21=X21 -> TRUE | AO21: =I21=Y21 -> TRUE | ... AU21: =O21=AE21 -> TRUE
A22: Perquenco | B22: 400 | C22: 310 | D22: 0 | E22: 310 | F22: 310 | G22: 310 | H22: 400 | I22: 0 | J22: 250 | K22: 400 | L22: 550 | M22: 600 | N22: 750 | O22: 800 | Q22: Perquenco | R22: 400 | S22: 310 | T22: 0 | U22: 310 | V22: 310 | W22: 310 | X22: 400 | Y22: 0 | Z22: 250 | AA22: 400 | AB22: 550 | AC22: 600 | AD22: 750 | AE22: 800 | AG22: Perquenco | AH22: =B22=R22 -> TRUE | AI22: =C22=S22 -> TRUE | AJ22: =D22=T22 -> TRUE | AK22: =E22=U22 -> TRUE | AL22: =F22=V22 -> TRUE | AM22: =G22=W22 -> TRUE | AN22: =H22=X22 -> TRUE | AO22: =I22=Y22 -> TRUE | ... AU22: =O22=AE22 -> TRUE
A23: Quillem | B23: 400 | C23: 310 | D23: 310 | E23: 0 | F23: 310 | G23: 310 | H23: 310 | I23: 0 | J23: 250 | K23: 400 | L23: 550 | M23: 600 | N23: 750 | O23: 800 | Q23: Quillem | R23: 400 | S23: 310 | T23: 310 | U23: 0 | V23: 310 | W23: 310 | X23: 310 | Y23: 0 | Z23: 250 | AA23: 400 | AB23: 550 | AC23: 600 | AD23: 750 | AE23: 800 | AG23: Quillem | AH23: =B23=R23 -> TRUE | AI23: =C23=S23 -> TRUE | AJ23: =D23=T23 -> TRUE | AK23: =E23=U23 -> TRUE | AL23: =F23=V23 -> TRUE | AM23: =G23=W23 -> TRUE | AN23: =H23=X23 -> TRUE | AO23: =I23=Y23 -> TRUE | ... AU23: =O23=AE23 -> TRUE
A24: Lautaro | B24: 400 | C24: 310 | D24: 310 | E24: 310 | F24: 0 | G24: 310 | H24: 310 | I24: 0 | J24: 200 | K24: 350 | L24: 500 | M24: 550 | N24: 750 | O24: 750 | Q24: Lautaro | R24: 400 | S24: 310 | T24: 310 | U24: 310 | V24: 0 | W24: 310 | X24: 310 | Y24: 0 | Z24: 200 | AA24: 350 | AB24: 500 | AC24: 550 | AD24: 750 | AE24: 750 | AG24: Lautaro | AH24: =B24=R24 -> TRUE | AI24: =C24=S24 -> TRUE | AJ24: =D24=T24 -> TRUE | AK24: =E24=U24 -> TRUE | AL24: =F24=V24 -> TRUE | AM24: =G24=W24 -> TRUE | AN24: =H24=X24 -> TRUE | AO24: =I24=Y24 -> TRUE | ... AU24: =O24=AE24 -> TRUE
A25: L. Centro | B25: 400 | C25: 310 | D25: 310 | E25: 310 | F25: 310 | G25: 0 | H25: 310 | I25: 0 | J25: 200 | K25: 350 | L25: 500 | M25: 550 | N25: 750 | O25: 750 | Q25: L. Centro | R25: 400 | S25: 310 | T25: 310 | U25: 310 | V25: 310 | W25: 0 | X25: 310 | Y25: 0 | Z25: 200 | AA25: 350 | AB25: 500 | AC25: 550 | AD25: 750 | AE25: 750 | AG25: L. Centro | AH25: =B25=R25 -> TRUE | AI25: =C25=S25 -> TRUE | AJ25: =D25=T25 -> TRUE | AK25: =E25=U25 -> TRUE | AL25: =F25=V25 -> TRUE | AM25: =G25=W25 -> TRUE | AN25: =H25=X25 -> TRUE | AO25: =I25=Y25 -> TRUE | ... AU25: =O25=AE25 -> TRUE
A26: Pillanlelbun | B26: 400 | C26: 400 | D26: 400 | E26: 310 | F26: 310 | G26: 310 | H26: 0 | I26: 0 | J26: 200 | K26: 310 | L26: 500 | M26: 500 | N26: 700 | O26: 750 | Q26: Pillanlelbun | R26: 400 | S26: 400 | T26: 400 | U26: 310 | V26: 310 | W26: 310 | X26: 0 | Y26: 0 | Z26: 200 | AA26: 310 | AB26: 500 | AC26: 500 | AD26: 700 | AE26: 750 | AG26: Pillanlelbun | AH26: =B26=R26 -> TRUE | AI26: =C26=S26 -> TRUE | AJ26: =D26=T26 -> TRUE | AK26: =E26=U26 -> TRUE | AL26: =F26=V26 -> TRUE | AM26: =G26=W26 -> TRUE | AN26: =H26=X26 -> TRUE | AO26: =I26=Y26 -> TRUE | ... AU26: =O26=AE26 -> TRUE
A27: Coleg. Claret | B27: 0 | C27: 0 | D27: 0 | E27: 0 | F27: 0 | G27: 0 | H27: 0 | I27: 0 | J27: 0 | K27: 330 | L27: 0 | M27: 0 | N27: 0 | O27: 0 | Q27: Coleg. Claret | R27: 0 | S27: 0 | T27: 0 | U27: 0 | V27: 0 | W27: 0 | X27: 0 | Y27: 0 | Z27: 0 | AA27: 330 | AB27: 0 | AC27: 0 | AD27: 0 | AE27: 0 | AG27: Coleg. Claret | AH27: =B27=R27 -> TRUE | AI27: =C27=S27 -> TRUE | AJ27: =D27=T27 -> TRUE | AK27: =E27=U27 -> TRUE | AL27: =F27=V27 -> TRUE | AM27: =G27=W27 -> TRUE | AN27: =H27=X27 -> TRUE | AO27: =I27=Y27 -> TRUE | ... AU27: =O27=AE27 -> TRUE
A28: Cajon | B28: 300 | C28: 250 | D28: 250 | E28: 250 | F28: 200 | G28: 200 | H28: 200 | I28: 0 | J28: 0 | K28: 200 | L28: 450 | M28: 450 | N28: 650 | O28: 700 | Q28: Cajon | R28: 300 | S28: 250 | T28: 250 | U28: 250 | V28: 200 | W28: 200 | X28: 200 | Y28: 0 | Z28: 0 | AA28: 200 | AB28: 450 | AC28: 450 | AD28: 650 | AE28: 700 | AG28: Cajon | AH28: =B28=R28 -> TRUE | AI28: =C28=S28 -> TRUE | AJ28: =D28=T28 -> TRUE | AK28: =E28=U28 -> TRUE | AL28: =F28=V28 -> TRUE | AM28: =G28=W28 -> TRUE | AN28: =H28=X28 -> TRUE | AO28: =I28=Y28 -> TRUE | ... AU28: =O28=AE28 -> TRUE
A29: Temuco | B29: 500 | C29: 400 | D29: 400 | E29: 400 | F29: 350 | G29: 350 | H29: 310 | I29: 330 | J29: 200 | K29: 0 | L29: 250 | M29: 250 | N29: 450 | O29: 500 | Q29: Temuco | R29: 500 | S29: 400 | T29: 400 | U29: 400 | V29: 350 | W29: 350 | X29: 310 | Y29: 330 | Z29: 200 | AA29: 0 | AB29: 250 | AC29: 250 | AD29: 450 | AE29: 500 | AG29: Temuco | AH29: =B29=R29 -> TRUE | AI29: =C29=S29 -> TRUE | AJ29: =D29=T29 -> TRUE | AK29: =E29=U29 -> TRUE | AL29: =F29=V29 -> TRUE | AM29: =G29=W29 -> TRUE | AN29: =H29=X29 -> TRUE | AO29: =I29=Y29 -> TRUE | ... AU29: =O29=AE29 -> TRUE
A30: PLC | B30: 650 | C30: 550 | D30: 550 | E30: 550 | F30: 500 | G30: 500 | H30: 500 | I30: 0 | J30: 450 | K30: 250 | L30: 0 | M30: 200 | N30: 450 | O30: 450 | Q30: PLC | R30: 650 | S30: 550 | T30: 550 | U30: 550 | V30: 500 | W30: 500 | X30: 500 | Y30: 0 | Z30: 450 | AA30: 250 | AB30: 0 | AC30: 200 | AD30: 450 | AE30: 450 | AG30: PLC | AH30: =B30=R30 -> TRUE | AI30: =C30=S30 -> TRUE | AJ30: =D30=T30 -> TRUE | AK30: =E30=U30 -> TRUE | AL30: =F30=V30 -> TRUE | AM30: =G30=W30 -> TRUE | AN30: =H30=X30 -> TRUE | AO30: =I30=Y30 -> TRUE | ... AU30: =O30=AE30 -> TRUE
A31: Quepe | B31: 650 | C31: 600 | D31: 600 | E31: 600 | F31: 550 | G31: 550 | H31: 500 | I31: 0 | J31: 450 | K31: 250 | L31: 200 | M31: 0 | N31: 200 | O31: 200 | Q31: Quepe | R31: 650 | S31: 600 | T31: 600 | U31: 600 | V31: 550 | W31: 550 | X31: 500 | Y31: 0 | Z31: 450 | AA31: 250 | AB31: 200 | AC31: 0 | AD31: 200 | AE31: 200 | AG31: Quepe | AH31: =B31=R31 -> TRUE | AI31: =C31=S31 -> TRUE | AJ31: =D31=T31 -> TRUE | AK31: =E31=U31 -> TRUE | AL31: =F31=V31 -> TRUE | AM31: =G31=W31 -> TRUE | AN31: =H31=X31 -> TRUE | AO31: =I31=Y31 -> TRUE | ... AU31: =O31=AE31 -> TRUE
... A33: Pitrufquén | B33: 850 | C33: 800 | D33: 800 | E33: 800 | F33: 750 | G33: 750 | H33: 750 | I33: 0 | J33: 700 | K33: 500 | L33: 450 | M33: 200 | N33: 200 | O33: 0 | Q33: Pitrufquén | R33: 850 | S33: 800 | T33: 800 | U33: 800 | V33: 750 | W33: 750 | X33: 750 | Y33: 0 | Z33: 700 | AA33: 500 | AB33: 450 | AC33: 200 | AD33: 200 | AE33: 0 | AG33: Pitrufquén | AH33: =B33=R33 -> TRUE | AI33: =C33=S33 -> TRUE | AJ33: =D33=T33 -> TRUE | AK33: =E33=U33 -> TRUE | AL33: =F33=V33 -> TRUE | AM33: =G33=W33 -> TRUE | AN33: =H33=X33 -> TRUE | AO33: =I33=Y33 -> TRUE | ... AU33: =O33=AE33 -> TRUE
Q34: 0.5 | AG34: 0.5
A35: Matriz Tarifaria Tercera Edad | Q35: Tarifa Adulto Mayor con subsidio | AG35: Tarifa Adulto Mayor con subsidio
A36: Estaciones | B36: Victoria | C36: PUA | D36: Perquenco | E36: Quillem | F36: Lautaro | G36: L. Centro | H36: Pillanlelbun | I36: Coleg. Claret | J36: Cajon | K36: Temuco | L36: PLC | M36: Quepe | N36: Freire | O36: Pitrufquén | Q36: Estaciones | R36: Victoria | S36: PUA | T36: Perquenco | U36: Quillem | V36: Lautaro | W36: L. Centro | X36: Pillanlelbun | Y36: Coleg. Claret | Z36: Cajon | AA36: Temuco | AB36: PLC | AC36: Quepe | AD36: Freire | AE36: Pitrufquén | AG36: Estaciones | AH36: Victoria | AI36: PUA | AJ36: Perquenco | AK36: Quillem | AL36: Lautaro | AM36: L. Centro | AN36: Pillanlelbun | AO36: Coleg. Claret | AP36: Cajon | AQ36: Temuco | AR36: PLC | AS36: Quepe | AT36: Freire | AU36: Pitrufquén
A37: Victoria | B37: 0 | C37: 480 | D37: 600 | E37: 600 | F37: 600 | G37: 600 | H37: 600 | I37: 0 | J37: 450 | K37: 750 | L37: 950 | M37: 1000 | N37: 1300 | O37: 1350 | Q37: Victoria | R37: 0 | S37: 480 | T37: 600 | U37: 600 | V37: 600 | W37: 600 | X37: 600 | Y37: 0 | Z37: 450 | AA37: 750 | AB37: 950 | AC37: 1000 | AD37: 1300 | AE37: 1350 | AG37: Victoria | AH37: =B37=R37 -> TRUE | AI37: =C37=S37 -> TRUE | AJ37: =D37=T37 -> TRUE | AK37: =E37=U37 -> TRUE | AL37: =F37=V37 -> TRUE | AM37: =G37=W37 -> TRUE | AN37: =H37=X37 -> TRUE | AO37: =I37=Y37 -> TRUE | ... AU37: =O37=AE37 -> TRUE
A38: PUA | B38: 480 | C38: 0 | D38: 480 | E38: 480 | F38: 480 | G38: 480 | H38: 600 | I38: 0 | J38: 400 | K38: 600 | L38: 850 | M38: 900 | N38: 1150 | O38: 1200 | Q38: PUA | R38: 480 | S38: 0 | T38: 480 | U38: 480 | V38: 480 | W38: 480 | X38: 600 | Y38: 0 | Z38: 400 | AA38: 600 | AB38: 850 | AC38: 900 | AD38: 1150 | AE38: 1200 | AG38: PUA | AH38: =B38=R38 -> TRUE | AI38: =C38=S38 -> TRUE | AJ38: =D38=T38 -> TRUE | AK38: =E38=U38 -> TRUE | AL38: =F38=V38 -> TRUE | AM38: =G38=W38 -> TRUE | AN38: =H38=X38 -> TRUE | AO38: =I38=Y38 -> TRUE | ... AU38: =O38=AE38 -> TRUE
A39: Perquenco | B39: 600 | C39: 480 | D39: 0 | E39: 480 | F39: 480 | G39: 480 | H39: 600 | I39: 0 | J39: 400 | K39: 600 | L39: 850 | M39: 900 | N39: 1150 | O39: 1200 | Q39: Perquenco | R39: 600 | S39: 480 | T39: 0 | U39: 480 | V39: 480 | W39: 480 | X39: 600 | Y39: 0 | Z39: 400 | AA39: 600 | AB39: 850 | AC39: 900 | AD39: 1150 | AE39: 1200 | AG39: Perquenco | AH39: =B39=R39 -> TRUE | AI39: =C39=S39 -> TRUE | AJ39: =D39=T39 -> TRUE | AK39: =E39=U39 -> TRUE | AL39: =F39=V39 -> TRUE | AM39: =G39=W39 -> TRUE | AN39: =H39=X39 -> TRUE | AO39: =I39=Y39 -> TRUE | ... AU39: =O39=AE39 -> TRUE
A40: Quillem | B40: 600 | C40: 480 | D40: 480 | E40: 0 | F40: 480 | G40: 480 | H40: 480 | I40: 0 | J40: 350 | K40: 600 | L40: 850 | M40: 900 | N40: 1150 | O40: 1200 | Q40: Quillem | R40: 600 | S40: 480 | T40: 480 | U40: 0 | V40: 480 | W40: 480 | X40: 480 | Y40: 0 | Z40: 350 | AA40: 600 | AB40: 850 | AC40: 900 | AD40: 1150 | AE40: 1200 | AG40: Quillem | AH40: =B40=R40 -> TRUE | AI40: =C40=S40 -> TRUE | AJ40: =D40=T40 -> TRUE | AK40: =E40=U40 -> TRUE | AL40: =F40=V40 -> TRUE | AM40: =G40=W40 -> TRUE | AN40: =H40=X40 -> TRUE | AO40: =I40=Y40 -> TRUE | ... AU40: =O40=AE40 -> TRUE
A41: Lautaro | B41: 600 | C41: 480 | D41: 480 | E41: 480 | F41: 0 | G41: 480 | H41: 480 | I41: 0 | J41: 300 | K41: 530 | L41: 800 | M41: 850 | N41: 1100 | O41: 1150 | Q41: Lautaro | R41: 600 | S41: 480 | T41: 480 | U41: 480 | V41: 0 | W41: 480 | X41: 480 | Y41: 0 | Z41: 300 | AA41: 530 | AB41: 800 | AC41: 850 | AD41: 1100 | AE41: 1150 | AG41: Lautaro | AH41: =B41=R41 -> TRUE | AI41: =C41=S41 -> TRUE | AJ41: =D41=T41 -> TRUE | AK41: =E41=U41 -> TRUE | AL41: =F41=V41 -> TRUE | AM41: =G41=W41 -> TRUE | AN41: =H41=X41 -> TRUE | AO41: =I41=Y41 -> TRUE | ... AU41: =O41=AE41 -> TRUE
A42: L. Centro | B42: 600 | C42: 480 | D42: 480 | E42: 480 | F42: 480 | G42: 0 | H42: 480 | I42: 0 | J42: 300 | K42: 530 | L42: 800 | M42: 850 | N42: 1100 | O42: 1150 | Q42: L. Centro | R42: 600 | S42: 480 | T42: 480 | U42: 480 | V42: 480 | W42: 0 | X42: 480 | Y42: 0 | Z42: 300 | AA42: 530 | AB42: 800 | AC42: 850 | AD42: 1100 | AE42: 1150 | AG42: L. Centro | AH42: =B42=R42 -> TRUE | AI42: =C42=S42 -> TRUE | AJ42: =D42=T42 -> TRUE | AK42: =E42=U42 -> TRUE | AL42: =F42=V42 -> TRUE | AM42: =G42=W42 -> TRUE | AN42: =H42=X42 -> TRUE | AO42: =I42=Y42 -> TRUE | ... AU42: =O42=AE42 -> TRUE
A43: Pillanlelbun | B43: 600 | C43: 600 | D43: 600 | E43: 480 | F43: 480 | G43: 480 | H43: 0 | I43: 0 | J43: 300 | K43: 480 | L43: 750 | M43: 800 | N43: 1050 | O43: 1100 | Q43: Pillanlelbun | R43: 600 | S43: 600 | T43: 600 | U43: 480 | V43: 480 | W43: 480 | X43: 0 | Y43: 0 | Z43: 300 | AA43: 480 | AB43: 750 | AC43: 800 | AD43: 1050 | AE43: 1100 | AG43: Pillanlelbun | AH43: =B43=R43 -> TRUE | AI43: =C43=S43 -> TRUE | AJ43: =D43=T43 -> TRUE | AK43: =E43=U43 -> TRUE | AL43: =F43=V43 -> TRUE | AM43: =G43=W43 -> TRUE | AN43: =H43=X43 -> TRUE | AO43: =I43=Y43 -> TRUE | ... AU43: =O43=AE43 -> TRUE
A44: Coleg. Claret | B44: 0 | C44: 0 | D44: 0 | E44: 0 | F44: 0 | G44: 0 | H44: 0 | I44: 0 | J44: 0 | K44: 0 | L44: 0 | M44: 0 | N44: 0 | O44: 0 | Q44: Coleg. Claret | R44: 0 | S44: 0 | T44: 0 | U44: 0 | V44: 0 | W44: 0 | X44: 0 | Y44: 0 | Z44: 0 | AA44: 500 | AB44: 0 | AC44: 0 | AD44: 0 | AE44: 0 | AG44: Coleg. Claret | AH44: =B44=R44 -> TRUE | AI44: =C44=S44 -> TRUE | AJ44: =D44=T44 -> TRUE | AK44: =E44=U44 -> TRUE | AL44: =F44=V44 -> TRUE | AM44: =G44=W44 -> TRUE | AN44: =H44=X44 -> TRUE | AO44: =I44=Y44 -> TRUE | ... AU44: =O44=AE44 -> TRUE
A45: Cajon | B45: 450 | C45: 400 | D45: 400 | E45: 350 | F45: 300 | G45: 300 | H45: 300 | I45: 0 | J45: 0 | K45: 300 | L45: 650 | M45: 700 | N45: 1000 | O45: 1050 | Q45: Cajon | R45: 450 | S45: 400 | T45: 400 | U45: 350 | V45: 300 | W45: 300 | X45: 300 | Y45: 0 | Z45: 0 | AA45: 300 | AB45: 650 | AC45: 700 | AD45: 1000 | AE45: 1050 | AG45: Cajon | AH45: =B45=R45 -> TRUE | AI45: =C45=S45 -> TRUE | AJ45: =D45=T45 -> TRUE | AK45: =E45=U45 -> TRUE | AL45: =F45=V45 -> TRUE | AM45: =G45=W45 -> TRUE | AN45: =H45=X45 -> TRUE | AO45: =I45=Y45 -> TRUE | ... AU45: =O45=AE45 -> TRUE
A46: Temuco | B46: 750 | C46: 600 | D46: 600 | E46: 600 | F46: 530 | G46: 530 | H46: 480 | I46: 0 | J46: 300 | K46: 0 | L46: 350 | M46: 400 | N46: 700 | O46: 750 | Q46: Temuco | R46: 750 | S46: 600 | T46: 600 | U46: 600 | V46: 530 | W46: 530 | X46: 480 | Y46: 500 | Z46: 300 | AA46: 0 | AB46: 350 | AC46: 400 | AD46: 700 | AE46: 750 | AG46: Temuco | AH46: =B46=R46 -> TRUE | AI46: =C46=S46 -> TRUE | AJ46: =D46=T46 -> TRUE | AK46: =E46=U46 -> TRUE | AL46: =F46=V46 -> TRUE | AM46: =G46=W46 -> TRUE | AN46: =H46=X46 -> TRUE | AO46: =I46=Y46 -> FALSE | ... AU46: =O46=AE46 -> TRUE
A47: PLC | B47: 950 | C47: 850 | D47: 850 | E47: 850 | F47: 800 | G47: 800 | H47: 750 | I47: 0 | J47: 650 | K47: 350 | L47: 0 | M47: 300 | N47: 650 | O47: 700 | Q47: PLC | R47: 950 | S47: 850 | T47: 850 | U47: 850 | V47: 800 | W47: 800 | X47: 750 | Y47: 0 | Z47: 650 | AA47: 350 | AB47: 0 | AC47: 300 | AD47: 650 | AE47: 700 | AG47: PLC | AH47: =B47=R47 -> TRUE | AI47: =C47=S47 -> TRUE | AJ47: =D47=T47 -> TRUE | AK47: =E47=U47 -> TRUE | AL47: =F47=V47 -> TRUE | AM47: =G47=W47 -> TRUE | AN47: =H47=X47 -> TRUE | AO47: =I47=Y47 -> TRUE | ... AU47: =O47=AE47 -> TRUE
A48: Quepe | B48: 1000 | C48: 900 | D48: 900 | E48: 900 | F48: 850 | G48: 850 | H48: 800 | I48: 0 | J48: 700 | K48: 400 | L48: 300 | M48: 0 | N48: 300 | O48: 350 | Q48: Quepe | R48: 1000 | S48: 900 | T48: 900 | U48: 900 | V48: 850 | W48: 850 | X48: 800 | Y48: 0 | Z48: 700 | AA48: 400 | AB48: 300 | AC48: 0 | AD48: 300 | AE48: 350 | AG48: Quepe | AH48: =B48=R48 -> TRUE | AI48: =C48=S48 -> TRUE | AJ48: =D48=T48 -> TRUE | AK48: =E48=U48 -> TRUE | AL48: =F48=V48 -> TRUE | AM48: =G48=W48 -> TRUE | AN48: =H48=X48 -> TRUE | AO48: =I48=Y48 -> TRUE | ... AU48: =O48=AE48 -> TRUE
... A50: Pitrufquén | B50: 1350 | C50: 1200 | D50: 1200 | E50: 1200 | F50: 1150 | G50: 1150 | H50: 1100 | I50: 0 | J50: 1050 | K50: 750 | L50: 700 | M50: 350 | N50: 300 | O50: 0 | Q50: Pitrufquén | R50: 1350 | S50: 1200 | T50: 1200 | U50: 1200 | V50: 1150 | W50: 1150 | X50: 1100 | Y50: 0 | Z50: 1050 | AA50: 750 | AB50: 700 | AC50: 350 | AD50: 300 | AE50: 0 | AG50: Pitrufquén | AH50: =B50=R50 -> TRUE | AI50: =C50=S50 -> TRUE | AJ50: =D50=T50 -> TRUE | AK50: =E50=U50 -> TRUE | AL50: =F50=V50 -> TRUE | AM50: =G50=W50 -> TRUE | AN50: =H50=X50 -> TRUE | AO50: =I50=Y50 -> TRUE | ... AU50: =O50=AE50 -> TRUE
A52: Tarifa Estudiantes Básicos
A53: Estaciones | B53: Victoria | C53: PUA | D53: Perquenco | E53: Quillem | F53: Lautaro | G53: L. Centro | H53: Pillanlelbun | I53: Coleg. Claret | J53: Cajon | K53: Temuco | L53: PLC | M53: Quepe | N53: Freire | O53: Pitrufquén
A54: Victoria | B54: 0 | C54: 250 | D54: 300 | E54: 300 | F54: 300 | G54: 300 | H54: 300 | I54: 0 | J54: 300 | K54: 400 | L54: 650 | M54: 650 | N54: 850 | O54: 850
A55: PUA | B55: 250 | C55: 0 | D55: 250 | E55: 250 | F55: 250 | G55: 250 | H55: 300 | I55: 0 | J55: 250 | K55: 300 | L55: 550 | M55: 600 | N55: 750 | O55: 800
A56: Perquenco | B56: 300 | C56: 250 | D56: 0 | E56: 250 | F56: 250 | G56: 250 | H56: 300 | I56: 0 | J56: 250 | K56: 300 | L56: 550 | M56: 600 | N56: 750 | O56: 800
A57: Quillem | B57: 300 | C57: 250 | D57: 250 | E57: 0 | F57: 250 | G57: 250 | H57: 250 | I57: 0 | J57: 250 | K57: 300 | L57: 550 | M57: 600 | N57: 750 | O57: 800
A58: Lautaro | B58: 300 | C58: 250 | D58: 250 | E58: 250 | F58: 0 | G58: 250 | H58: 250 | I58: 0 | J58: 200 | K58: 300 | L58: 500 | M58: 550 | N58: 750 | O58: 750
A59: L. Centro | B59: 300 | C59: 250 | D59: 250 | E59: 250 | F59: 250 | G59: 0 | H59: 250 | I59: 0 | J59: 200 | K59: 300 | L59: 500 | M59: 550 | N59: 750 | O59: 750
A60: Pillanlelbun | B60: 300 | C60: 300 | D60: 300 | E60: 250 | F60: 250 | G60: 250 | H60: 0 | I60: 0 | J60: 200 | K60: 250 | L60: 500 | M60: 500 | N60: 700 | O60: 750
A61: Coleg. Claret | B61: 0 | C61: 0 | D61: 0 | E61: 0 | F61: 0 | G61: 0 | H61: 0 | I61: 0 | J61: 0 | K61: 300 | L61: 0 | M61: 0 | N61: 0 | O61: 0
A62: Cajon | B62: 300 | C62: 250 | D62: 250 | E62: 250 | F62: 200 | G62: 200 | H62: 200 | I62: 0 | J62: 0 | K62: 200 | L62: 450 | M62: 450 | N62: 650 | O62: 700
A63: Temuco | B63: 400 | C63: 300 | D63: 300 | E63: 300 | F63: 300 | G63: 300 | H63: 250 | I63: 300 | J63: 200 | K63: 0 | L63: 250 | M63: 250 | N63: 450 | O63: 500
A64: PLC | B64: 650 | C64: 550 | D64: 550 | E64: 550 | F64: 500 | G64: 500 | H64: 500 | I64: 0 | J64: 450 | K64: 250 | L64: 0 | M64: 200 | N64: 450 | O64: 450
A65: Quepe | B65: 650 | C65: 600 | D65: 600 | E65: 600 | F65: 550 | G65: 550 | H65: 500 | I65: 0 | J65: 450 | K65: 250 | L65: 200 | M65: 0 | N65: 200 | O65: 200
... A67: Pitrufquén | B67: 850 | C67: 800 | D67: 800 | E67: 800 | F67: 750 | G67: 750 | H67: 750 | I67: 0 | J67: 700 | K67: 500 | L67: 450 | M67: 200 | N67: 200 | O67: 0

Sheet Biotren 2024
A1: ZONA | B1: PASAJERO COMÚN
B2: 1 | C2: 2 | D2: 3 | E2: 4 | F2: 5 | G2: 6 | H2: 7 | I2: 8 | J2: 9 | K2: 10
A3: 1 | B3: 340 | C3: 400 | D3: 450 | E3: 460 | F3: 480 | G3: 480 | H3: 490 | I3: 770 | J3: 820 | K3: 830 | O3: ZONA 1 | P3: HUALQUI
A4: 2 | B4: 400 | C4: 340 | D4: 420 | E4: 450 | F4: 460 | G4: 470 | H4: 480 | I4: 760 | J4: 770 | K4: 770
A5: 3 | B5: 450 | C5: 420 | D5: 340 | E5: 400 | F5: 450 | G5: 450 | H5: 460 | I5: 720 | J5: 720 | K5: 740 | O5: ZONA 2 | P5: LA LEONERA
A6: 4 | B6: 460 | C6: 450 | D6: 400 | E6: 340 | F6: 400 | G6: 440 | H6: 480 | I6: 730 | J6: 740 | K6: 760 | P6: MANQUIMÁVIDA
A7: 5 | B7: 480 | C7: 460 | D7: 450 | E7: 400 | F7: 340 | G7: 440 | H7: 480 | I7: 740 | J7: 760 | K7: 770 | P7: PEDRO MEDINA
A8: 6 | B8: 480 | C8: 470 | D8: 450 | E8: 440 | F8: 440 | G8: 340 | H8: 420 | I8: 530 | J8: 560 | K8: 670 | P8: CHIGUAYANTE
A9: 7 | B9: 490 | C9: 480 | D9: 460 | E9: 480 | F9: 480 | G9: 420 | H9: 340 | I9: 490 | J9: 510 | K9: 530
A10: 8 | B10: 770 | C10: 760 | D10: 720 | E10: 730 | F10: 740 | G10: 530 | H10: 490 | I10: 340 | J10: 360 | K10: 440 | O10: ZONA 3 | P10: CONCEPCIÓN
A11: 9 | B11: 820 | C11: 770 | D11: 720 | E11: 740 | F11: 760 | G11: 560 | H11: 510 | I11: 360 | J11: 340 | K11: 350 | P11: LORENZO ARENAS
A12: 10 | B12: 830 | C12: 770 | D12: 740 | E12: 760 | F12: 770 | G12: 670 | H12: 530 | I12: 440 | J12: 350 | K12: 340
O13: ZONA 4 | P13: UTFSM
P14: LOS CÓNDORES
A15: ZONA | B15: ESTUDIANTE MEDIA / SUPERIOR | P15: HIGUERAS
B16: 1 | C16: 2 | D16: 3 | E16: 4 | F16: 5 | G16: 6 | H16: 7 | I16: 8 | J16: 9 | K16: 10
A17: 1 | B17: 110 | C17: 140 | D17: 150 | E17: 160 | F17: 160 | G17: 160 | H17: 170 | I17: 260 | J17: 270 | K17: 280 | O17: ZONA 5 | P17: EL ARENAL
A18: 2 | B18: 140 | C18: 110 | D18: 140 | E18: 150 | F18: 160 | G18: 160 | H18: 160 | I18: 250 | J18: 260 | K18: 260 | P18: MERCADO DE THNO
A19: 3 | B19: 150 | C19: 140 | D19: 110 | E19: 140 | F19: 150 | G19: 150 | H19: 160 | I19: 240 | J19: 240 | K19: 250
A20: 4 | B20: 160 | C20: 150 | D20: 140 | E20: 110 | F20: 140 | G20: 150 | H20: 160 | I20: 240 | J20: 250 | K20: 250 | O20: ZONA 6 | P20: JUAN PABLO II
A21: 5 | B21: 160 | C21: 160 | D21: 150 | E21: 140 | F21: 110 | G21: 150 | H21: 160 | I21: 250 | J21: 250 | K21: 260 | P21: DIAGONAL BIOBÍO
A22: 6 | B22: 160 | C22: 160 | D22: 150 | E22: 150 | F22: 150 | G22: 110 | H22: 140 | I22: 180 | J22: 190 | K22: 230 | P22: ALBORADA
A23: 7 | B23: 170 | C23: 160 | D23: 160 | E23: 160 | F23: 160 | G23: 140 | H23: 110 | I23: 170 | J23: 170 | K23: 180
A24: 8 | B24: 260 | C24: 250 | D24: 240 | E24: 240 | F24: 250 | G24: 180 | H24: 170 | I24: 110 | J24: 120 | K24: 150 | O24: ZONA 7 | P24: COSTA MAR
A25: 9 | B25: 270 | C25: 260 | D25: 240 | E25: 250 | F25: 250 | G25: 190 | H25: 170 | I25: 120 | J25: 110 | K25: 120 | P25: EL PARQUE
A26: 10 | B26: 280 | C26: 260 | D26: 250 | E26: 250 | F26: 260 | G26: 230 | H26: 180 | I26: 150 | J26: 120 | K26: 110 | P26: LOMAS COLORADAS
P27: CARDENAL RAÚL SILVA HENRÍQUEZ
A28: ZONA | B28: TERCERA EDAD
B29: 1 | C29: 2 | D29: 3 | E29: 4 | F29: 5 | G29: 6 | H29: 7 | I29: 8 | J29: 9 | K29: 10 | O29: ZONA 8 | P29: HITO GALVARINO
A30: 1 | B30: 170 | C30: 200 | D30: 230 | E30: 230 | F30: 240 | G30: 240 | H30: 250 | I30: 390 | J30: 410 | K30: 420 | P30: LOS CANELOS
A31: 2 | B31: 200 | C31: 170 | D31: 210 | E31: 230 | F31: 230 | G31: 240 | H31: 240 | I31: 380 | J31: 390 | K31: 390
A32: 3 | B32: 230 | C32: 210 | D32: 170 | E32: 200 | F32: 230 | G32: 230 | H32: 230 | I32: 360 | J32: 360 | K32: 370 | O32: ZONA 9 | P32: HUINCA
A33: 4 | B33: 230 | C33: 230 | D33: 200 | E33: 170 | F33: 200 | G33: 220 | H33: 240 | I33: 370 | J33: 370 | K33: 380 | P33: CRISTO REDENTOR
A34: 5 | B34: 240 | C34: 230 | D34: 230 | E34: 200 | F34: 170 | G34: 220 | H34: 240 | I34: 370 | J34: 380 | K34: 390
A35: 6 | B35: 240 | C35: 240 | D35: 230 | E35: 220 | F35: 220 | G35: 170 | H35: 210 | I35: 270 | J35: 280 | K35: 340 | O35: ZONA 10 | P35: LAGUNA QUIÑENCO
A36: 7 | B36: 250 | C36: 240 | D36: 230 | E36: 240 | F36: 240 | G36: 210 | H36: 170 | I36: 250 | J36: 260 | K36: 270 | P36: CORONEL
A37: 8 | B37: 390 | C37: 380 | D37: 360 | E37: 370 | F37: 370 | G37: 270 | H37: 250 | I37: 170 | J37: 180 | K37: 220
A38: 9 | B38: 410 | C38: 390 | D38: 360 | E38: 370 | F38: 380 | G38: 280 | H38: 260 | I38: 180 | J38: 170 | K38: 180
A39: 10 | B39: 420 | C39: 390 | D39: 370 | E39: 380 | F39: 390 | G39: 340 | H39: 270 | I39: 220 | J39: 180 | K39: 170

Sheet BT-25 por Estación
A1: Matriz Tarifaria Adulto
A2: Estaciones | B2: Hualqui | C2: Leonera | D2: Manquimavida | E2: Pedro Medina | F2: Chiguayante | G2: Concepcion | H2: Lorenzo Arenas | I2: UTFSM | J2: Los Condores | K2: Higueras | L2: Arenal | M2: Mercado | N2: Juan Pablo II | O2: Diagonal Bio Bio | P2: Alborada | Q2: Costa Mar | R2: El Parque | S2: Lomas Coloradas | T2: Raul Silva H. | U2: Hito Galvarino | V2: Los Canelos | W2: Huinca | X2: Cristo Redentor | Y2: Lag.Quiñenco | Z2: Coronel | AB2: Estaciones | AC2: Hualqui | AD2: Leonera | AE2: Manquimavida | AF2: Pedro Medina | AG2: Chiguayante | AH2: Concepcion | AI2: Lorenzo Arenas | AJ2: UTFSM | AK2: Los Condores | AL2: Higueras | AM2: Arenal | AN2: Mercado | AO2: Juan Pablo II | AP2: Diagonal Bio Bio | AQ2: Alborada | AR2: Costa Mar | AS2: El Parque | AT2: Lomas Coloradas | AU2: Raul Silva H. | AV2: Hito Galvarino | AW2: Los Canelos | AX2: Huinca | AY2: Cristo Redentor | AZ2: Lag.Quiñenco | BA2: Coronel | BC2: Estaciones | BD2: Hualqui | BE2: Leonera | BF2: Manquimavida | BG2: Pedro Medina | BH2: Chiguayante | BI2: Concepcion | BJ2: Lorenzo Arenas | BK2: UTFSM | BL2: Los Condores | BM2: Higueras | BN2: Arenal | BO2: Mercado | BP2: Juan Pablo II | BQ2: Diagonal Bio Bio | BR2: Alborada | BS2: Costa Mar | BT2: El Parque | BU2: Lomas Coloradas | BV2: Raul Silva H. | BW2: Hito Galvarino | BX2: Los Canelos | BY2: Huinca | BZ2: Cristo Redentor | CA2: Lag.Quiñenco | CB2: Coronel
A3: Hualqui | B3: 380 | C3: 450 | D3: 450 | E3: 450 | F3: 450 | G3: 500 | H3: 500 | I3: 510 | J3: 510 | K3: 510 | L3: 530 | M3: 530 | N3: 530 | O3: 530 | P3: 530 | Q3: 540 | R3: 540 | S3: 540 | T3: 540 | U3: 840 | V3: 840 | W3: 890 | X3: 890 | Y3: 900 | Z3: 900 | AB3: Hualqui | AC3: 340 | AD3: 400 | AE3: 400 | AF3: 400 | AG3: 400 | AH3: 450 | AI3: 450 | AJ3: 460 | AK3: 460 | AL3: 460 | AM3: 480 | AN3: 480 | AO3: 480 | AP3: 480 | AQ3: 480 | AR3: 490 | AS3: 490 | AT3: 490 | AU3: 490 | AV3: 770 | AW3: 770 | AX3: 820 | AY3: 820 | AZ3: 830 | BA3: 830 | BC3: Hualqui | BD3: =B3-AC3 -> 40 | BE3: =C3-AD3 -> 50 | BF3: =D3-AE3 -> 50 | BG3: =E3-AF3 -> 50 | BH3: =F3-AG3 -> 50 | BI3: =G3-AH3 -> 50 | BJ3: =H3-AI3 -> 50 | BK3: =I3-AJ3 -> 50 | ... CB3: =Z3-BA3 -> 70
A4: Leonera | B4: 450 | C4: 380 | D4: 380 | E4: 380 | F4: 380 | G4: 470 | H4: 470 | I4: 500 | J4: 500 | K4: 500 | L4: 510 | M4: 510 | N4: 520 | O4: 520 | P4: 520 | Q4: 530 | R4: 530 | S4: 530 | T4: 530 | U4: 830 | V4: 830 | W4: 840 | X4: 840 | Y4: 840 | Z4: 840 | AB4: Leonera | AC4: 400 | AD4: 340 | AE4: 340 | AF4: 340 | AG4: 340 | AH4: 420 | AI4: 420 | AJ4: 450 | AK4: 450 | AL4: 450 | AM4: 460 | AN4: 460 | AO4: 470 | AP4: 470 | AQ4: 470 | AR4: 480 | AS4: 480 | AT4: 480 | AU4: 480 | AV4: 760 | AW4: 760 | AX4: 770 | AY4: 770 | AZ4: 770 | BA4: 770 | BC4: Leonera | BD4: =B4-AC4 -> 50 | BE4: =C4-AD4 -> 40 | BF4: =D4-AE4 -> 40 | BG4: =E4-AF4 -> 40 | BH4: =F4-AG4 -> 40 | BI4: =G4-AH4 -> 50 | BJ4: =H4-AI4 -> 50 | BK4: =I4-AJ4 -> 50 | ... CB4: =Z4-BA4 -> 70
A5: Manquimavida | B5: 450 | C5: 380 | D5: 380 | E5: 380 | F5: 380 | G5: 470 | H5: 470 | I5: 500 | J5: 500 | K5: 500 | L5: 510 | M5: 510 | N5: 520 | O5: 520 | P5: 520 | Q5: 530 | R5: 530 | S5: 530 | T5: 530 | U5: 830 | V5: 830 | W5: 840 | X5: 840 | Y5: 840 | Z5: 840 | AB5: Manquimavida | AC5: 400 | AD5: 340 | AE5: 340 | AF5: 340 | AG5: 340 | AH5: 420 | AI5: 420 | AJ5: 450 | AK5: 450 | AL5: 450 | AM5: 460 | AN5: 460 | AO5: 470 | AP5: 470 | AQ5: 470 | AR5: 480 | AS5: 480 | AT5: 480 | AU5: 480 | AV5: 760 | AW5: 760 | AX5: 770 | AY5: 770 | AZ5: 770 | BA5: 770 | BC5: Manquimavida | BD5: =B5-AC5 -> 50 | BE5: =C5-AD5 -> 40 | BF5: =D5-AE5 -> 40 | BG5: =E5-AF5 -> 40 | BH5: =F5-AG5 -> 40 | BI5: =G5-AH5 -> 50 | BJ5: =H5-AI5 -> 50 | BK5: =I5-AJ5 -> 50 | ... CB5: =Z5-BA5 -> 70
A6: Pedro Medina | B6: 450 | C6: 380 | D6: 380 | E6: 380 | F6: 380 | G6: 470 | H6: 470 | I6: 500 | J6: 500 | K6: 500 | L6: 510 | M6: 510 | N6: 520 | O6: 520 | P6: 520 | Q6: 530 | R6: 530 | S6: 530 | T6: 530 | U6: 830 | V6: 830 | W6: 840 | X6: 840 | Y6: 840 | Z6: 840 | AB6: Pedro Medina | AC6: 400 | AD6: 340 | AE6: 340 | AF6: 340 | AG6: 340 | AH6: 420 | AI6: 420 | AJ6: 450 | AK6: 450 | AL6: 450 | AM6: 460 | AN6: 460 | AO6: 470 | AP6: 470 | AQ6: 470 | AR6: 480 | AS6: 480 | AT6: 480 | AU6: 480 | AV6: 760 | AW6: 760 | AX6: 770 | AY6: 770 | AZ6: 770 | BA6: 770 | BC6: Pedro Medina | BD6: =B6-AC6 -> 50 | BE6: =C6-AD6 -> 40 | BF6: =D6-AE6 -> 40 | BG6: =E6-AF6 -> 40 | BH6: =F6-AG6 -> 40 | BI6: =G6-AH6 -> 50 | BJ6: =H6-AI6 -> 50 | BK6: =I6-AJ6 -> 50 | ... CB6: =Z6-BA6 -> 70
A7: Chiguayante | B7: 450 | C7: 380 | D7: 380 | E7: 380 | F7: 380 | G7: 470 | H7: 470 | I7: 500 | J7: 500 | K7: 500 | L7: 510 | M7: 510 | N7: 520 | O7: 520 | P7: 520 | Q7: 530 | R7: 530 | S7: 530 | T7: 530 | U7: 830 | V7: 830 | W7: 840 | X7: 840 | Y7: 840 | Z7: 840 | AB7: Chiguayante | AC7: 400 | AD7: 340 | AE7: 340 | AF7: 340 | AG7: 340 | AH7: 420 | AI7: 420 | AJ7: 450 | AK7: 450 | AL7: 450 | AM7: 460 | AN7: 460 | AO7: 470 | AP7: 470 | AQ7: 470 | AR7: 480 | AS7: 480 | AT7: 480 | AU7: 480 | AV7: 760 | AW7: 760 | AX7: 770 | AY7: 770 | AZ7: 770 | BA7: 770 | BC7: Chiguayante | BD7: =B7-AC7 -> 50 | BE7: =C7-AD7 -> 40 | BF7: =D7-AE7 -> 40 | BG7: =E7-AF7 -> 40 | BH7: =F7-AG7 -> 40 | BI7: =G7-AH7 -> 50 | BJ7: =H7-AI7 -> 50 | BK7: =I7-AJ7 -> 50 | ... CB7: =Z7-BA7 -> 70
A8: Concepcion | B8: 500 | C8: 470 | D8: 470 | E8: 470 | F8: 470 | G8: 380 | H8: 380 | I8: 450 | J8: 450 | K8: 450 | L8: 500 | M8: 500 | N8: 500 | O8: 500 | P8: 500 | Q8: 510 | R8: 510 | S8: 510 | T8: 510 | U8: 780 | V8: 780 | W8: 780 | X8: 780 | Y8: 810 | Z8: 810 | AB8: Concepcion | AC8: 450 | AD8: 420 | AE8: 420 | AF8: 420 | AG8: 420 | AH8: 340 | AI8: 340 | AJ8: 400 | AK8: 400 | AL8: 400 | AM8: 450 | AN8: 450 | AO8: 450 | AP8: 450 | AQ8: 450 | AR8: 460 | AS8: 460 | AT8: 460 | AU8: 460 | AV8: 720 | AW8: 720 | AX8: 720 | AY8: 720 | AZ8: 740 | BA8: 740 | BC8: Concepcion | BD8: =B8-AC8 -> 50 | BE8: =C8-AD8 -> 50 | BF8: =D8-AE8 -> 50 | BG8: =E8-AF8 -> 50 | BH8: =F8-AG8 -> 50 | BI8: =G8-AH8 -> 40 | BJ8: =H8-AI8 -> 40 | BK8: =I8-AJ8 -> 50 | ... CB8: =Z8-BA8 -> 70
A9: Lorenzo Arenas | B9: 500 | C9: 470 | D9: 470 | E9: 470 | F9: 470 | G9: 380 | H9: 380 | I9: 450 | J9: 450 | K9: 450 | L9: 500 | M9: 500 | N9: 500 | O9: 500 | P9: 500 | Q9: 510 | R9: 510 | S9: 510 | T9: 510 | U9: 780 | V9: 780 | W9: 780 | X9: 780 | Y9: 810 | Z9: 810 | AB9: Lorenzo Arenas | AC9: 450 | AD9: 420 | AE9: 420 | AF9: 420 | AG9: 420 | AH9: 340 | AI9: 340 | AJ9: 400 | AK9: 400 | AL9: 400 | AM9: 450 | AN9: 450 | AO9: 450 | AP9: 450 | AQ9: 450 | AR9: 460 | AS9: 460 | AT9: 460 | AU9: 460 | AV9: 720 | AW9: 720 | AX9: 720 | AY9: 720 | AZ9: 740 | BA9: 740 | BC9: Lorenzo Arenas | BD9: =B9-AC9 -> 50 | BE9: =C9-AD9 -> 50 | BF9: =D9-AE9 -> 50 | BG9: =E9-AF9 -> 50 | BH9: =F9-AG9 -> 50 | BI9: =G9-AH9 -> 40 | BJ9: =H9-AI9 -> 40 | BK9: =I9-AJ9 -> 50 | ... CB9: =Z9-BA9 -> 70
A10: UTFSM | B10: 510 | C10: 500 | D10: 500 | E10: 500 | F10: 500 | G10: 450 | H10: 450 | I10: 380 | J10: 380 | K10: 380 | L10: 450 | M10: 450 | N10: 490 | O10: 490 | P10: 490 | Q10: 530 | R10: 530 | S10: 530 | T10: 530 | U10: 800 | V10: 800 | W10: 810 | X10: 810 | Y10: 830 | Z10: 830 | AB10: UTFSM | AC10: 460 | AD10: 450 | AE10: 450 | AF10: 450 | AG10: 450 | AH10: 400 | AI10: 400 | AJ10: 340 | AK10: 340 | AL10: 340 | AM10: 400 | AN10: 400 | AO10: 440 | AP10: 440 | AQ10: 440 | AR10: 480 | AS10: 480 | AT10: 480 | AU10: 480 | AV10: 730 | AW10: 730 | AX10: 740 | AY10: 740 | AZ10: 760 | BA10: 760 | BC10: UTFSM | BD10: =B10-AC10 -> 50 | BE10: =C10-AD10 -> 50 | BF10: =D10-AE10 -> 50 | BG10: =E10-AF10 -> 50 | BH10: =F10-AG10 -> 50 | BI10: =G10-AH10 -> 50 | BJ10: =H10-AI10 -> 50 | BK10: =I10-AJ10 -> 40 | ... CB10: =Z10-BA10 -> 70
A11: Los Condores | B11: 510 | C11: 500 | D11: 500 | E11: 500 | F11: 500 | G11: 450 | H11: 450 | I11: 380 | J11: 380 | K11: 380 | L11: 450 | M11: 450 | N11: 490 | O11: 490 | P11: 490 | Q11: 530 | R11: 530 | S11: 530 | T11: 530 | U11: 800 | V11: 800 | W11: 810 | X11: 810 | Y11: 830 | Z11: 830 | AB11: Los Condores | AC11: 460 | AD11: 450 | AE11: 450 | AF11: 450 | AG11: 450 | AH11: 400 | AI11: 400 | AJ11: 340 | AK11: 340 | AL11: 340 | AM11: 400 | AN11: 400 | AO11: 440 | AP11: 440 | AQ11: 440 | AR11: 480 | AS11: 480 | AT11: 480 | AU11: 480 | AV11: 730 | AW11: 730 | AX11: 740 | AY11: 740 | AZ11: 760 | BA11: 760 | BC11: Los Condores | BD11: =B11-AC11 -> 50 | BE11: =C11-AD11 -> 50 | BF11: =D11-AE11 -> 50 | BG11: =E11-AF11 -> 50 | BH11: =F11-AG11 -> 50 | BI11: =G11-AH11 -> 50 | BJ11: =H11-AI11 -> 50 | BK11: =I11-AJ11 -> 40 | ... CB11: =Z11-BA11 -> 70
A12: Higueras | B12: 510 | C12: 500 | D12: 500 | E12: 500 | F12: 500 | G12: 450 | H12: 450 | I12: 380 | J12: 380 | K12: 380 | L12: 450 | M12: 450 | N12: 490 | O12: 490 | P12: 490 | Q12: 530 | R12: 530 | S12: 530 | T12: 530 | U12: 800 | V12: 800 | W12: 810 | X12: 810 | Y12: 830 | Z12: 830 | AB12: Higueras | AC12: 460 | AD12: 450 | AE12: 450 | AF12: 450 | AG12: 450 | AH12: 400 | AI12: 400 | AJ12: 340 | AK12: 340 | AL12: 340 | AM12: 400 | AN12: 400 | AO12: 440 | AP12: 440 | AQ12: 440 | AR12: 480 | AS12: 480 | AT12: 480 | AU12: 480 | AV12: 730 | AW12: 730 | AX12: 740 | AY12: 740 | AZ12: 760 | BA12: 760 | BC12: Higueras | BD12: =B12-AC12 -> 50 | BE12: =C12-AD12 -> 50 | BF12: =D12-AE12 -> 50 | BG12: =E12-AF12 -> 50 | BH12: =F12-AG12 -> 50 | BI12: =G12-AH12 -> 50 | BJ12: =H12-AI12 -> 50 | BK12: =I12-AJ12 -> 40 | ... CB12: =Z12-BA12 -> 70
A13: Arenal | B13: 530 | C13: 510 | D13: 510 | E13: 510 | F13: 510 | G13: 500 | H13: 500 | I13: 450 | J13: 450 | K13: 450 | L13: 380 | M13: 380 | N13: 490 | O13: 490 | P13: 490 | Q13: 530 | R13: 530 | S13: 530 | T13: 530 | U13: 810 | V13: 810 | W13: 830 | X13: 830 | Y13: 840 | Z13: 840 | AB13: Arenal | AC13: 480 | AD13: 460 | AE13: 460 | AF13: 460 | AG13: 460 | AH13: 450 | AI13: 450 | AJ13: 400 | AK13: 400 | AL13: 400 | AM13: 340 | AN13: 340 | AO13: 440 | AP13: 440 | AQ13: 440 | AR13: 480 | AS13: 480 | AT13: 480 | AU13: 480 | AV13: 740 | AW13: 740 | AX13: 760 | AY13: 760 | AZ13: 770 | BA13: 770 | BC13: Arenal | BD13: =B13-AC13 -> 50 | BE13: =C13-AD13 -> 50 | BF13: =D13-AE13 -> 50 | BG13: =E13-AF13 -> 50 | BH13: =F13-AG13 -> 50 | BI13: =G13-AH13 -> 50 | BJ13: =H13-AI13 -> 50 | BK13: =I13-AJ13 -> 50 | ... CB13: =Z13-BA13 -> 70
A14: Mercado | B14: 530 | C14: 510 | D14: 510 | E14: 510 | F14: 510 | G14: 500 | H14: 500 | I14: 450 | J14: 450 | K14: 450 | L14: 380 | M14: 380 | N14: 490 | O14: 490 | P14: 490 | Q14: 530 | R14: 530 | S14: 530 | T14: 530 | U14: 810 | V14: 810 | W14: 830 | X14: 830 | Y14: 840 | Z14: 840 | AB14: Mercado | AC14: 480 | AD14: 460 | AE14: 460 | AF14: 460 | AG14: 460 | AH14: 450 | AI14: 450 | AJ14: 400 | AK14: 400 | AL14: 400 | AM14: 340 | AN14: 340 | AO14: 440 | AP14: 440 | AQ14: 440 | AR14: 480 | AS14: 480 | AT14: 480 | AU14: 480 | AV14: 740 | AW14: 740 | AX14: 760 | AY14: 760 | AZ14: 770 | BA14: 770 | BC14: Mercado | BD14: =B14-AC14 -> 50 | BE14: =C14-AD14 -> 50 | BF14: =D14-AE14 -> 50 | BG14: =E14-AF14 -> 50 | BH14: =F14-AG14 -> 50 | BI14: =G14-AH14 -> 50 | BJ14: =H14-AI14 -> 50 | BK14: =I14-AJ14 -> 50 | ... CB14: =Z14-BA14 -> 70
... A27: Coronel | B27: 900 | C27: 840 | D27: 840 | E27: 840 | F27: 840 | G27: 810 | H27: 810 | I27: 830 | J27: 830 | K27: 830 | L27: 840 | M27: 840 | N27: 730 | O27: 730 | P27: 730 | Q27: 580 | R27: 580 | S27: 580 | T27: 580 | U27: 490 | V27: 490 | W27: 390 | X27: 390 | Y27: 380 | Z27: 380 | AB27: Coronel | AC27: 830 | AD27: 770 | AE27: 770 | AF27: 770 | AG27: 770 | AH27: 740 | AI27: 740 | AJ27: 760 | AK27: 760 | AL27: 760 | AM27: 770 | AN27: 770 | AO27: 670 | AP27: 670 | AQ27: 670 | AR27: 530 | AS27: 530 | AT27: 530 | AU27: 530 | AV27: 440 | AW27: 440 | AX27: 350 | AY27: 350 | AZ27: 340 | BA27: 340 | BC27: Coronel | BD27: =B27-AC27 -> 70 | BE27: =C27-AD27 -> 70 | BF27: =D27-AE27 -> 70 | BG27: =E27-AF27 -> 70 | BH27: =F27-AG27 -> 70 | BI27: =G27-AH27 -> 70 | BJ27: =H27-AI27 -> 70 | BK27: =I27-AJ27 -> 70 | ... CB27: =Z27-BA27 -> 40
A29: Matriz Tarifaria Estudiante
A30: Estaciones | B30: Hualqui | C30: Leonera | D30: Manquimavida | E30: Pedro Medina | F30: Chiguayante | G30: Concepcion | H30: Lorenzo Arenas | I30: UTFSM | J30: Los Condores | K30: Higueras | L30: Arenal | M30: Mercado | N30: Juan Pablo II | O30: Diagonal Bio Bio | P30: Alborada | Q30: Costa Mar | R30: El Parque | S30: Lomas Coloradas | T30: Raul Silva H. | U30: Hito Galvarino | V30: Los Canelos | W30: Huinca | X30: Cristo Redentor | Y30: Lag.Quiñenco | Z30: Coronel | AB30: Estaciones | AC30: Hualqui | AD30: Leonera | AE30: Manquimavida | AF30: Pedro Medina | AG30: Chiguayante | AH30: Concepcion | AI30: Lorenzo Arenas | AJ30: UTFSM | AK30: Los Condores | AL30: Higueras | AM30: Arenal | AN30: Mercado | AO30: Juan Pablo II | AP30: Diagonal Bio Bio | AQ30: Alborada | AR30: Costa Mar | AS30: El Parque | AT30: Lomas Coloradas | AU30: Raul Silva H. | AV30: Hito Galvarino | AW30: Los Canelos | AX30: Huinca | AY30: Cristo Redentor | AZ30: Lag.Quiñenco | BA30: Coronel | BC30: Estaciones | BD30: Hualqui | BE30: Leonera | BF30: Manquimavida | BG30: Pedro Medina | BH30: Chiguayante | BI30: Concepcion | BJ30: Lorenzo Arenas | BK30: UTFSM | BL30: Los Condores | BM30: Higueras | BN30: Arenal | BO30: Mercado | BP30: Juan Pablo II | BQ30: Diagonal Bio Bio | BR30: Alborada | BS30: Costa Mar | BT30: El Parque | BU30: Lomas Coloradas | BV30: Raul Silva H. | BW30: Hito Galvarino | BX30: Los Canelos | BY30: Huinca | BZ30: Cristo Redentor | CA30: Lag.Quiñenco | CB30: Coronel
A31: Hualqui | B31: 130 | C31: 150 | D31: 150 | E31: 150 | F31: 150 | G31: 170 | H31: 170 | I31: 170 | J31: 170 | K31: 170 | L31: 170 | M31: 170 | N31: 170 | O31: 170 | P31: 170 | Q31: 180 | R31: 180 | S31: 180 | T31: 180 | U31: 280 | V31: 280 | W31: 290 | X31: 290 | Y31: 300 | Z31: 300 | AB31: Hualqui | AC31: 110 | AD31: 130 | AE31: 130 | AF31: 130 | AG31: 130 | AH31: 150 | AI31: 150 | AJ31: 160 | AK31: 160 | AL31: 160 | AM31: 160 | AN31: 160 | AO31: 160 | AP31: 160 | AQ31: 160 | AR31: 170 | AS31: 170 | AT31: 170 | AU31: 170 | AV31: 260 | AW31: 260 | AX31: 270 | AY31: 270 | AZ31: 280 | BA31: 280 | BC31: Hualqui | BD31: 110 | BE31: 130 | BF31: 130 | BG31: 130 | BH31: 130 | BI31: 150 | BJ31: 150 | BK31: 160 | BL31: 160 | BM31: 160 | BN31: 160 | BO31: 160 | BP31: 160 | BQ31: 160 | BR31: 160 | BS31: 170 | BT31: 170 | BU31: 170 | BV31: 170 | BW31: 260 | BX31: 260 | BY31: 270 | BZ31: 270 | CA31: 280 | CB31: 280
A32: Leonera | B32: 150 | C32: 130 | D32: 130 | E32: 130 | F32: 130 | G32: 160 | H32: 160 | I32: 170 | J32: 170 | K32: 170 | L32: 170 | M32: 170 | N32: 170 | O32: 170 | P32: 170 | Q32: 170 | R32: 170 | S32: 170 | T32: 170 | U32: 270 | V32: 270 | W32: 280 | X32: 280 | Y32: 280 | Z32: 280 | AB32: Leonera | AC32: 130 | AD32: 110 | AE32: 110 | AF32: 110 | AG32: 110 | AH32: 140 | AI32: 140 | AJ32: 150 | AK32: 150 | AL32: 150 | AM32: 160 | AN32: 160 | AO32: 160 | AP32: 160 | AQ32: 160 | AR32: 160 | AS32: 160 | AT32: 160 | AU32: 160 | AV32: 250 | AW32: 250 | AX32: 260 | AY32: 260 | AZ32: 260 | BA32: 260 | BC32: Leonera | BD32: 130 | BE32: 110 | BF32: 110 | BG32: 110 | BH32: 110 | BI32: 140 | BJ32: 140 | BK32: 150 | BL32: 150 | BM32: 150 | BN32: 160 | BO32: 160 | BP32: 160 | BQ32: 160 | BR32: 160 | BS32: 160 | BT32: 160 | BU32: 160 | BV32: 160 | BW32: 250 | BX32: 250 | BY32: 260 | BZ32: 260 | CA32: 260 | CB32: 260
A33: Manquimavida | B33: 150 | C33: 130 | D33: 130 | E33: 130 | F33: 130 | G33: 160 | H33: 160 | I33: 170 | J33: 170 | K33: 170 | L33: 170 | M33: 170 | N33: 170 | O33: 170 | P33: 170 | Q33: 170 | R33: 170 | S33: 170 | T33: 170 | U33: 270 | V33: 270 | W33: 280 | X33: 280 | Y33: 280 | Z33: 280 | AB33: Manquimavida | AC33: 130 | AD33: 110 | AE33: 110 | AF33: 110 | AG33: 110 | AH33: 140 | AI33: 140 | AJ33: 150 | AK33: 150 | AL33: 150 | AM33: 160 | AN33: 160 | AO33: 160 | AP33: 160 | AQ33: 160 | AR33: 160 | AS33: 160 | AT33: 160 | AU33: 160 | AV33: 250 | AW33: 250 | AX33: 260 | AY33: 260 | AZ33: 260 | BA33: 260 | BC33: Manquimavida | BD33: 130 | BE33: 110 | BF33: 110 | BG33: 110 | BH33: 110 | BI33: 140 | BJ33: 140 | BK33: 150 | BL33: 150 | BM33: 150 | BN33: 160 | BO33: 160 | BP33: 160 | BQ33: 160 | BR33: 160 | BS33: 160 | BT33: 160 | BU33: 160 | BV33: 160 | BW33: 250 | BX33: 250 | BY33: 260 | BZ33: 260 | CA33: 260 | CB33: 260
A34: Pedro Medina | B34: 150 | C34: 130 | D34: 130 | E34: 130 | F34: 130 | G34: 160 | H34: 160 | I34: 170 | J34: 170 | K34: 170 | L34: 170 | M34: 170 | N34: 170 | O34: 170 | P34: 170 | Q34: 170 | R34: 170 | S34: 170 | T34: 170 | U34: 270 | V34: 270 | W34: 280 | X34: 280 | Y34: 280 | Z34: 280 | AB34: Pedro Medina | AC34: 130 | AD34: 110 | AE34: 110 | AF34: 110 | AG34: 110 | AH34: 140 | AI34: 140 | AJ34: 150 | AK34: 150 | AL34: 150 | AM34: 160 | AN34: 160 | AO34: 160 | AP34: 160 | AQ34: 160 | AR34: 160 | AS34: 160 | AT34: 160 | AU34: 160 | AV34: 250 | AW34: 250 | AX34: 260 | AY34: 260 | AZ34: 260 | BA34: 260 | BC34: Pedro Medina | BD34: 130 | BE34: 110 | BF34: 110 | BG34: 110 | BH34: 110 | BI34: 140 | BJ34: 140 | BK34: 150 | BL34: 150 | BM34: 150 | BN34: 160 | BO34: 160 | BP34: 160 | BQ34: 160 | BR34: 160 | BS34: 160 | BT34: 160 | BU34: 160 | BV34: 160 | BW34: 250 | BX34: 250 | BY34: 260 | BZ34: 260 | CA34: 260 | CB34: 260
A35: Chiguayante | B35: 150 | C35: 130 | D35: 130 | E35: 130 | F35: 130 | G35: 160 | H35: 160 | I35: 170 | J35: 170 | K35: 170 | L35: 170 | M35: 170 | N35: 170 | O35: 170 | P35: 170 | Q35: 170 | R35: 170 | S35: 170 | T35: 170 | U35: 270 | V35: 270 | W35: 280 | X35: 280 | Y35: 280 | Z35: 280 | AB35: Chiguayante | AC35: 130 | AD35: 110 | AE35: 110 | AF35: 110 | AG35: 110 | AH35: 140 | AI35: 140 | AJ35: 150 | AK35: 150 | AL35: 150 | AM35: 160 | AN35: 160 | AO35: 160 | AP35: 160 | AQ35: 160 | AR35: 160 | AS35: 160 | AT35: 160 | AU35: 160 | AV35: 250 | AW35: 250 | AX35: 260 | AY35: 260 | AZ35: 260 | BA35: 260 | BC35: Chiguayante | BD35: 130 | BE35: 110 | BF35: 110 | BG35: 110 | BH35: 110 | BI35: 140 | BJ35: 140 | BK35: 150 | BL35: 150 | BM35: 150 | BN35: 160 | BO35: 160 | BP35: 160 | BQ35: 160 | BR35: 160 | BS35: 160 | BT35: 160 | BU35: 160 | BV35: 160 | BW35: 250 | BX35: 250 | BY35: 260 | BZ35: 260 | CA35: 260 | CB35: 260
A36: Concepcion | B36: 170 | C36: 160 | D36: 160 | E36: 160 | F36: 160 | G36: 130 | H36: 130 | I36: 150 | J36: 150 | K36: 150 | L36: 170 | M36: 170 | N36: 170 | O36: 170 | P36: 170 | Q36: 170 | R36: 170 | S36: 170 | T36: 170 | U36: 260 | V36: 260 | W36: 260 | X36: 260 | Y36: 270 | Z36: 270 | AB36: Concepcion | AC36: 150 | AD36: 140 | AE36: 140 | AF36: 140 | AG36: 140 | AH36: 110 | AI36: 110 | AJ36: 130 | AK36: 130 | AL36: 130 | AM36: 150 | AN36: 150 | AO36: 150 | AP36: 150 | AQ36: 150 | AR36: 160 | AS36: 160 | AT36: 160 | AU36: 160 | AV36: 240 | AW36: 240 | AX36: 240 | AY36: 240 | AZ36: 250 | BA36: 250 | BC36: Concepcion | BD36: 150 | BE36: 140 | BF36: 140 | BG36: 140 | BH36: 140 | BI36: 110 | BJ36: 110 | BK36: 130 | BL36: 130 | BM36: 130 | BN36: 150 | BO36: 150 | BP36: 150 | BQ36: 150 | BR36: 150 | BS36: 160 | BT36: 160 | BU36: 160 | BV36: 160 | BW36: 240 | BX36: 240 | BY36: 240 | BZ36: 240 | CA36: 250 | CB36: 250
A37: Lorenzo Arenas | B37: 170 | C37: 160 | D37: 160 | E37: 160 | F37: 160 | G37: 130 | H37: 130 | I37: 150 | J37: 150 | K37: 150 | L37: 170 | M37: 170 | N37: 170 | O37: 170 | P37: 170 | Q37: 170 | R37: 170 | S37: 170 | T37: 170 | U37: 260 | V37: 260 | W37: 260 | X37: 260 | Y37: 270 | Z37: 270 | AB37: Lorenzo Arenas | AC37: 150 | AD37: 140 | AE37: 140 | AF37: 140 | AG37: 140 | AH37: 110 | AI37: 110 | AJ37: 130 | AK37: 130 | AL37: 130 | AM37: 150 | AN37: 150 | AO37: 150 | AP37: 150 | AQ37: 150 | AR37: 160 | AS37: 160 | AT37: 160 | AU37: 160 | AV37: 240 | AW37: 240 | AX37: 240 | AY37: 240 | AZ37: 250 | BA37: 250 | BC37: Lorenzo Arenas | BD37: 150 | BE37: 140 | BF37: 140 | BG37: 140 | BH37: 140 | BI37: 110 | BJ37: 110 | BK37: 130 | BL37: 130 | BM37: 130 | BN37: 150 | BO37: 150 | BP37: 150 | BQ37: 150 | BR37: 150 | BS37: 160 | BT37: 160 | BU37: 160 | BV37: 160 | BW37: 240 | BX37: 240 | BY37: 240 | BZ37: 240 | CA37: 250 | CB37: 250
A38: UTFSM | B38: 170 | C38: 170 | D38: 170 | E38: 170 | F38: 170 | G38: 150 | H38: 150 | I38: 130 | J38: 130 | K38: 130 | L38: 150 | M38: 150 | N38: 160 | O38: 160 | P38: 160 | Q38: 170 | R38: 170 | S38: 170 | T38: 170 | U38: 260 | V38: 260 | W38: 270 | X38: 270 | Y38: 270 | Z38: 270 | AB38: UTFSM | AC38: 160 | AD38: 150 | AE38: 150 | AF38: 150 | AG38: 150 | AH38: 130 | AI38: 130 | AJ38: 110 | AK38: 110 | AL38: 110 | AM38: 130 | AN38: 130 | AO38: 150 | AP38: 150 | AQ38: 150 | AR38: 160 | AS38: 160 | AT38: 160 | AU38: 160 | AV38: 240 | AW38: 240 | AX38: 250 | AY38: 250 | AZ38: 250 | BA38: 250 | BC38: UTFSM | BD38: 160 | BE38: 150 | BF38: 150 | BG38: 150 | BH38: 150 | BI38: 130 | BJ38: 130 | BK38: 110 | BL38: 110 | BM38: 110 | BN38: 130 | BO38: 130 | BP38: 150 | BQ38: 150 | BR38: 150 | BS38: 160 | BT38: 160 | BU38: 160 | BV38: 160 | BW38: 240 | BX38: 240 | BY38: 250 | BZ38: 250 | CA38: 250 | CB38: 250
A39: Los Condores | B39: 170 | C39: 170 | D39: 170 | E39: 170 | F39: 170 | G39: 150 | H39: 150 | I39: 130 | J39: 130 | K39: 130 | L39: 150 | M39: 150 | N39: 160 | O39: 160 | P39: 160 | Q39: 170 | R39: 170 | S39: 170 | T39: 170 | U39: 260 | V39: 260 | W39: 270 | X39: 270 | Y39: 270 | Z39: 270 | AB39: Los Condores | AC39: 160 | AD39: 150 | AE39: 150 | AF39: 150 | AG39: 150 | AH39: 130 | AI39: 130 | AJ39: 110 | AK39: 110 | AL39: 110 | AM39: 130 | AN39: 130 | AO39: 150 | AP39: 150 | AQ39: 150 | AR39: 160 | AS39: 160 | AT39: 160 | AU39: 160 | AV39: 240 | AW39: 240 | AX39: 250 | AY39: 250 | AZ39: 250 | BA39: 250 | BC39: Los Condores | BD39: 160 | BE39: 150 | BF39: 150 | BG39: 150 | BH39: 150 | BI39: 130 | BJ39: 130 | BK39: 110 | BL39: 110 | BM39: 110 | BN39: 130 | BO39: 130 | BP39: 150 | BQ39: 150 | BR39: 150 | BS39: 160 | BT39: 160 | BU39: 160 | BV39: 160 | BW39: 240 | BX39: 240 | BY39: 250 | BZ39: 250 | CA39: 250 | CB39: 250
A40: Higueras | B40: 170 | C40: 170 | D40: 170 | E40: 170 | F40: 170 | G40: 150 | H40: 150 | I40: 130 | J40: 130 | K40: 130 | L40: 150 | M40: 150 | N40: 160 | O40: 160 | P40: 160 | Q40: 170 | R40: 170 | S40: 170 | T40: 170 | U40: 260 | V40: 260 | W40: 270 | X40: 270 | Y40: 270 | Z40: 270 | AB40: Higueras | AC40: 160 | AD40: 150 | AE40: 150 | AF40: 150 | AG40: 150 | AH40: 130 | AI40: 130 | AJ40: 110 | AK40: 110 | AL40: 110 | AM40: 130 | AN40: 130 | AO40: 150 | AP40: 150 | AQ40: 150 | AR40: 160 | AS40: 160 | AT40: 160 | AU40: 160 | AV40: 240 | AW40: 240 | AX40: 250 | AY40: 250 | AZ40: 250 | BA40: 250 | BC40: Higueras | BD40: 160 | BE40: 150 | BF40: 150 | BG40: 150 | BH40: 150 | BI40: 130 | BJ40: 130 | BK40: 110 | BL40: 110 | BM40: 110 | BN40: 130 | BO40: 130 | BP40: 150 | BQ40: 150 | BR40: 150 | BS40: 160 | BT40: 160 | BU40: 160 | BV40: 160 | BW40: 240 | BX40: 240 | BY40: 250 | BZ40: 250 | CA40: 250 | CB40: 250
A41: Arenal | B41: 170 | C41: 170 | D41: 170 | E41: 170 | F41: 170 | G41: 170 | H41: 170 | I41: 150 | J41: 150 | K41: 150 | L41: 130 | M41: 130 | N41: 160 | O41: 160 | P41: 160 | Q41: 170 | R41: 170 | S41: 170 | T41: 170 | U41: 270 | V41: 270 | W41: 270 | X41: 270 | Y41: 280 | Z41: 280 | AB41: Arenal | AC41: 160 | AD41: 160 | AE41: 160 | AF41: 160 | AG41: 160 | AH41: 150 | AI41: 150 | AJ41: 130 | AK41: 130 | AL41: 130 | AM41: 110 | AN41: 110 | AO41: 150 | AP41: 150 | AQ41: 150 | AR41: 160 | AS41: 160 | AT41: 160 | AU41: 160 | AV41: 250 | AW41: 250 | AX41: 250 | AY41: 250 | AZ41: 260 | BA41: 260 | BC41: Arenal | BD41: 160 | BE41: 160 | BF41: 160 | BG41: 160 | BH41: 160 | BI41: 150 | BJ41: 150 | BK41: 130 | BL41: 130 | BM41: 130 | BN41: 110 | BO41: 110 | BP41: 150 | BQ41: 150 | BR41: 150 | BS41: 160 | BT41: 160 | BU41: 160 | BV41: 160 | BW41: 250 | BX41: 250 | BY41: 250 | BZ41: 250 | CA41: 260 | CB41: 260
A42: Mercado | B42: 170 | C42: 170 | D42: 170 | E42: 170 | F42: 170 | G42: 170 | H42: 170 | I42: 150 | J42: 150 | K42: 150 | L42: 130 | M42: 130 | N42: 160 | O42: 160 | P42: 160 | Q42: 170 | R42: 170 | S42: 170 | T42: 170 | U42: 270 | V42: 270 | W42: 270 | X42: 270 | Y42: 280 | Z42: 280 | AB42: Mercado | AC42: 160 | AD42: 160 | AE42: 160 | AF42: 160 | AG42: 160 | AH42: 150 | AI42: 150 | AJ42: 130 | AK42: 130 | AL42: 130 | AM42: 110 | AN42: 110 | AO42: 150 | AP42: 150 | AQ42: 150 | AR42: 160 | AS42: 160 | AT42: 160 | AU42: 160 | AV42: 250 | AW42: 250 | AX42: 250 | AY42: 250 | AZ42: 260 | BA42: 260 | BC42: Mercado | BD42: 160 | BE42: 160 | BF42: 160 | BG42: 160 | BH42: 160 | BI42: 150 | BJ42: 150 | BK42: 130 | BL42: 130 | BM42: 130 | BN42: 110 | BO42: 110 | BP42: 150 | BQ42: 150 | BR42: 150 | BS42: 160 | BT42: 160 | BU42: 160 | BV42: 160 | BW42: 250 | BX42: 250 | BY42: 250 | BZ42: 250 | CA42: 260 | CB42: 260
... A55: Coronel | B55: 300 | C55: 280 | D55: 280 | E55: 280 | F55: 280 | G55: 270 | H55: 270 | I55: 270 | J55: 270 | K55: 270 | L55: 280 | M55: 280 | N55: 240 | O55: 240 | P55: 240 | Q55: 190 | R55: 190 | S55: 190 | T55: 190 | U55: 160 | V55: 160 | W55: 130 | X55: 130 | Y55: 130 | Z55: 130 | AB55: Coronel | AC55: 280 | AD55: 260 | AE55: 260 | AF55: 260 | AG55: 260 | AH55: 250 | AI55: 250 | AJ55: 250 | AK55: 250 | AL55: 250 | AM55: 260 | AN55: 260 | AO55: 220 | AP55: 220 | AQ55: 220 | AR55: 180 | AS55: 180 | AT55: 180 | AU55: 180 | AV55: 150 | AW55: 150 | AX55: 120 | AY55: 120 | AZ55: 110 | BA55: 110 | BC55: Coronel | BD55: 280 | BE55: 260 | BF55: 260 | BG55: 260 | BH55: 260 | BI55: 250 | BJ55: 250 | BK55: 250 | BL55: 250 | BM55: 250 | BN55: 260 | BO55: 260 | BP55: 220 | BQ55: 220 | BR55: 220 | BS55: 180 | BT55: 180 | BU55: 180 | BV55: 180 | BW55: 150 | BX55: 150 | BY55: 120 | BZ55: 120 | CA55: 110 | CB55: 110
A57: Matriz Tarifaria Tercera Edad
A58: Estaciones | B58: Hualqui | C58: Leonera | D58: Manquimavida | E58: Pedro Medina | F58: Chiguayante | G58: Concepcion | H58: Lorenzo Arenas | I58: UTFSM | J58: Los Condores | K58: Higueras | L58: Arenal | M58: Mercado | N58: Juan Pablo II | O58: Diagonal Bio Bio | P58: Alborada | Q58: Costa Mar | R58: El Parque | S58: Lomas Coloradas | T58: Raul Silva H. | U58: Hito Galvarino | V58: Los Canelos | W58: Huinca | X58: Cristo Redentor | Y58: Lag.Quiñenco | Z58: Coronel | AB58: Estaciones | AC58: Hualqui | AD58: Leonera | AE58: Manquimavida | AF58: Pedro Medina | AG58: Chiguayante | AH58: Concepcion | AI58: Lorenzo Arenas | AJ58: UTFSM | AK58: Los Condores | AL58: Higueras | AM58: Arenal | AN58: Mercado | AO58: Juan Pablo II | AP58: Diagonal Bio Bio | AQ58: Alborada | AR58: Costa Mar | AS58: El Parque | AT58: Lomas Coloradas | AU58: Raul Silva H. | AV58: Hito Galvarino | AW58: Los Canelos | AX58: Huinca | AY58: Cristo Redentor | AZ58: Lag.Quiñenco | BA58: Coronel | BC58: Estaciones | BD58: Hualqui | BE58: Leonera | BF58: Manquimavida | BG58: Pedro Medina | BH58: Chiguayante | BI58: Concepcion | BJ58: Lorenzo Arenas | BK58: UTFSM | BL58: Los Condores | BM58: Higueras | BN58: Arenal | BO58: Mercado | BP58: Juan Pablo II | BQ58: Diagonal Bio Bio | BR58: Alborada | BS58: Costa Mar | BT58: El Parque | BU58: Lomas Coloradas | BV58: Raul Silva H. | BW58: Hito Galvarino | BX58: Los Canelos | BY58: Huinca | BZ58: Cristo Redentor | CA58: Lag.Quiñenco | CB58: Coronel
A59: Hualqui | B59: 190 | C59: 230 | D59: 230 | E59: 230 | F59: 230 | G59: 250 | H59: 250 | I59: 260 | J59: 260 | K59: 260 | L59: 270 | M59: 270 | N59: 270 | O59: 270 | P59: 270 | Q59: 270 | R59: 270 | S59: 270 | T59: 270 | U59: 420 | V59: 420 | W59: 450 | X59: 450 | Y59: 450 | Z59: 450 | AB59: Hualqui | AC59: 170 | AD59: 200 | AE59: 200 | AF59: 200 | AG59: 200 | AH59: 230 | AI59: 230 | AJ59: 230 | AK59: 230 | AL59: 230 | AM59: 240 | AN59: 240 | AO59: 240 | AP59: 240 | AQ59: 240 | AR59: 250 | AS59: 250 | AT59: 250 | AU59: 250 | AV59: 390 | AW59: 390 | AX59: 410 | AY59: 410 | AZ59: 410 | BA59: 410 | BC59: Hualqui | BD59: 170 | BE59: 200 | BF59: 200 | BG59: 200 | BH59: 200 | BI59: 230 | BJ59: 230 | BK59: 230 | BL59: 230 | BM59: 230 | BN59: 240 | BO59: 240 | BP59: 240 | BQ59: 240 | BR59: 240 | BS59: 250 | BT59: 250 | BU59: 250 | BV59: 250 | BW59: 390 | BX59: 390 | BY59: 410 | BZ59: 410 | CA59: 410 | CB59: 410
A60: Leonera | B60: 230 | C60: 190 | D60: 190 | E60: 190 | F60: 190 | G60: 240 | H60: 240 | I60: 250 | J60: 250 | K60: 250 | L60: 260 | M60: 260 | N60: 260 | O60: 260 | P60: 260 | Q60: 270 | R60: 270 | S60: 270 | T60: 270 | U60: 420 | V60: 420 | W60: 420 | X60: 420 | Y60: 420 | Z60: 420 | AB60: Leonera | AC60: 200 | AD60: 170 | AE60: 170 | AF60: 170 | AG60: 170 | AH60: 210 | AI60: 210 | AJ60: 230 | AK60: 230 | AL60: 230 | AM60: 230 | AN60: 230 | AO60: 240 | AP60: 240 | AQ60: 240 | AR60: 240 | AS60: 240 | AT60: 240 | AU60: 240 | AV60: 380 | AW60: 380 | AX60: 390 | AY60: 390 | AZ60: 390 | BA60: 390 | BC60: Leonera | BD60: 200 | BE60: 170 | BF60: 170 | BG60: 170 | BH60: 170 | BI60: 210 | BJ60: 210 | BK60: 230 | BL60: 230 | BM60: 230 | BN60: 230 | BO60: 230 | BP60: 240 | BQ60: 240 | BR60: 240 | BS60: 240 | BT60: 240 | BU60: 240 | BV60: 240 | BW60: 380 | BX60: 380 | BY60: 390 | BZ60: 390 | CA60: 390 | CB60: 390
A61: Manquimavida | B61: 230 | C61: 190 | D61: 190 | E61: 190 | F61: 190 | G61: 240 | H61: 240 | I61: 250 | J61: 250 | K61: 250 | L61: 260 | M61: 260 | N61: 260 | O61: 260 | P61: 260 | Q61: 270 | R61: 270 | S61: 270 | T61: 270 | U61: 420 | V61: 420 | W61: 420 | X61: 420 | Y61: 420 | Z61: 420 | AB61: Manquimavida | AC61: 200 | AD61: 170 | AE61: 170 | AF61: 170 | AG61: 170 | AH61: 210 | AI61: 210 | AJ61: 230 | AK61: 230 | AL61: 230 | AM61: 230 | AN61: 230 | AO61: 240 | AP61: 240 | AQ61: 240 | AR61: 240 | AS61: 240 | AT61: 240 | AU61: 240 | AV61: 380 | AW61: 380 | AX61: 390 | AY61: 390 | AZ61: 390 | BA61: 390 | BC61: Manquimavida | BD61: 200 | BE61: 170 | BF61: 170 | BG61: 170 | BH61: 170 | BI61: 210 | BJ61: 210 | BK61: 230 | BL61: 230 | BM61: 230 | BN61: 230 | BO61: 230 | BP61: 240 | BQ61: 240 | BR61: 240 | BS61: 240 | BT61: 240 | BU61: 240 | BV61: 240 | BW61: 380 | BX61: 380 | BY61: 390 | BZ61: 390 | CA61: 390 | CB61: 390
A62: Pedro Medina | B62: 230 | C62: 190 | D62: 190 | E62: 190 | F62: 190 | G62: 240 | H62: 240 | I62: 250 | J62: 250 | K62: 250 | L62: 260 | M62: 260 | N62: 260 | O62: 260 | P62: 260 | Q62: 270 | R62: 270 | S62: 270 | T62: 270 | U62: 420 | V62: 420 | W62: 420 | X62: 420 | Y62: 420 | Z62: 420 | AB62: Pedro Medina | AC62: 200 | AD62: 170 | AE62: 170 | AF62: 170 | AG62: 170 | AH62: 210 | AI62: 210 | AJ62: 230 | AK62: 230 | AL62: 230 | AM62: 230 | AN62: 230 | AO62: 240 | AP62: 240 | AQ62: 240 | AR62: 240 | AS62: 240 | AT62: 240 | AU62: 240 | AV62: 380 | AW62: 380 | AX62: 390 | AY62: 390 | AZ62: 390 | BA62: 390 | BC62: Pedro Medina | BD62: 200 | BE62: 170 | BF62: 170 | BG62: 170 | BH62: 170 | BI62: 210 | BJ62: 210 | BK62: 230 | BL62: 230 | BM62: 230 | BN62: 230 | BO62: 230 | BP62: 240 | BQ62: 240 | BR62: 240 | BS62: 240 | BT62: 240 | BU62: 240 | BV62: 240 | BW62: 380 | BX62: 380 | BY62: 390 | BZ62: 390 | CA62: 390 | CB62: 390
A63: Chiguayante | B63: 230 | C63: 190 | D63: 190 | E63: 190 | F63: 190 | G63: 240 | H63: 240 | I63: 250 | J63: 250 | K63: 250 | L63: 260 | M63: 260 | N63: 260 | O63: 260 | P63: 260 | Q63: 270 | R63: 270 | S63: 270 | T63: 270 | U63: 420 | V63: 420 | W63: 420 | X63: 420 | Y63: 420 | Z63: 420 | AB63: Chiguayante | AC63: 200 | AD63: 170 | AE63: 170 | AF63: 170 | AG63: 170 | AH63: 210 | AI63: 210 | AJ63: 230 | AK63: 230 | AL63: 230 | AM63: 230 | AN63: 230 | AO63: 240 | AP63: 240 | AQ63: 240 | AR63: 240 | AS63: 240 | AT63: 240 | AU63: 240 | AV63: 380 | AW63: 380 | AX63: 390 | AY63: 390 | AZ63: 390 | BA63: 390 | BC63: Chiguayante | BD63: 200 | BE63: 170 | BF63: 170 | BG63: 170 | BH63: 170 | BI63: 210 | BJ63: 210 | BK63: 230 | BL63: 230 | BM63: 230 | BN63: 230 | BO63: 230 | BP63: 240 | BQ63: 240 | BR63: 240 | BS63: 240 | BT63: 240 | BU63: 240 | BV63: 240 | BW63: 380 | BX63: 380 | BY63: 390 | BZ63: 390 | CA63: 390 | CB63: 390
A64: Concepcion | B64: 250 | C64: 240 | D64: 240 | E64: 240 | F64: 240 | G64: 190 | H64: 190 | I64: 230 | J64: 230 | K64: 230 | L64: 250 | M64: 250 | N64: 250 | O64: 250 | P64: 250 | Q64: 260 | R64: 260 | S64: 260 | T64: 260 | U64: 390 | V64: 390 | W64: 390 | X64: 390 | Y64: 410 | Z64: 410 | AB64: Concepcion | AC64: 230 | AD64: 210 | AE64: 210 | AF64: 210 | AG64: 210 | AH64: 170 | AI64: 170 | AJ64: 200 | AK64: 200 | AL64: 200 | AM64: 230 | AN64: 230 | AO64: 230 | AP64: 230 | AQ64: 230 | AR64: 230 | AS64: 230 | AT64: 230 | AU64: 230 | AV64: 360 | AW64: 360 | AX64: 360 | AY64: 360 | AZ64: 370 | BA64: 370 | BC64: Concepcion | BD64: 230 | BE64: 210 | BF64: 210 | BG64: 210 | BH64: 210 | BI64: 170 | BJ64: 170 | BK64: 200 | BL64: 200 | BM64: 200 | BN64: 230 | BO64: 230 | BP64: 230 | BQ64: 230 | BR64: 230 | BS64: 230 | BT64: 230 | BU64: 230 | BV64: 230 | BW64: 360 | BX64: 360 | BY64: 360 | BZ64: 360 | CA64: 370 | CB64: 370
A65: Lorenzo Arenas | B65: 250 | C65: 240 | D65: 240 | E65: 240 | F65: 240 | G65: 190 | H65: 190 | I65: 230 | J65: 230 | K65: 230 | L65: 250 | M65: 250 | N65: 250 | O65: 250 | P65: 250 | Q65: 260 | R65: 260 | S65: 260 | T65: 260 | U65: 390 | V65: 390 | W65: 390 | X65: 390 | Y65: 410 | Z65: 410 | AB65: Lorenzo Arenas | AC65: 230 | AD65: 210 | AE65: 210 | AF65: 210 | AG65: 210 | AH65: 170 | AI65: 170 | AJ65: 200 | AK65: 200 | AL65: 200 | AM65: 230 | AN65: 230 | AO65: 230 | AP65: 230 | AQ65: 230 | AR65: 230 | AS65: 230 | AT65: 230 | AU65: 230 | AV65: 360 | AW65: 360 | AX65: 360 | AY65: 360 | AZ65: 370 | BA65: 370 | BC65: Lorenzo Arenas | BD65: 230 | BE65: 210 | BF65: 210 | BG65: 210 | BH65: 210 | BI65: 170 | BJ65: 170 | BK65: 200 | BL65: 200 | BM65: 200 | BN65: 230 | BO65: 230 | BP65: 230 | BQ65: 230 | BR65: 230 | BS65: 230 | BT65: 230 | BU65: 230 | BV65: 230 | BW65: 360 | BX65: 360 | BY65: 360 | BZ65: 360 | CA65: 370 | CB65: 370
A66: UTFSM | B66: 260 | C66: 250 | D66: 250 | E66: 250 | F66: 250 | G66: 230 | H66: 230 | I66: 190 | J66: 190 | K66: 190 | L66: 230 | M66: 230 | N66: 250 | O66: 250 | P66: 250 | Q66: 270 | R66: 270 | S66: 270 | T66: 270 | U66: 400 | V66: 400 | W66: 410 | X66: 410 | Y66: 420 | Z66: 420 | AB66: UTFSM | AC66: 230 | AD66: 230 | AE66: 230 | AF66: 230 | AG66: 230 | AH66: 200 | AI66: 200 | AJ66: 170 | AK66: 170 | AL66: 170 | AM66: 200 | AN66: 200 | AO66: 220 | AP66: 220 | AQ66: 220 | AR66: 240 | AS66: 240 | AT66: 240 | AU66: 240 | AV66: 370 | AW66: 370 | AX66: 370 | AY66: 370 | AZ66: 380 | BA66: 380 | BC66: UTFSM | BD66: 230 | BE66: 230 | BF66: 230 | BG66: 230 | BH66: 230 | BI66: 200 | BJ66: 200 | BK66: 170 | BL66: 170 | BM66: 170 | BN66: 200 | BO66: 200 | BP66: 220 | BQ66: 220 | BR66: 220 | BS66: 240 | BT66: 240 | BU66: 240 | BV66: 240 | BW66: 370 | BX66: 370 | BY66: 370 | BZ66: 370 | CA66: 380 | CB66: 380
A67: Los Condores | B67: 260 | C67: 250 | D67: 250 | E67: 250 | F67: 250 | G67: 230 | H67: 230 | I67: 190 | J67: 190 | K67: 190 | L67: 230 | M67: 230 | N67: 250 | O67: 250 | P67: 250 | Q67: 270 | R67: 270 | S67: 270 | T67: 270 | U67: 400 | V67: 400 | W67: 410 | X67: 410 | Y67: 420 | Z67: 420 | AB67: Los Condores | AC67: 230 | AD67: 230 | AE67: 230 | AF67: 230 | AG67: 230 | AH67: 200 | AI67: 200 | AJ67: 170 | AK67: 170 | AL67: 170 | AM67: 200 | AN67: 200 | AO67: 220 | AP67: 220 | AQ67: 220 | AR67: 240 | AS67: 240 | AT67: 240 | AU67: 240 | AV67: 370 | AW67: 370 | AX67: 370 | AY67: 370 | AZ67: 380 | BA67: 380 | BC67: Los Condores | BD67: 230 | BE67: 230 | BF67: 230 | BG67: 230 | BH67: 230 | BI67: 200 | BJ67: 200 | BK67: 170 | BL67: 170 | BM67: 170 | BN67: 200 | BO67: 200 | BP67: 220 | BQ67: 220 | BR67: 220 | BS67: 240 | BT67: 240 | BU67: 240 | BV67: 240 | BW67: 370 | BX67: 370 | BY67: 370 | BZ67: 370 | CA67: 380 | CB67: 380
A68: Higueras | B68: 260 | C68: 250 | D68: 250 | E68: 250 | F68: 250 | G68: 230 | H68: 230 | I68: 190 | J68: 190 | K68: 190 | L68: 230 | M68: 230 | N68: 250 | O68: 250 | P68: 250 | Q68: 270 | R68: 270 | S68: 270 | T68: 270 | U68: 400 | V68: 400 | W68: 410 | X68: 410 | Y68: 420 | Z68: 420 | AB68: Higueras | AC68: 230 | AD68: 230 | AE68: 230 | AF68: 230 | AG68: 230 | AH68: 200 | AI68: 200 | AJ68: 170 | AK68: 170 | AL68: 170 | AM68: 200 | AN68: 200 | AO68: 220 | AP68: 220 | AQ68: 220 | AR68: 240 | AS68: 240 | AT68: 240 | AU68: 240 | AV68: 370 | AW68: 370 | AX68: 370 | AY68: 370 | AZ68: 380 | BA68: 380 | BC68: Higueras | BD68: 230 | BE68: 230 | BF68: 230 | BG68: 230 | BH68: 230 | BI68: 200 | BJ68: 200 | BK68: 170 | BL68: 170 | BM68: 170 | BN68: 200 | BO68: 200 | BP68: 220 | BQ68: 220 | BR68: 220 | BS68: 240 | BT68: 240 | BU68: 240 | BV68: 240 | BW68: 370 | BX68: 370 | BY68: 370 | BZ68: 370 | CA68: 380 | CB68: 380
A69: Arenal | B69: 270 | C69: 260 | D69: 260 | E69: 260 | F69: 260 | G69: 250 | H69: 250 | I69: 230 | J69: 230 | K69: 230 | L69: 190 | M69: 190 | N69: 250 | O69: 250 | P69: 250 | Q69: 270 | R69: 270 | S69: 270 | T69: 270 | U69: 410 | V69: 410 | W69: 420 | X69: 420 | Y69: 420 | Z69: 420 | AB69: Arenal | AC69: 240 | AD69: 230 | AE69: 230 | AF69: 230 | AG69: 230 | AH69: 230 | AI69: 230 | AJ69: 200 | AK69: 200 | AL69: 200 | AM69: 170 | AN69: 170 | AO69: 220 | AP69: 220 | AQ69: 220 | AR69: 240 | AS69: 240 | AT69: 240 | AU69: 240 | AV69: 370 | AW69: 370 | AX69: 380 | AY69: 380 | AZ69: 390 | BA69: 390 | BC69: Arenal | BD69: 240 | BE69: 230 | BF69: 230 | BG69: 230 | BH69: 230 | BI69: 230 | BJ69: 230 | BK69: 200 | BL69: 200 | BM69: 200 | BN69: 170 | BO69: 170 | BP69: 220 | BQ69: 220 | BR69: 220 | BS69: 240 | BT69: 240 | BU69: 240 | BV69: 240 | BW69: 370 | BX69: 370 | BY69: 380 | BZ69: 380 | CA69: 390 | CB69: 390
A70: Mercado | B70: 270 | C70: 260 | D70: 260 | E70: 260 | F70: 260 | G70: 250 | H70: 250 | I70: 230 | J70: 230 | K70: 230 | L70: 190 | M70: 190 | N70: 250 | O70: 250 | P70: 250 | Q70: 270 | R70: 270 | S70: 270 | T70: 270 | U70: 410 | V70: 410 | W70: 420 | X70: 420 | Y70: 420 | Z70: 420 | AB70: Mercado | AC70: 240 | AD70: 230 | AE70: 230 | AF70: 230 | AG70: 230 | AH70: 230 | AI70: 230 | AJ70: 200 | AK70: 200 | AL70: 200 | AM70: 170 | AN70: 170 | AO70: 220 | AP70: 220 | AQ70: 220 | AR70: 240 | AS70: 240 | AT70: 240 | AU70: 240 | AV70: 370 | AW70: 370 | AX70: 380 | AY70: 380 | AZ70: 390 | BA70: 390 | BC70: Mercado | BD70: 240 | BE70: 230 | BF70: 230 | BG70: 230 | BH70: 230 | BI70: 230 | BJ70: 230 | BK70: 200 | BL70: 200 | BM70: 200 | BN70: 170 | BO70: 170 | BP70: 220 | BQ70: 220 | BR70: 220 | BS70: 240 | BT70: 240 | BU70: 240 | BV70: 240 | BW70: 370 | BX70: 370 | BY70: 380 | BZ70: 380 | CA70: 390 | CB70: 390
... A83: Coronel | B83: 450 | C83: 420 | D83: 420 | E83: 420 | F83: 420 | G83: 410 | H83: 410 | I83: 420 | J83: 420 | K83: 420 | L83: 420 | M83: 420 | N83: 370 | O83: 370 | P83: 370 | Q83: 290 | R83: 290 | S83: 290 | T83: 290 | U83: 250 | V83: 250 | W83: 200 | X83: 200 | Y83: 190 | Z83: 190 | AB83: Coronel | AC83: 410 | AD83: 390 | AE83: 390 | AF83: 390 | AG83: 390 | AH83: 370 | AI83: 370 | AJ83: 380 | AK83: 380 | AL83: 380 | AM83: 390 | AN83: 390 | AO83: 340 | AP83: 340 | AQ83: 340 | AR83: 270 | AS83: 270 | AT83: 270 | AU83: 270 | AV83: 220 | AW83: 220 | AX83: 180 | AY83: 180 | AZ83: 170 | BA83: 170 | BC83: Coronel | BD83: 410 | BE83: 390 | BF83: 390 | BG83: 390 | BH83: 390 | BI83: 370 | BJ83: 370 | BK83: 380 | BL83: 380 | BM83: 380 | BN83: 390 | BO83: 390 | BP83: 340 | BQ83: 340 | BR83: 340 | BS83: 270 | BT83: 270 | BU83: 270 | BV83: 270 | BW83: 220 | BX83: 220 | BY83: 180 | BZ83: 180 | CA83: 170 | CB83: 170

Sheet Biotren 2025
A1: ZONA | B1: PASAJERO COMÚN | P1: Alza Pasajero Normal 2026 | AB1: Tarifa Adulto 2026
B2: 1 | C2: 2 | D2: 3 | E2: 4 | F2: 5 | G2: 6 | H2: 7 | I2: 8 | J2: 9 | K2: 10 | Q2: 1 | R2: 2 | S2: 3 | T2: 4 | U2: 5 | V2: 6 | W2: 7 | X2: 8 | Y2: 9 | Z2: 10 | AC2: 1 | AD2: 2 | AE2: 3 | AF2: 4 | AG2: 5 | AH2: 6 | AI2: 7 | AJ2: 8 | AK2: 9 | AL2: 10
A3: 1 | B3: 380 | C3: 450 | D3: 500 | E3: 510 | F3: 530 | G3: 530 | H3: 540 | I3: 840 | J3: 890 | K3: 900 | M3: ZONA 1 | N3: HUALQUI | P3: 1 | Q3: 50 | R3: 50 | S3: 50 | T3: 50 | U3: 50 | V3: 70 | W3: 60 | X3: 70 | Y3: 70 | Z3: 70 | AB3: 1 | AC3: =B3+Q3 -> 430 | AD3: =C3+R3 -> 500 | AE3: =D3+S3 -> 550 | AF3: =E3+T3 -> 560 | AG3: =F3+U3 -> 580 | AH3: =G3+V3 -> 600 | AI3: =H3+W3 -> 600 | AJ3: =I3+X3 -> 910 | ... AL3: =K3+Z3 -> 970
A4: 2 | B4: 450 | C4: 380 | D4: 470 | E4: 500 | F4: 510 | G4: 520 | H4: 530 | I4: 830 | J4: 840 | K4: 840 | P4: 2 | Q4: 50 | R4: 40 | S4: 40 | T4: 40 | U4: 40 | V4: 70 | W4: 60 | X4: 70 | Y4: 70 | Z4: 70 | AB4: 2 | AC4: =B4+Q4 -> 500 | AD4: =C4+R4 -> 420 | AE4: =D4+S4 -> 510 | AF4: =E4+T4 -> 540 | AG4: =F4+U4 -> 550 | AH4: =G4+V4 -> 590 | AI4: =H4+W4 -> 590 | AJ4: =I4+X4 -> 900 | ... AL4: =K4+Z4 -> 910
A5: 3 | B5: 500 | C5: 470 | D5: 380 | E5: 450 | F5: 500 | G5: 500 | H5: 510 | I5: 780 | J5: 780 | K5: 810 | M5: ZONA 2 | N5: LA LEONERA | P5: 3 | Q5: 50 | R5: 40 | S5: 40 | T5: 50 | U5: 40 | V5: 70 | W5: 60 | X5: 70 | Y5: 70 | Z5: 70 | AB5: 3 | AC5: =B5+Q5 -> 550 | AD5: =C5+R5 -> 510 | AE5: =D5+S5 -> 420 | AF5: =E5+T5 -> 500 | AG5: =F5+U5 -> 540 | AH5: =G5+V5 -> 570 | AI5: =H5+W5 -> 570 | AJ5: =I5+X5 -> 850 | ... AL5: =K5+Z5 -> 880
A6: 4 | B6: 510 | C6: 500 | D6: 450 | E6: 380 | F6: 450 | G6: 490 | H6: 530 | I6: 800 | J6: 810 | K6: 830 | N6: MANQUIMÁVIDA | P6: 4 | Q6: 50 | R6: 40 | S6: 50 | T6: 40 | U6: 40 | V6: 70 | W6: 60 | X6: 70 | Y6: 70 | Z6: 70 | AB6: 4 | AC6: =B6+Q6 -> 560 | AD6: =C6+R6 -> 540 | AE6: =D6+S6 -> 500 | AF6: =E6+T6 -> 420 | AG6: =F6+U6 -> 490 | AH6: =G6+V6 -> 560 | AI6: =H6+W6 -> 590 | AJ6: =I6+X6 -> 870 | ... AL6: =K6+Z6 -> 900
A7: 5 | B7: 530 | C7: 510 | D7: 500 | E7: 450 | F7: 380 | G7: 490 | H7: 530 | I7: 810 | J7: 830 | K7: 840 | N7: PEDRO MEDINA | P7: 5 | Q7: 50 | R7: 40 | S7: 40 | T7: 40 | U7: 40 | V7: 70 | W7: 60 | X7: 70 | Y7: 70 | Z7: 70 | AB7: 5 | AC7: =B7+Q7 -> 580 | AD7: =C7+R7 -> 550 | AE7: =D7+S7 -> 540 | AF7: =E7+T7 -> 490 | AG7: =F7+U7 -> 420 | AH7: =G7+V7 -> 560 | AI7: =H7+W7 -> 590 | AJ7: =I7+X7 -> 880 | ... AL7: =K7+Z7 -> 910
A8: 6 | B8: 530 | C8: 520 | D8: 500 | E8: 490 | F8: 490 | G8: 380 | H8: 470 | I8: 580 | J8: 610 | K8: 730 | N8: CHIGUAYANTE | P8: 6 | Q8: 70 | R8: 70 | S8: 70 | T8: 70 | U8: 70 | V8: 60 | W8: 40 | X8: 70 | Y8: 70 | Z8: 60 | AB8: 6 | AC8: =B8+Q8 -> 600 | AD8: =C8+R8 -> 590 | AE8: =D8+S8 -> 570 | AF8: =E8+T8 -> 560 | AG8: =F8+U8 -> 560 | AH8: =G8+V8 -> 440 | AI8: =H8+W8 -> 510 | AJ8: =I8+X8 -> 650 | ... AL8: =K8+Z8 -> 790
A9: 7 | B9: 540 | C9: 530 | D9: 510 | E9: 530 | F9: 530 | G9: 470 | H9: 380 | I9: 540 | J9: 560 | K9: 580 | P9: 7 | Q9: 60 | R9: 60 | S9: 60 | T9: 60 | U9: 60 | V9: 40 | W9: 50 | X9: 70 | Y9: 70 | Z9: 70 | AB9: 7 | AC9: =B9+Q9 -> 600 | AD9: =C9+R9 -> 590 | AE9: =D9+S9 -> 570 | AF9: =E9+T9 -> 590 | AG9: =F9+U9 -> 590 | AH9: =G9+V9 -> 510 | AI9: =H9+W9 -> 430 | AJ9: =I9+X9 -> 610 | ... AL9: =K9+Z9 -> 650
A10: 8 | B10: 840 | C10: 830 | D10: 780 | E10: 800 | F10: 810 | G10: 580 | H10: 540 | I10: 380 | J10: 400 | K10: 490 | M10: ZONA 3 | N10: CONCEPCIÓN | P10: 8 | Q10: 70 | R10: 70 | S10: 70 | T10: 70 | U10: 70 | V10: 70 | W10: 70 | X10: 60 | Y10: 60 | Z10: 40 | AB10: 8 | AC10: =B10+Q10 -> 910 | AD10: =C10+R10 -> 900 | AE10: =D10+S10 -> 850 | AF10: =E10+T10 -> 870 | AG10: =F10+U10 -> 880 | AH10: =G10+V10 -> 650 | AI10: =H10+W10 -> 610 | AJ10: =I10+X10 -> 440 | ... AL10: =K10+Z10 -> 530
A11: 9 | B11: 890 | C11: 840 | D11: 780 | E11: 810 | F11: 830 | G11: 610 | H11: 560 | I11: 400 | J11: 380 | K11: 390 | N11: LORENZO ARENAS | P11: 9 | Q11: 70 | R11: 70 | S11: 70 | T11: 70 | U11: 70 | V11: 70 | W11: 70 | X11: 60 | Y11: 60 | Z11: 60 | AB11: 9 | AC11: =B11+Q11 -> 960 | AD11: =C11+R11 -> 910 | AE11: =D11+S11 -> 850 | AF11: =E11+T11 -> 880 | AG11: =F11+U11 -> 900 | AH11: =G11+V11 -> 680 | AI11: =H11+W11 -> 630 | AJ11: =I11+X11 -> 460 | ... AL11: =K11+Z11 -> 450
A12: 10 | B12: 900 | C12: 840 | D12: 810 | E12: 830 | F12: 840 | G12: 730 | H12: 580 | I12: 490 | J12: 390 | K12: 380 | P12: 10 | Q12: 70 | R12: 70 | S12: 70 | T12: 70 | U12: 70 | V12: 60 | W12: 70 | X12: 40 | Y12: 60 | Z12: 60 | AB12: 10 | AC12: =B12+Q12 -> 970 | AD12: =C12+R12 -> 910 | AE12: =D12+S12 -> 880 | AF12: =E12+T12 -> 900 | AG12: =F12+U12 -> 910 | AH12: =G12+V12 -> 790 | AI12: =H12+W12 -> 650 | AJ12: =I12+X12 -> 530 | ... AL12: =K12+Z12 -> 440
M13: ZONA 4 | N13: UTFSM
A14: ZONA | B14: ESTUDIANTE MEDIA / SUPERIOR | N14: LOS CÓNDORES | P14: Alza Pasajero Estudiante 2026 | AB14: Tarifa Estudiante 2026
B15: 1 | C15: 2 | D15: 3 | E15: 4 | F15: 5 | G15: 6 | H15: 7 | I15: 8 | J15: 9 | K15: 10 | N15: HIGUERAS | Q15: 1 | R15: 2 | S15: 3 | T15: 4 | U15: 5 | V15: 6 | W15: 7 | X15: 8 | Y15: 9 | Z15: 10 | AC15: 1 | AD15: 2 | AE15: 3 | AF15: 4 | AG15: 5 | AH15: 6 | AI15: 7 | AJ15: 8 | AK15: 9 | AL15: 10
A16: 1 | B16: 130 | C16: 150 | D16: 170 | E16: 170 | F16: 170 | G16: 170 | H16: 180 | I16: 280 | J16: 290 | K16: 300 | P16: 1 | Q16: 10 | R16: 20 | S16: 10 | T16: 20 | U16: 20 | V16: 30 | W16: 20 | X16: 20 | Y16: 30 | Z16: 20 | AB16: 1 | AC16: =B16+Q16 -> 140 | AD16: =C16+R16 -> 170 | AE16: =D16+S16 -> 180 | AF16: =E16+T16 -> 190 | AG16: =F16+U16 -> 190 | AH16: =G16+V16 -> 200 | AI16: =H16+W16 -> 200 | AJ16: =I16+X16 -> 300 | ... AL16: =K16+Z16 -> 320
A17: 2 | B17: 150 | C17: 130 | D17: 160 | E17: 170 | F17: 170 | G17: 170 | H17: 170 | I17: 270 | J17: 280 | K17: 280 | M17: ZONA 5 | N17: EL ARENAL | P17: 2 | Q17: 20 | R17: 10 | S17: 10 | T17: 10 | U17: 10 | V17: 30 | W17: 30 | X17: 30 | Y17: 20 | Z17: 20 | AB17: 2 | AC17: =B17+Q17 -> 170 | AD17: =C17+R17 -> 140 | AE17: =D17+S17 -> 170 | AF17: =E17+T17 -> 180 | AG17: =F17+U17 -> 180 | AH17: =G17+V17 -> 200 | AI17: =H17+W17 -> 200 | AJ17: =I17+X17 -> 300 | ... AL17: =K17+Z17 -> 300
A18: 3 | B18: 170 | C18: 160 | D18: 130 | E18: 150 | F18: 170 | G18: 170 | H18: 170 | I18: 260 | J18: 260 | K18: 270 | N18: MERCADO DE THNO | P18: 3 | Q18: 10 | R18: 10 | S18: 10 | T18: 20 | U18: 10 | V18: 20 | W18: 20 | X18: 20 | Y18: 20 | Z18: 20 | AB18: 3 | AC18: =B18+Q18 -> 180 | AD18: =C18+R18 -> 170 | AE18: =D18+S18 -> 140 | AF18: =E18+T18 -> 170 | AG18: =F18+U18 -> 180 | AH18: =G18+V18 -> 190 | AI18: =H18+W18 -> 190 | AJ18: =I18+X18 -> 280 | ... AL18: =K18+Z18 -> 290
A19: 4 | B19: 170 | C19: 170 | D19: 150 | E19: 130 | F19: 150 | G19: 160 | H19: 170 | I19: 260 | J19: 270 | K19: 270 | P19: 4 | Q19: 20 | R19: 10 | S19: 20 | T19: 10 | U19: 10 | V19: 30 | W19: 30 | X19: 30 | Y19: 20 | Z19: 30 | AB19: 4 | AC19: =B19+Q19 -> 190 | AD19: =C19+R19 -> 180 | AE19: =D19+S19 -> 170 | AF19: =E19+T19 -> 140 | AG19: =F19+U19 -> 160 | AH19: =G19+V19 -> 190 | AI19: =H19+W19 -> 200 | AJ19: =I19+X19 -> 290 | ... AL19: =K19+Z19 -> 300
A20: 5 | B20: 170 | C20: 170 | D20: 170 | E20: 150 | F20: 130 | G20: 160 | H20: 170 | I20: 270 | J20: 270 | K20: 280 | M20: ZONA 6 | N20: JUAN PABLO II | P20: 5 | Q20: 20 | R20: 10 | S20: 10 | T20: 10 | U20: 10 | V20: 30 | W20: 30 | X20: 20 | Y20: 30 | Z20: 20 | AB20: 5 | AC20: =B20+Q20 -> 190 | AD20: =C20+R20 -> 180 | AE20: =D20+S20 -> 180 | AF20: =E20+T20 -> 160 | AG20: =F20+U20 -> 140 | AH20: =G20+V20 -> 190 | AI20: =H20+W20 -> 200 | AJ20: =I20+X20 -> 290 | ... AL20: =K20+Z20 -> 300
A21: 6 | B21: 170 | C21: 170 | D21: 170 | E21: 160 | F21: 160 | G21: 130 | H21: 160 | I21: 190 | J21: 200 | K21: 240 | N21: DIAGONAL BIOBÍO | P21: 6 | Q21: 30 | R21: 30 | S21: 20 | T21: 30 | U21: 30 | V21: 20 | W21: 10 | X21: 30 | Y21: 30 | Z21: 20 | AB21: 6 | AC21: =B21+Q21 -> 200 | AD21: =C21+R21 -> 200 | AE21: =D21+S21 -> 190 | AF21: =E21+T21 -> 190 | AG21: =F21+U21 -> 190 | AH21: =G21+V21 -> 150 | AI21: =H21+W21 -> 170 | AJ21: =I21+X21 -> 220 | ... AL21: =K21+Z21 -> 260
A22: 7 | B22: 180 | C22: 170 | D22: 170 | E22: 170 | F22: 170 | G22: 160 | H22: 130 | I22: 180 | J22: 180 | K22: 190 | N22: ALBORADA | P22: 7 | Q22: 20 | R22: 30 | S22: 20 | T22: 30 | U22: 30 | V22: 10 | W22: 10 | X22: 20 | Y22: 30 | Z22: 30 | AB22: 7 | AC22: =B22+Q22 -> 200 | AD22: =C22+R22 -> 200 | AE22: =D22+S22 -> 190 | AF22: =E22+T22 -> 200 | AG22: =F22+U22 -> 200 | AH22: =G22+V22 -> 170 | AI22: =H22+W22 -> 140 | AJ22: =I22+X22 -> 200 | ... AL22: =K22+Z22 -> 220
A23: 8 | B23: 280 | C23: 270 | D23: 260 | E23: 260 | F23: 270 | G23: 190 | H23: 180 | I23: 130 | J23: 130 | K23: 160 | P23: 8 | Q23: 20 | R23: 30 | S23: 20 | T23: 30 | U23: 20 | V23: 30 | W23: 20 | X23: 20 | Y23: 20 | Z23: 20 | AB23: 8 | AC23: =B23+Q23 -> 300 | AD23: =C23+R23 -> 300 | AE23: =D23+S23 -> 280 | AF23: =E23+T23 -> 290 | AG23: =F23+U23 -> 290 | AH23: =G23+V23 -> 220 | AI23: =H23+W23 -> 200 | AJ23: =I23+X23 -> 150 | ... AL23: =K23+Z23 -> 180
A24: 9 | B24: 290 | C24: 280 | D24: 260 | E24: 270 | F24: 270 | G24: 200 | H24: 180 | I24: 130 | J24: 130 | K24: 130 | M24: ZONA 7 | N24: COSTA MAR | P24: 9 | Q24: 30 | R24: 20 | S24: 20 | T24: 20 | U24: 30 | V24: 30 | W24: 30 | X24: 20 | Y24: 20 | Z24: 20 | AB24: 9 | AC24: =B24+Q24 -> 320 | AD24: =C24+R24 -> 300 | AE24: =D24+S24 -> 280 | AF24: =E24+T24 -> 290 | AG24: =F24+U24 -> 300 | AH24: =G24+V24 -> 230 | AI24: =H24+W24 -> 210 | AJ24: =I24+X24 -> 150 | ... AL24: =K24+Z24 -> 150
A25: 10 | B25: 300 | C25: 280 | D25: 270 | E25: 270 | F25: 280 | G25: 240 | H25: 190 | I25: 160 | J25: 130 | K25: 130 | N25: EL PARQUE | P25: 10 | Q25: 20 | R25: 20 | S25: 20 | T25: 30 | U25: 20 | V25: 20 | W25: 30 | X25: 20 | Y25: 20 | Z25: 20 | AB25: 10 | AC25: =B25+Q25 -> 320 | AD25: =C25+R25 -> 300 | AE25: =D25+S25 -> 290 | AF25: =E25+T25 -> 300 | AG25: =F25+U25 -> 300 | AH25: =G25+V25 -> 260 | AI25: =H25+W25 -> 220 | AJ25: =I25+X25 -> 180 | ... AL25: =K25+Z25 -> 150
N26: LOMAS COLORADAS
A27: ZONA | B27: TERCERA EDAD | N27: CARDENAL RAÚL SILVA HENRÍQUEZ | P27: Alza Pasajero Adulto Mayor 2026 | AB27: Tarifa Adulto Mayor 2026
B28: 1 | C28: 2 | D28: 3 | E28: 4 | F28: 5 | G28: 6 | H28: 7 | I28: 8 | J28: 9 | K28: 10 | Q28: 1 | R28: 2 | S28: 3 | T28: 4 | U28: 5 | V28: 6 | W28: 7 | X28: 8 | Y28: 9 | Z28: 10 | AC28: 1 | AD28: 2 | AE28: 3 | AF28: 4 | AG28: 5 | AH28: 6 | AI28: 7 | AJ28: 8 | AK28: 9 | AL28: 10
A29: 1 | B29: 190 | C29: 230 | D29: 250 | E29: 260 | F29: 270 | G29: 270 | H29: 270 | I29: 420 | J29: 450 | K29: 450 | M29: ZONA 8 | N29: HITO GALVARINO | P29: 1 | Q29: 30 | R29: 20 | S29: 30 | T29: 20 | U29: 20 | V29: 30 | W29: 30 | X29: 40 | Y29: 30 | Z29: 40 | AB29: 1 | AC29: =B29+Q29 -> 220 | AD29: =C29+R29 -> 250 | AE29: =D29+S29 -> 280 | AF29: =E29+T29 -> 280 | AG29: =F29+U29 -> 290 | AH29: =G29+V29 -> 300 | AI29: =H29+W29 -> 300 | AJ29: =I29+X29 -> 460 | ... AL29: =K29+Z29 -> 490
A30: 2 | B30: 230 | C30: 190 | D30: 240 | E30: 250 | F30: 260 | G30: 260 | H30: 270 | I30: 420 | J30: 420 | K30: 420 | N30: LOS CANELOS | P30: 2 | Q30: 20 | R30: 20 | S30: 20 | T30: 20 | U30: 20 | V30: 40 | W30: 30 | X30: 30 | Y30: 40 | Z30: 40 | AB30: 2 | AC30: =B30+Q30 -> 250 | AD30: =C30+R30 -> 210 | AE30: =D30+S30 -> 260 | AF30: =E30+T30 -> 270 | AG30: =F30+U30 -> 280 | AH30: =G30+V30 -> 300 | AI30: =H30+W30 -> 300 | AJ30: =I30+X30 -> 450 | ... AL30: =K30+Z30 -> 460
A31: 3 | B31: 250 | C31: 240 | D31: 190 | E31: 230 | F31: 250 | G31: 250 | H31: 260 | I31: 390 | J31: 390 | K31: 410 | P31: 3 | Q31: 30 | R31: 20 | S31: 20 | T31: 20 | U31: 20 | V31: 40 | W31: 30 | X31: 40 | Y31: 40 | Z31: 30 | AB31: 3 | AC31: =B31+Q31 -> 280 | AD31: =C31+R31 -> 260 | AE31: =D31+S31 -> 210 | AF31: =E31+T31 -> 250 | AG31: =F31+U31 -> 270 | AH31: =G31+V31 -> 290 | AI31: =H31+W31 -> 290 | AJ31: =I31+X31 -> 430 | ... AL31: =K31+Z31 -> 440
A32: 4 | B32: 260 | C32: 250 | D32: 230 | E32: 190 | F32: 230 | G32: 250 | H32: 270 | I32: 400 | J32: 410 | K32: 420 | M32: ZONA 9 | N32: HUINCA | P32: 4 | Q32: 20 | R32: 20 | S32: 20 | T32: 20 | U32: 20 | V32: 30 | W32: 30 | X32: 40 | Y32: 30 | Z32: 30 | AB32: 4 | AC32: =B32+Q32 -> 280 | AD32: =C32+R32 -> 270 | AE32: =D32+S32 -> 250 | AF32: =E32+T32 -> 210 | AG32: =F32+U32 -> 250 | AH32: =G32+V32 -> 280 | AI32: =H32+W32 -> 300 | AJ32: =I32+X32 -> 440 | ... AL32: =K32+Z32 -> 450
A33: 5 | B33: 270 | C33: 260 | D33: 250 | E33: 230 | F33: 190 | G33: 250 | H33: 270 | I33: 410 | J33: 420 | K33: 420 | N33: CRISTO REDENTOR | P33: 5 | Q33: 20 | R33: 20 | S33: 20 | T33: 20 | U33: 20 | V33: 30 | W33: 30 | X33: 30 | Y33: 30 | Z33: 40 | AB33: 5 | AC33: =B33+Q33 -> 290 | AD33: =C33+R33 -> 280 | AE33: =D33+S33 -> 270 | AF33: =E33+T33 -> 250 | AG33: =F33+U33 -> 210 | AH33: =G33+V33 -> 280 | AI33: =H33+W33 -> 300 | AJ33: =I33+X33 -> 440 | ... AL33: =K33+Z33 -> 460
A34: 6 | B34: 270 | C34: 260 | D34: 250 | E34: 250 | F34: 250 | G34: 190 | H34: 240 | I34: 290 | J34: 310 | K34: 370 | P34: 6 | Q34: 30 | R34: 40 | S34: 40 | T34: 30 | U34: 30 | V34: 30 | W34: 20 | X34: 40 | Y34: 30 | Z34: 30 | AB34: 6 | AC34: =B34+Q34 -> 300 | AD34: =C34+R34 -> 300 | AE34: =D34+S34 -> 290 | AF34: =E34+T34 -> 280 | AG34: =F34+U34 -> 280 | AH34: =G34+V34 -> 220 | AI34: =H34+W34 -> 260 | AJ34: =I34+X34 -> 330 | ... AL34: =K34+Z34 -> 400
A35: 7 | B35: 270 | C35: 270 | D35: 260 | E35: 270 | F35: 270 | G35: 240 | H35: 190 | I35: 270 | J35: 280 | K35: 290 | M35: ZONA 10 | N35: LAGUNA QUIÑENCO | P35: 7 | Q35: 30 | R35: 30 | S35: 30 | T35: 30 | U35: 30 | V35: 20 | W35: 30 | X35: 40 | Y35: 40 | Z35: 40 | AB35: 7 | AC35: =B35+Q35 -> 300 | AD35: =C35+R35 -> 300 | AE35: =D35+S35 -> 290 | AF35: =E35+T35 -> 300 | AG35: =F35+U35 -> 300 | AH35: =G35+V35 -> 260 | AI35: =H35+W35 -> 220 | AJ35: =I35+X35 -> 310 | ... AL35: =K35+Z35 -> 330
A36: 8 | B36: 420 | C36: 420 | D36: 390 | E36: 400 | F36: 410 | G36: 290 | H36: 270 | I36: 190 | J36: 200 | K36: 250 | N36: CORONEL | P36: 8 | Q36: 40 | R36: 30 | S36: 40 | T36: 40 | U36: 30 | V36: 40 | W36: 40 | X36: 30 | Y36: 30 | Z36: 20 | AB36: 8 | AC36: =B36+Q36 -> 460 | AD36: =C36+R36 -> 450 | AE36: =D36+S36 -> 430 | AF36: =E36+T36 -> 440 | AG36: =F36+U36 -> 440 | AH36: =G36+V36 -> 330 | AI36: =H36+W36 -> 310 | AJ36: =I36+X36 -> 220 | ... AL36: =K36+Z36 -> 270
A37: 9 | B37: 450 | C37: 420 | D37: 390 | E37: 410 | F37: 420 | G37: 310 | H37: 280 | I37: 200 | J37: 190 | K37: 200 | P37: 9 | Q37: 30 | R37: 40 | S37: 40 | T37: 30 | U37: 30 | V37: 30 | W37: 40 | X37: 30 | Y37: 30 | Z37: 30 | AB37: 9 | AC37: =B37+Q37 -> 480 | AD37: =C37+R37 -> 460 | AE37: =D37+S37 -> 430 | AF37: =E37+T37 -> 440 | AG37: =F37+U37 -> 450 | AH37: =G37+V37 -> 340 | AI37: =H37+W37 -> 320 | AJ37: =I37+X37 -> 230 | ... AL37: =K37+Z37 -> 230
A38: 10 | B38: 450 | C38: 420 | D38: 410 | E38: 420 | F38: 420 | G38: 370 | H38: 290 | I38: 250 | J38: 200 | K38: 190 | P38: 10 | Q38: 40 | R38: 40 | S38: 30 | T38: 30 | U38: 40 | V38: 30 | W38: 40 | X38: 20 | Y38: 30 | Z38: 30 | AB38: 10 | AC38: =B38+Q38 -> 490 | AD38: =C38+R38 -> 460 | AE38: =D38+S38 -> 440 | AF38: =E38+T38 -> 450 | AG38: =F38+U38 -> 460 | AH38: =G38+V38 -> 400 | AI38: =H38+W38 -> 330 | AJ38: =I38+X38 -> 270 | ... AL38: =K38+Z38 -> 220

Sheet Llanquihue - La Paloma
A1: Tarifas Pasajero Adulto
A2: Tarifa Adulto ($/pax) | B2: La Paloma | C2: Alerce | D2: Puerto Varas | E2: Llanquihue
A3: La Paloma | B3: 0 | C3: 900 | D3: 1200 | E3: 1500
A4: Alerce | B4: 900 | C4: 0 | D4: 1000 | E4: 1200
A5: Puerto Varas | B5: 1200 | C5: 1000 | D5: 0 | E5: 600
A6: Llanquihue | B6: 1500 | C6: 1200 | D6: 600 | E6: 0
A8: Tarifas Pasajeros Tercera Edad
A9: Tarifa Tercera Edad ($/pax) | B9: La Paloma | C9: Alerce | D9: Puerto Varas | E9: Llanquihue
A10: La Paloma | B10: 0 | C10: 450 | D10: 600 | E10: 750
A11: Alerce | B11: 450 | C11: 0 | D11: 500 | E11: 600
A12: Puerto Varas | B12: 600 | C12: 500 | D12: 0 | E12: 300
A13: Llanquihue | B13: 750 | C13: 600 | D13: 300 | E13: 0
A15: Tarifas Pasajeros Estudiantes
A16: Tarifa Estudiante ($/pax) | B16: La Paloma | C16: Alerce | D16: Puerto Varas | E16: Llanquihue
A17: La Paloma | B17: 0 | C17: 300 | D17: 400 | E17: 500
A18: Alerce | B18: 300 | C18: 0 | D18: 330 | E18: 400
A19: Puerto Varas | B19: 400 | C19: 330 | D19: 0 | E19: 200
A20: Llanquihue | B20: 500 | C20: 400 | D20: 200 | E20: 0

Sheet Tren Araucanía 2026
A1: Matriz Tarifaria Adulto | Q1: Tarifa Regular con subsidio | AG1: Tarifa Regular con subsidio
A2: Estaciones | B2: Victoria | C2: PUA | D2: Perquenco | E2: Quillem | F2: Lautaro | G2: L. Centro | H2: Pillanlelbun | I2: Coleg. Claret | J2: Cajon | K2: Temuco | L2: PLC | M2: Quepe | N2: Freire | O2: Pitrufquén | Q2: Estaciones | R2: Victoria | S2: PUA | T2: Perquenco | U2: Quillem | V2: Lautaro | W2: L. Centro | X2: Pillanlelbun | Y2: Coleg. Claret | Z2: Cajon | AA2: Temuco | AB2: PLC | AC2: Quepe | AD2: Freire | AE2: Pitrufquén | AG2: Estaciones | AH2: Victoria | AI2: PUA | AJ2: Perquenco | AK2: Quillem | AL2: Lautaro | AM2: L. Centro | AN2: Pillanlelbun | AO2: Coleg. Claret | AP2: Cajon | AQ2: Temuco | AR2: PLC | AS2: Quepe | AT2: Freire | AU2: Pitrufquén
A3: Victoria | B3: 0 | C3: 1100 | D3: 1300 | E3: 1300 | F3: 1400 | G3: 1400 | H3: 1500 | I3: 0 | J3: 900 | K3: 1800 | L3: 1900 | M3: 2000 | N3: 2550 | O3: 2650 | Q3: Victoria | R3: 0 | S3: 950 | T3: 1200 | U3: 1200 | V3: 1200 | W3: 1200 | X3: 1200 | Y3: 0 | Z3: 900 | AA3: 1500 | AB3: 1900 | AC3: 2000 | AD3: 2550 | AE3: 2650 | AG3: Victoria | AH3: =B3=R3 -> TRUE | AI3: =C3=S3 -> FALSE | AJ3: =D3=T3 -> FALSE | AK3: =E3=U3 -> FALSE | AL3: =F3=V3 -> FALSE | AM3: =G3=W3 -> FALSE | AN3: =H3=X3 -> FALSE | AO3: =I3=Y3 -> TRUE | ... AU3: =O3=AE3 -> TRUE
A4: PUA | B4: 1100 | C4: 0 | D4: 1200 | E4: 1200 | F4: 1300 | G4: 1300 | H4: 1400 | I4: 0 | J4: 800 | K4: 1500 | L4: 1650 | M4: 1750 | N4: 2300 | O4: 2400 | Q4: PUA | R4: 950 | S4: 0 | T4: 950 | U4: 950 | V4: 950 | W4: 950 | X4: 1200 | Y4: 0 | Z4: 800 | AA4: 1200 | AB4: 1650 | AC4: 1750 | AD4: 2300 | AE4: 2400 | AG4: PUA | AH4: =B4=R4 -> FALSE | AI4: =C4=S4 -> TRUE | AJ4: =D4=T4 -> FALSE | AK4: =E4=U4 -> FALSE | AL4: =F4=V4 -> FALSE | AM4: =G4=W4 -> FALSE | AN4: =H4=X4 -> FALSE | AO4: =I4=Y4 -> TRUE | ... AU4: =O4=AE4 -> TRUE
A5: Perquenco | B5: 1300 | C5: 1200 | D5: 0 | E5: 1100 | F5: 1100 | G5: 1100 | H5: 1300 | I5: 0 | J5: 800 | K5: 1400 | L5: 1650 | M5: 1750 | N5: 2300 | O5: 2400 | Q5: Perquenco | R5: 1200 | S5: 950 | T5: 0 | U5: 950 | V5: 950 | W5: 950 | X5: 1200 | Y5: 0 | Z5: 800 | AA5: 1200 | AB5: 1650 | AC5: 1750 | AD5: 2300 | AE5: 2400 | AG5: Perquenco | AH5: =B5=R5 -> FALSE | AI5: =C5=S5 -> FALSE | AJ5: =D5=T5 -> TRUE | AK5: =E5=U5 -> FALSE | AL5: =F5=V5 -> FALSE | AM5: =G5=W5 -> FALSE | AN5: =H5=X5 -> FALSE | AO5: =I5=Y5 -> TRUE | ... AU5: =O5=AE5 -> TRUE
A6: Quillem | B6: 1300 | C6: 1200 | D6: 1100 | E6: 0 | F6: 1100 | G6: 1100 | H6: 1300 | I6: 0 | J6: 700 | K6: 1400 | L6: 1650 | M6: 1750 | N6: 2300 | O6: 2400 | Q6: Quillem | R6: 1200 | S6: 950 | T6: 950 | U6: 0 | V6: 950 | W6: 950 | X6: 950 | Y6: 0 | Z6: 700 | AA6: 1200 | AB6: 1650 | AC6: 1750 | AD6: 2300 | AE6: 2400 | AG6: Quillem | AH6: =B6=R6 -> FALSE | AI6: =C6=S6 -> FALSE | AJ6: =D6=T6 -> FALSE | AK6: =E6=U6 -> TRUE | AL6: =F6=V6 -> FALSE | AM6: =G6=W6 -> FALSE | AN6: =H6=X6 -> FALSE | AO6: =I6=Y6 -> TRUE | ... AU6: =O6=AE6 -> TRUE
A7: Lautaro | B7: 1400 | C7: 1300 | D7: 1100 | E7: 1100 | F7: 0 | G7: 1100 | H7: 1100 | I7: 0 | J7: 600 | K7: 1300 | L7: 1550 | M7: 1650 | N7: 2200 | O7: 2300 | Q7: Lautaro | R7: 1200 | S7: 950 | T7: 950 | U7: 950 | V7: 0 | W7: 950 | X7: 950 | Y7: 0 | Z7: 600 | AA7: 1050 | AB7: 1550 | AC7: 1650 | AD7: 2200 | AE7: 2300 | AG7: Lautaro | AH7: =B7=R7 -> FALSE | AI7: =C7=S7 -> FALSE | AJ7: =D7=T7 -> FALSE | AK7: =E7=U7 -> FALSE | AL7: =F7=V7 -> TRUE | AM7: =G7=W7 -> FALSE | AN7: =H7=X7 -> FALSE | AO7: =I7=Y7 -> TRUE | ... AU7: =O7=AE7 -> TRUE
A8: L. Centro | B8: 1400 | C8: 1300 | D8: 1100 | E8: 1100 | F8: 1100 | G8: 0 | H8: 1100 | I8: 0 | J8: 600 | K8: 1300 | L8: 1550 | M8: 1650 | N8: 2200 | O8: 2300 | Q8: L. Centro | R8: 1200 | S8: 950 | T8: 950 | U8: 950 | V8: 950 | W8: 0 | X8: 950 | Y8: 0 | Z8: 600 | AA8: 1050 | AB8: 1550 | AC8: 1650 | AD8: 2200 | AE8: 2300 | AG8: L. Centro | AH8: =B8=R8 -> FALSE | AI8: =C8=S8 -> FALSE | AJ8: =D8=T8 -> FALSE | AK8: =E8=U8 -> FALSE | AL8: =F8=V8 -> FALSE | AM8: =G8=W8 -> TRUE | AN8: =H8=X8 -> FALSE | AO8: =I8=Y8 -> TRUE | ... AU8: =O8=AE8 -> TRUE
A9: Pillanlelbun | B9: 1500 | C9: 1400 | D9: 1300 | E9: 1300 | F9: 1100 | G9: 1100 | H9: 0 | I9: 0 | J9: 600 | K9: 1200 | L9: 1450 | M9: 1550 | N9: 2100 | O9: 2200 | Q9: Pillanlelbun | R9: 1200 | S9: 1200 | T9: 1200 | U9: 950 | V9: 950 | W9: 950 | X9: 0 | Y9: 0 | Z9: 600 | AA9: 950 | AB9: 1450 | AC9: 1550 | AD9: 2100 | AE9: 2200 | AG9: Pillanlelbun | AH9: =B9=R9 -> FALSE | AI9: =C9=S9 -> FALSE | AJ9: =D9=T9 -> FALSE | AK9: =E9=U9 -> FALSE | AL9: =F9=V9 -> FALSE | AM9: =G9=W9 -> FALSE | AN9: =H9=X9 -> TRUE | AO9: =I9=Y9 -> TRUE | ... AU9: =O9=AE9 -> TRUE
A10: Coleg. Claret | B10: 0 | C10: 0 | D10: 0 | E10: 0 | F10: 0 | G10: 0 | H10: 0 | I10: 0 | J10: 0 | K10: 1000 | L10: 0 | M10: 0 | N10: 0 | O10: 0 | Q10: Coleg. Claret | R10: 0 | S10: 0 | T10: 0 | U10: 0 | V10: 0 | W10: 0 | X10: 0 | Y10: 0 | Z10: 0 | AA10: 1000 | AB10: 0 | AC10: 0 | AD10: 0 | AE10: 0 | AG10: Coleg. Claret | AH10: =B10=R10 -> TRUE | AI10: =C10=S10 -> TRUE | AJ10: =D10=T10 -> TRUE | AK10: =E10=U10 -> TRUE | AL10: =F10=V10 -> TRUE | AM10: =G10=W10 -> TRUE | AN10: =H10=X10 -> TRUE | AO10: =I10=Y10 -> TRUE | ... AU10: =O10=AE10 -> TRUE
A11: Cajon | B11: 900 | C11: 800 | D11: 800 | E11: 700 | F11: 600 | G11: 600 | H11: 600 | I11: 0 | J11: 0 | K11: 600 | L11: 1300 | M11: 1400 | N11: 1950 | O11: 2050 | Q11: Cajon | R11: 900 | S11: 800 | T11: 800 | U11: 700 | V11: 600 | W11: 600 | X11: 600 | Y11: 0 | Z11: 0 | AA11: 600 | AB11: 1300 | AC11: 1400 | AD11: 1950 | AE11: 2050 | AG11: Cajon | AH11: =B11=R11 -> TRUE | AI11: =C11=S11 -> TRUE | AJ11: =D11=T11 -> TRUE | AK11: =E11=U11 -> TRUE | AL11: =F11=V11 -> TRUE | AM11: =G11=W11 -> TRUE | AN11: =H11=X11 -> TRUE | AO11: =I11=Y11 -> TRUE | ... AU11: =O11=AE11 -> TRUE
A12: Temuco | B12: 1800 | C12: 1500 | D12: 1400 | E12: 1400 | F12: 1300 | G12: 1300 | H12: 1200 | I12: 1000 | J12: 600 | K12: 0 | L12: 700 | M12: 800 | N12: 1350 | O12: 1450 | Q12: Temuco | R12: 1500 | S12: 1200 | T12: 1200 | U12: 1200 | V12: 1050 | W12: 1050 | X12: 950 | Y12: 1000 | Z12: 600 | AA12: 0 | AB12: 700 | AC12: 800 | AD12: 1350 | AE12: 1450 | AG12: Temuco | AH12: =B12=R12 -> FALSE | AI12: =C12=S12 -> FALSE | AJ12: =D12=T12 -> FALSE | AK12: =E12=U12 -> FALSE | AL12: =F12=V12 -> FALSE | AM12: =G12=W12 -> FALSE | AN12: =H12=X12 -> FALSE | AO12: =I12=Y12 -> TRUE | ... AU12: =O12=AE12 -> TRUE
A13: PLC | B13: 1900 | C13: 1650 | D13: 1650 | E13: 1650 | F13: 1550 | G13: 1550 | H13: 1450 | I13: 0 | J13: 1300 | K13: 700 | L13: 0 | M13: 600 | N13: 1300 | O13: 1400 | Q13: PLC | R13: 1900 | S13: 1650 | T13: 1650 | U13: 1650 | V13: 1550 | W13: 1550 | X13: 1450 | Y13: 0 | Z13: 1300 | AA13: 700 | AB13: 0 | AC13: 600 | AD13: 1300 | AE13: 1400 | AG13: PLC | AH13: =B13=R13 -> TRUE | AI13: =C13=S13 -> TRUE | AJ13: =D13=T13 -> TRUE | AK13: =E13=U13 -> TRUE | AL13: =F13=V13 -> TRUE | AM13: =G13=W13 -> TRUE | AN13: =H13=X13 -> TRUE | AO13: =I13=Y13 -> TRUE | ... AU13: =O13=AE13 -> TRUE
A14: Quepe | B14: 2000 | C14: 1750 | D14: 1750 | E14: 1750 | F14: 1650 | G14: 1650 | H14: 1550 | I14: 0 | J14: 1400 | K14: 800 | L14: 600 | M14: 0 | N14: 550 | O14: 650 | Q14: Quepe | R14: 2000 | S14: 1750 | T14: 1750 | U14: 1750 | V14: 1650 | W14: 1650 | X14: 1550 | Y14: 0 | Z14: 1400 | AA14: 800 | AB14: 600 | AC14: 0 | AD14: 550 | AE14: 650 | AG14: Quepe | AH14: =B14=R14 -> TRUE | AI14: =C14=S14 -> TRUE | AJ14: =D14=T14 -> TRUE | AK14: =E14=U14 -> TRUE | AL14: =F14=V14 -> TRUE | AM14: =G14=W14 -> TRUE | AN14: =H14=X14 -> TRUE | AO14: =I14=Y14 -> TRUE | ... AU14: =O14=AE14 -> TRUE
... A16: Pitrufquén | B16: 2650 | C16: 2400 | D16: 2400 | E16: 2400 | F16: 2300 | G16: 2300 | H16: 2200 | I16: 0 | J16: 2050 | K16: 1450 | L16: 1400 | M16: 650 | N16: 600 | O16: 0 | Q16: Pitrufquén | R16: 2650 | S16: 2400 | T16: 2400 | U16: 2400 | V16: 2300 | W16: 2300 | X16: 2200 | Y16: 0 | Z16: 2050 | AA16: 1450 | AB16: 1400 | AC16: 650 | AD16: 600 | AE16: 0 | AG16: Pitrufquén | AH16: =B16=R16 -> TRUE | AI16: =C16=S16 -> TRUE | AJ16: =D16=T16 -> TRUE | AK16: =E16=U16 -> TRUE | AL16: =F16=V16 -> TRUE | AM16: =G16=W16 -> TRUE | AN16: =H16=X16 -> TRUE | AO16: =I16=Y16 -> TRUE | ... AU16: =O16=AE16 -> TRUE
O17: {=SUMPRODUCT(ABS((B3:O16)-(TRANSPOSE(B3:O16))))} -> 0 | Q17: 0.33 | AG17: 0.33
A18: Matriz Tarifaria Estudiantes Media y Superior | Q18: Tarifa Estudiantes con subsidio | AG18: Tarifa Estudiantes con subsidio
A19: Estaciones | B19: Victoria | C19: PUA | D19: Perquenco | E19: Quillem | F19: Lautaro | G19: L. Centro | H19: Pillanlelbun | I19: Coleg. Claret | J19: Cajon | K19: Temuco | L19: PLC | M19: Quepe | N19: Freire | O19: Pitrufquén | Q19: Estaciones | R19: Victoria | S19: PUA | T19: Perquenco | U19: Quillem | V19: Lautaro | W19: L. Centro | X19: Pillanlelbun | Y19: Coleg. Claret | Z19: Cajon | AA19: Temuco | AB19: PLC | AC19: Quepe | AD19: Freire | AE19: Pitrufquén | AG19: Estaciones | AH19: Victoria | AI19: PUA | AJ19: Perquenco | AK19: Quillem | AL19: Lautaro | AM19: L. Centro | AN19: Pillanlelbun | AO19: Coleg. Claret | AP19: Cajon | AQ19: Temuco | AR19: PLC | AS19: Quepe | AT19: Freire | AU19: Pitrufquén
A20: Victoria | B20: 0 | C20: 350 | D20: 450 | E20: 450 | F20: 450 | G20: 450 | H20: 500 | I20: 0 | J20: 300 | K20: 600 | L20: 650 | M20: 650 | N20: 850 | O20: 850 | Q20: Victoria | R20: 0 | S20: 310 | T20: 400 | U20: 400 | V20: 400 | W20: 400 | X20: 400 | Y20: 0 | Z20: 300 | AA20: 500 | AB20: 650 | AC20: 650 | AD20: 850 | AE20: 850 | AG20: Victoria | AH20: =B20=R20 -> TRUE | AI20: =C20=S20 -> FALSE | AJ20: =D20=T20 -> FALSE | AK20: =E20=U20 -> FALSE | AL20: =F20=V20 -> FALSE | AM20: =G20=W20 -> FALSE | AN20: =H20=X20 -> FALSE | AO20: =I20=Y20 -> TRUE | ... AU20: =O20=AE20 -> TRUE
A21: PUA | B21: 350 | C21: 0 | D21: 400 | E21: 400 | F21: 450 | G21: 450 | H21: 450 | I21: 0 | J21: 250 | K21: 500 | L21: 550 | M21: 600 | N21: 750 | O21: 800 | Q21: PUA | R21: 310 | S21: 0 | T21: 310 | U21: 310 | V21: 310 | W21: 310 | X21: 400 | Y21: 0 | Z21: 250 | AA21: 400 | AB21: 550 | AC21: 600 | AD21: 750 | AE21: 800 | AG21: PUA | AH21: =B21=R21 -> FALSE | AI21: =C21=S21 -> TRUE | AJ21: =D21=T21 -> FALSE | AK21: =E21=U21 -> FALSE | AL21: =F21=V21 -> FALSE | AM21: =G21=W21 -> FALSE | AN21: =H21=X21 -> FALSE | AO21: =I21=Y21 -> TRUE | ... AU21: =O21=AE21 -> TRUE
A22: Perquenco | B22: 450 | C22: 400 | D22: 0 | E22: 350 | F22: 350 | G22: 350 | H22: 450 | I22: 0 | J22: 250 | K22: 450 | L22: 550 | M22: 600 | N22: 750 | O22: 800 | Q22: Perquenco | R22: 400 | S22: 310 | T22: 0 | U22: 310 | V22: 310 | W22: 310 | X22: 400 | Y22: 0 | Z22: 250 | AA22: 400 | AB22: 550 | AC22: 600 | AD22: 750 | AE22: 800 | AG22: Perquenco | AH22: =B22=R22 -> FALSE | AI22: =C22=S22 -> FALSE | AJ22: =D22=T22 -> TRUE | AK22: =E22=U22 -> FALSE | AL22: =F22=V22 -> FALSE | AM22: =G22=W22 -> FALSE | AN22: =H22=X22 -> FALSE | AO22: =I22=Y22 -> TRUE | ... AU22: =O22=AE22 -> TRUE
A23: Quillem | B23: 450 | C23: 400 | D23: 350 | E23: 0 | F23: 350 | G23: 350 | H23: 450 | I23: 0 | J23: 250 | K23: 450 | L23: 550 | M23: 600 | N23: 750 | O23: 800 | Q23: Quillem | R23: 400 | S23: 310 | T23: 310 | U23: 0 | V23: 310 | W23: 310 | X23: 310 | Y23: 0 | Z23: 250 | AA23: 400 | AB23: 550 | AC23: 600 | AD23: 750 | AE23: 800 | AG23: Quillem | AH23: =B23=R23 -> FALSE | AI23: =C23=S23 -> FALSE | AJ23: =D23=T23 -> FALSE | AK23: =E23=U23 -> TRUE | AL23: =F23=V23 -> FALSE | AM23: =G23=W23 -> FALSE | AN23: =H23=X23 -> FALSE | AO23: =I23=Y23 -> TRUE | ... AU23: =O23=AE23 -> TRUE
A24: Lautaro | B24: 450 | C24: 450 | D24: 350 | E24: 350 | F24: 0 | G24: 350 | H24: 350 | I24: 0 | J24: 200 | K24: 450 | L24: 500 | M24: 550 | N24: 750 | O24: 750 | Q24: Lautaro | R24: 400 | S24: 310 | T24: 310 | U24: 310 | V24: 0 | W24: 310 | X24: 310 | Y24: 0 | Z24: 200 | AA24: 350 | AB24: 500 | AC24: 550 | AD24: 750 | AE24: 750 | AG24: Lautaro | AH24: =B24=R24 -> FALSE | AI24: =C24=S24 -> FALSE | AJ24: =D24=T24 -> FALSE | AK24: =E24=U24 -> FALSE | AL24: =F24=V24 -> TRUE | AM24: =G24=W24 -> FALSE | AN24: =H24=X24 -> FALSE | AO24: =I24=Y24 -> TRUE | ... AU24: =O24=AE24 -> TRUE
A25: L. Centro | B25: 450 | C25: 450 | D25: 350 | E25: 350 | F25: 350 | G25: 0 | H25: 350 | I25: 0 | J25: 200 | K25: 450 | L25: 500 | M25: 550 | N25: 750 | O25: 750 | Q25: L. Centro | R25: 400 | S25: 310 | T25: 310 | U25: 310 | V25: 310 | W25: 0 | X25: 310 | Y25: 0 | Z25: 200 | AA25: 350 | AB25: 500 | AC25: 550 | AD25: 750 | AE25: 750 | AG25: L. Centro | AH25: =B25=R25 -> FALSE | AI25: =C25=S25 -> FALSE | AJ25: =D25=T25 -> FALSE | AK25: =E25=U25 -> FALSE | AL25: =F25=V25 -> FALSE | AM25: =G25=W25 -> TRUE | AN25: =H25=X25 -> FALSE | AO25: =I25=Y25 -> TRUE | ... AU25: =O25=AE25 -> TRUE
A26: Pillanlelbun | B26: 500 | C26: 450 | D26: 450 | E26: 450 | F26: 350 | G26: 350 | H26: 0 | I26: 0 | J26: 200 | K26: 400 | L26: 500 | M26: 500 | N26: 700 | O26: 750 | Q26: Pillanlelbun | R26: 400 | S26: 400 | T26: 400 | U26: 310 | V26: 310 | W26: 310 | X26: 0 | Y26: 0 | Z26: 200 | AA26: 310 | AB26: 500 | AC26: 500 | AD26: 700 | AE26: 750 | AG26: Pillanlelbun | AH26: =B26=R26 -> FALSE | AI26: =C26=S26 -> FALSE | AJ26: =D26=T26 -> FALSE | AK26: =E26=U26 -> FALSE | AL26: =F26=V26 -> FALSE | AM26: =G26=W26 -> FALSE | AN26: =H26=X26 -> TRUE | AO26: =I26=Y26 -> TRUE | ... AU26: =O26=AE26 -> TRUE
A27: Coleg. Claret | B27: 0 | C27: 0 | D27: 0 | E27: 0 | F27: 0 | G27: 0 | H27: 0 | I27: 0 | J27: 0 | K27: 350 | L27: 0 | M27: 0 | N27: 0 | O27: 0 | Q27: Coleg. Claret | R27: 0 | S27: 0 | T27: 0 | U27: 0 | V27: 0 | W27: 0 | X27: 0 | Y27: 0 | Z27: 0 | AA27: 330 | AB27: 0 | AC27: 0 | AD27: 0 | AE27: 0 | AG27: Coleg. Claret | AH27: =B27=R27 -> TRUE | AI27: =C27=S27 -> TRUE | AJ27: =D27=T27 -> TRUE | AK27: =E27=U27 -> TRUE | AL27: =F27=V27 -> TRUE | AM27: =G27=W27 -> TRUE | AN27: =H27=X27 -> TRUE | AO27: =I27=Y27 -> TRUE | ... AU27: =O27=AE27 -> TRUE
A28: Cajon | B28: 300 | C28: 250 | D28: 250 | E28: 250 | F28: 200 | G28: 200 | H28: 200 | I28: 0 | J28: 0 | K28: 200 | L28: 450 | M28: 450 | N28: 650 | O28: 700 | Q28: Cajon | R28: 300 | S28: 250 | T28: 250 | U28: 250 | V28: 200 | W28: 200 | X28: 200 | Y28: 0 | Z28: 0 | AA28: 200 | AB28: 450 | AC28: 450 | AD28: 650 | AE28: 700 | AG28: Cajon | AH28: =B28=R28 -> TRUE | AI28: =C28=S28 -> TRUE | AJ28: =D28=T28 -> TRUE | AK28: =E28=U28 -> TRUE | AL28: =F28=V28 -> TRUE | AM28: =G28=W28 -> TRUE | AN28: =H28=X28 -> TRUE | AO28: =I28=Y28 -> TRUE | ... AU28: =O28=AE28 -> TRUE
A29: Temuco | B29: 600 | C29: 500 | D29: 450 | E29: 450 | F29: 450 | G29: 450 | H29: 400 | I29: 350 | J29: 200 | K29: 0 | L29: 250 | M29: 250 | N29: 450 | O29: 500 | Q29: Temuco | R29: 500 | S29: 400 | T29: 400 | U29: 400 | V29: 350 | W29: 350 | X29: 310 | Y29: 330 | Z29: 200 | AA29: 0 | AB29: 250 | AC29: 250 | AD29: 450 | AE29: 500 | AG29: Temuco | AH29: =B29=R29 -> FALSE | AI29: =C29=S29 -> FALSE | AJ29: =D29=T29 -> FALSE | AK29: =E29=U29 -> FALSE | AL29: =F29=V29 -> FALSE | AM29: =G29=W29 -> FALSE | AN29: =H29=X29 -> FALSE | AO29: =I29=Y29 -> FALSE | ... AU29: =O29=AE29 -> TRUE
A30: PLC | B30: 650 | C30: 550 | D30: 550 | E30: 550 | F30: 500 | G30: 500 | H30: 500 | I30: 0 | J30: 450 | K30: 250 | L30: 0 | M30: 200 | N30: 450 | O30: 450 | Q30: PLC | R30: 650 | S30: 550 | T30: 550 | U30: 550 | V30: 500 | W30: 500 | X30: 500 | Y30: 0 | Z30: 450 | AA30: 250 | AB30: 0 | AC30: 200 | AD30: 450 | AE30: 450 | AG30: PLC | AH30: =B30=R30 -> TRUE | AI30: =C30=S30 -> TRUE | AJ30: =D30=T30 -> TRUE | AK30: =E30=U30 -> TRUE | AL30: =F30=V30 -> TRUE | AM30: =G30=W30 -> TRUE | AN30: =H30=X30 -> TRUE | AO30: =I30=Y30 -> TRUE | ... AU30: =O30=AE30 -> TRUE
A31: Quepe | B31: 650 | C31: 600 | D31: 600 | E31: 600 | F31: 550 | G31: 550 | H31: 500 | I31: 0 | J31: 450 | K31: 250 | L31: 200 | M31: 0 | N31: 200 | O31: 200 | Q31: Quepe | R31: 650 | S31: 600 | T31: 600 | U31: 600 | V31: 550 | W31: 550 | X31: 500 | Y31: 0 | Z31: 450 | AA31: 250 | AB31: 200 | AC31: 0 | AD31: 200 | AE31: 200 | AG31: Quepe | AH31: =B31=R31 -> TRUE | AI31: =C31=S31 -> TRUE | AJ31: =D31=T31 -> TRUE | AK31: =E31=U31 -> TRUE | AL31: =F31=V31 -> TRUE | AM31: =G31=W31 -> TRUE | AN31: =H31=X31 -> TRUE | AO31: =I31=Y31 -> TRUE | ... AU31: =O31=AE31 -> TRUE
... A33: Pitrufquén | B33: 850 | C33: 800 | D33: 800 | E33: 800 | F33: 750 | G33: 750 | H33: 750 | I33: 0 | J33: 700 | K33: 500 | L33: 450 | M33: 200 | N33: 200 | O33: 0 | Q33: Pitrufquén | R33: 850 | S33: 800 | T33: 800 | U33: 800 | V33: 750 | W33: 750 | X33: 750 | Y33: 0 | Z33: 700 | AA33: 500 | AB33: 450 | AC33: 200 | AD33: 200 | AE33: 0 | AG33: Pitrufquén | AH33: =B33=R33 -> TRUE | AI33: =C33=S33 -> TRUE | AJ33: =D33=T33 -> TRUE | AK33: =E33=U33 -> TRUE | AL33: =F33=V33 -> TRUE | AM33: =G33=W33 -> TRUE | AN33: =H33=X33 -> TRUE | AO33: =I33=Y33 -> TRUE | ... AU33: =O33=AE33 -> TRUE
O34: {=SUMPRODUCT(ABS((B20:O33)-(TRANSPOSE(B20:O33))))} -> 0 | Q34: 0.5 | AG34: 0.5
A35: Matriz Tarifaria Tercera Edad | Q35: Tarifa Adulto Mayor con subsidio | AG35: Tarifa Adulto Mayor con subsidio
A36: Estaciones | B36: Victoria | C36: PUA | D36: Perquenco | E36: Quillem | F36: Lautaro | G36: L. Centro | H36: Pillanlelbun | I36: Coleg. Claret | J36: Cajon | K36: Temuco | L36: PLC | M36: Quepe | N36: Freire | O36: Pitrufquén | Q36: Estaciones | R36: Victoria | S36: PUA | T36: Perquenco | U36: Quillem | V36: Lautaro | W36: L. Centro | X36: Pillanlelbun | Y36: Coleg. Claret | Z36: Cajon | AA36: Temuco | AB36: PLC | AC36: Quepe | AD36: Freire | AE36: Pitrufquén | AG36: Estaciones | AH36: Victoria | AI36: PUA | AJ36: Perquenco | AK36: Quillem | AL36: Lautaro | AM36: L. Centro | AN36: Pillanlelbun | AO36: Coleg. Claret | AP36: Cajon | AQ36: Temuco | AR36: PLC | AS36: Quepe | AT36: Freire | AU36: Pitrufquén
A37: Victoria | B37: 0 | C37: 550 | D37: 650 | E37: 650 | F37: 700 | G37: 700 | H37: 750 | I37: 0 | J37: 450 | K37: 900 | L37: 950 | M37: 1000 | N37: 1300 | O37: 1350 | Q37: Victoria | R37: 0 | S37: 480 | T37: 600 | U37: 600 | V37: 600 | W37: 600 | X37: 600 | Y37: 0 | Z37: 450 | AA37: 750 | AB37: 950 | AC37: 1000 | AD37: 1300 | AE37: 1350 | AG37: Victoria | AH37: =B37=R37 -> TRUE | AI37: =C37=S37 -> FALSE | AJ37: =D37=T37 -> FALSE | AK37: =E37=U37 -> FALSE | AL37: =F37=V37 -> FALSE | AM37: =G37=W37 -> FALSE | AN37: =H37=X37 -> FALSE | AO37: =I37=Y37 -> TRUE | ... AU37: =O37=AE37 -> TRUE
A38: PUA | B38: 550 | C38: 0 | D38: 600 | E38: 600 | F38: 650 | G38: 650 | H38: 700 | I38: 0 | J38: 400 | K38: 750 | L38: 850 | M38: 900 | N38: 1150 | O38: 1200 | Q38: PUA | R38: 480 | S38: 0 | T38: 480 | U38: 480 | V38: 480 | W38: 480 | X38: 600 | Y38: 0 | Z38: 400 | AA38: 600 | AB38: 850 | AC38: 900 | AD38: 1150 | AE38: 1200 | AG38: PUA | AH38: =B38=R38 -> FALSE | AI38: =C38=S38 -> TRUE | AJ38: =D38=T38 -> FALSE | AK38: =E38=U38 -> FALSE | AL38: =F38=V38 -> FALSE | AM38: =G38=W38 -> FALSE | AN38: =H38=X38 -> FALSE | AO38: =I38=Y38 -> TRUE | ... AU38: =O38=AE38 -> TRUE
A39: Perquenco | B39: 650 | C39: 600 | D39: 0 | E39: 550 | F39: 550 | G39: 550 | H39: 650 | I39: 0 | J39: 400 | K39: 700 | L39: 850 | M39: 900 | N39: 1150 | O39: 1200 | Q39: Perquenco | R39: 600 | S39: 480 | T39: 0 | U39: 480 | V39: 480 | W39: 480 | X39: 600 | Y39: 0 | Z39: 400 | AA39: 600 | AB39: 850 | AC39: 900 | AD39: 1150 | AE39: 1200 | AG39: Perquenco | AH39: =B39=R39 -> FALSE | AI39: =C39=S39 -> FALSE | AJ39: =D39=T39 -> TRUE | AK39: =E39=U39 -> FALSE | AL39: =F39=V39 -> FALSE | AM39: =G39=W39 -> FALSE | AN39: =H39=X39 -> FALSE | AO39: =I39=Y39 -> TRUE | ... AU39: =O39=AE39 -> TRUE
A40: Quillem | B40: 650 | C40: 600 | D40: 550 | E40: 0 | F40: 550 | G40: 550 | H40: 650 | I40: 0 | J40: 350 | K40: 700 | L40: 850 | M40: 900 | N40: 1150 | O40: 1200 | Q40: Quillem | R40: 600 | S40: 480 | T40: 480 | U40: 0 | V40: 480 | W40: 480 | X40: 480 | Y40: 0 | Z40: 350 | AA40: 600 | AB40: 850 | AC40: 900 | AD40: 1150 | AE40: 1200 | AG40: Quillem | AH40: =B40=R40 -> FALSE | AI40: =C40=S40 -> FALSE | AJ40: =D40=T40 -> FALSE | AK40: =E40=U40 -> TRUE | AL40: =F40=V40 -> FALSE | AM40: =G40=W40 -> FALSE | AN40: =H40=X40 -> FALSE | AO40: =I40=Y40 -> TRUE | ... AU40: =O40=AE40 -> TRUE
A41: Lautaro | B41: 700 | C41: 650 | D41: 550 | E41: 550 | F41: 0 | G41: 550 | H41: 550 | I41: 0 | J41: 300 | K41: 650 | L41: 800 | M41: 850 | N41: 1100 | O41: 1150 | Q41: Lautaro | R41: 600 | S41: 480 | T41: 480 | U41: 480 | V41: 0 | W41: 480 | X41: 480 | Y41: 0 | Z41: 300 | AA41: 530 | AB41: 800 | AC41: 850 | AD41: 1100 | AE41: 1150 | AG41: Lautaro | AH41: =B41=R41 -> FALSE | AI41: =C41=S41 -> FALSE | AJ41: =D41=T41 -> FALSE | AK41: =E41=U41 -> FALSE | AL41: =F41=V41 -> TRUE | AM41: =G41=W41 -> FALSE | AN41: =H41=X41 -> FALSE | AO41: =I41=Y41 -> TRUE | ... AU41: =O41=AE41 -> TRUE
A42: L. Centro | B42: 700 | C42: 650 | D42: 550 | E42: 550 | F42: 550 | G42: 0 | H42: 550 | I42: 0 | J42: 300 | K42: 650 | L42: 800 | M42: 850 | N42: 1100 | O42: 1150 | Q42: L. Centro | R42: 600 | S42: 480 | T42: 480 | U42: 480 | V42: 480 | W42: 0 | X42: 480 | Y42: 0 | Z42: 300 | AA42: 530 | AB42: 800 | AC42: 850 | AD42: 1100 | AE42: 1150 | AG42: L. Centro | AH42: =B42=R42 -> FALSE | AI42: =C42=S42 -> FALSE | AJ42: =D42=T42 -> FALSE | AK42: =E42=U42 -> FALSE | AL42: =F42=V42 -> FALSE | AM42: =G42=W42 -> TRUE | AN42: =H42=X42 -> FALSE | AO42: =I42=Y42 -> TRUE | ... AU42: =O42=AE42 -> TRUE
A43: Pillanlelbun | B43: 750 | C43: 700 | D43: 650 | E43: 650 | F43: 550 | G43: 550 | H43: 0 | I43: 0 | J43: 300 | K43: 600 | L43: 750 | M43: 800 | N43: 1050 | O43: 1100 | Q43: Pillanlelbun | R43: 600 | S43: 600 | T43: 600 | U43: 480 | V43: 480 | W43: 480 | X43: 0 | Y43: 0 | Z43: 300 | AA43: 480 | AB43: 750 | AC43: 800 | AD43: 1050 | AE43: 1100 | AG43: Pillanlelbun | AH43: =B43=R43 -> FALSE | AI43: =C43=S43 -> FALSE | AJ43: =D43=T43 -> FALSE | AK43: =E43=U43 -> FALSE | AL43: =F43=V43 -> FALSE | AM43: =G43=W43 -> FALSE | AN43: =H43=X43 -> TRUE | AO43: =I43=Y43 -> TRUE | ... AU43: =O43=AE43 -> TRUE
A44: Coleg. Claret | B44: 0 | C44: 0 | D44: 0 | E44: 0 | F44: 0 | G44: 0 | H44: 0 | I44: 0 | J44: 0 | K44: 500 | L44: 0 | M44: 0 | N44: 0 | O44: 0 | Q44: Coleg. Claret | R44: 0 | S44: 0 | T44: 0 | U44: 0 | V44: 0 | W44: 0 | X44: 0 | Y44: 0 | Z44: 0 | AA44: 500 | AB44: 0 | AC44: 0 | AD44: 0 | AE44: 0 | AG44: Coleg. Claret | AH44: =B44=R44 -> TRUE | AI44: =C44=S44 -> TRUE | AJ44: =D44=T44 -> TRUE | AK44: =E44=U44 -> TRUE | AL44: =F44=V44 -> TRUE | AM44: =G44=W44 -> TRUE | AN44: =H44=X44 -> TRUE | AO44: =I44=Y44 -> TRUE | ... AU44: =O44=AE44 -> TRUE
A45: Cajon | B45: 450 | C45: 400 | D45: 400 | E45: 350 | F45: 300 | G45: 300 | H45: 300 | I45: 0 | J45: 0 | K45: 300 | L45: 650 | M45: 700 | N45: 1000 | O45: 1050 | Q45: Cajon | R45: 450 | S45: 400 | T45: 400 | U45: 350 | V45: 300 | W45: 300 | X45: 300 | Y45: 0 | Z45: 0 | AA45: 300 | AB45: 650 | AC45: 700 | AD45: 1000 | AE45: 1050 | AG45: Cajon | AH45: =B45=R45 -> TRUE | AI45: =C45=S45 -> TRUE | AJ45: =D45=T45 -> TRUE | AK45: =E45=U45 -> TRUE | AL45: =F45=V45 -> TRUE | AM45: =G45=W45 -> TRUE | AN45: =H45=X45 -> TRUE | AO45: =I45=Y45 -> TRUE | ... AU45: =O45=AE45 -> TRUE
A46: Temuco | B46: 900 | C46: 750 | D46: 700 | E46: 700 | F46: 650 | G46: 650 | H46: 600 | I46: 500 | J46: 300 | K46: 0 | L46: 350 | M46: 400 | N46: 700 | O46: 750 | Q46: Temuco | R46: 750 | S46: 600 | T46: 600 | U46: 600 | V46: 530 | W46: 530 | X46: 480 | Y46: 500 | Z46: 300 | AA46: 0 | AB46: 350 | AC46: 400 | AD46: 700 | AE46: 750 | AG46: Temuco | AH46: =B46=R46 -> FALSE | AI46: =C46=S46 -> FALSE | AJ46: =D46=T46 -> FALSE | AK46: =E46=U46 -> FALSE | AL46: =F46=V46 -> FALSE | AM46: =G46=W46 -> FALSE | AN46: =H46=X46 -> FALSE | AO46: =I46=Y46 -> TRUE | ... AU46: =O46=AE46 -> TRUE
A47: PLC | B47: 950 | C47: 850 | D47: 850 | E47: 850 | F47: 800 | G47: 800 | H47: 750 | I47: 0 | J47: 650 | K47: 350 | L47: 0 | M47: 300 | N47: 650 | O47: 700 | Q47: PLC | R47: 950 | S47: 850 | T47: 850 | U47: 850 | V47: 800 | W47: 800 | X47: 750 | Y47: 0 | Z47: 650 | AA47: 350 | AB47: 0 | AC47: 300 | AD47: 650 | AE47: 700 | AG47: PLC | AH47: =B47=R47 -> TRUE | AI47: =C47=S47 -> TRUE | AJ47: =D47=T47 -> TRUE | AK47: =E47=U47 -> TRUE | AL47: =F47=V47 -> TRUE | AM47: =G47=W47 -> TRUE | AN47: =H47=X47 -> TRUE | AO47: =I47=Y47 -> TRUE | ... AU47: =O47=AE47 -> TRUE
A48: Quepe | B48: 1000 | C48: 900 | D48: 900 | E48: 900 | F48: 850 | G48: 850 | H48: 800 | I48: 0 | J48: 700 | K48: 400 | L48: 300 | M48: 0 | N48: 300 | O48: 350 | Q48: Quepe | R48: 1000 | S48: 900 | T48: 900 | U48: 900 | V48: 850 | W48: 850 | X48: 800 | Y48: 0 | Z48: 700 | AA48: 400 | AB48: 300 | AC48: 0 | AD48: 300 | AE48: 350 | AG48: Quepe | AH48: =B48=R48 -> TRUE | AI48: =C48=S48 -> TRUE | AJ48: =D48=T48 -> TRUE | AK48: =E48=U48 -> TRUE | AL48: =F48=V48 -> TRUE | AM48: =G48=W48 -> TRUE | AN48: =H48=X48 -> TRUE | AO48: =I48=Y48 -> TRUE | ... AU48: =O48=AE48 -> TRUE
... A50: Pitrufquén | B50: 1350 | C50: 1200 | D50: 1200 | E50: 1200 | F50: 1150 | G50: 1150 | H50: 1100 | I50: 0 | J50: 1050 | K50: 750 | L50: 700 | M50: 350 | N50: 300 | O50: 0 | Q50: Pitrufquén | R50: 1350 | S50: 1200 | T50: 1200 | U50: 1200 | V50: 1150 | W50: 1150 | X50: 1100 | Y50: 0 | Z50: 1050 | AA50: 750 | AB50: 700 | AC50: 350 | AD50: 300 | AE50: 0 | AG50: Pitrufquén | AH50: =B50=R50 -> TRUE | AI50: =C50=S50 -> TRUE | AJ50: =D50=T50 -> TRUE | AK50: =E50=U50 -> TRUE | AL50: =F50=V50 -> TRUE | AM50: =G50=W50 -> TRUE | AN50: =H50=X50 -> TRUE | AO50: =I50=Y50 -> TRUE | ... AU50: =O50=AE50 -> TRUE
O51: {=SUMPRODUCT(ABS((B37:O50)-(TRANSPOSE(B37:O50))))} -> 0
A52: Tarifa Estudiantes Básicos
A53: Estaciones | B53: Victoria | C53: PUA | D53: Perquenco | E53: Quillem | F53: Lautaro | G53: L. Centro | H53: Pillanlelbun | I53: Coleg. Claret | J53: Cajon | K53: Temuco | L53: PLC | M53: Quepe | N53: Freire | O53: Pitrufquén
A54: Victoria | B54: 0 | C54: 250 | D54: 300 | E54: 300 | F54: 300 | G54: 300 | H54: 300 | I54: 0 | J54: 300 | K54: 400 | L54: 650 | M54: 650 | N54: 850 | O54: 850
A55: PUA | B55: 250 | C55: 0 | D55: 250 | E55: 250 | F55: 250 | G55: 250 | H55: 300 | I55: 0 | J55: 250 | K55: 300 | L55: 550 | M55: 600 | N55: 750 | O55: 800
A56: Perquenco | B56: 300 | C56: 250 | D56: 0 | E56: 250 | F56: 250 | G56: 250 | H56: 300 | I56: 0 | J56: 250 | K56: 300 | L56: 550 | M56: 600 | N56: 750 | O56: 800
A57: Quillem | B57: 300 | C57: 250 | D57: 250 | E57: 0 | F57: 250 | G57: 250 | H57: 250 | I57: 0 | J57: 250 | K57: 300 | L57: 550 | M57: 600 | N57: 750 | O57: 800
A58: Lautaro | B58: 300 | C58: 250 | D58: 250 | E58: 250 | F58: 0 | G58: 250 | H58: 250 | I58: 0 | J58: 200 | K58: 300 | L58: 500 | M58: 550 | N58: 750 | O58: 750
A59: L. Centro | B59: 300 | C59: 250 | D59: 250 | E59: 250 | F59: 250 | G59: 0 | H59: 250 | I59: 0 | J59: 200 | K59: 300 | L59: 500 | M59: 550 | N59: 750 | O59: 750
A60: Pillanlelbun | B60: 300 | C60: 300 | D60: 300 | E60: 250 | F60: 250 | G60: 250 | H60: 0 | I60: 0 | J60: 200 | K60: 250 | L60: 500 | M60: 500 | N60: 700 | O60: 750
A61: Coleg. Claret | B61: 0 | C61: 0 | D61: 0 | E61: 0 | F61: 0 | G61: 0 | H61: 0 | I61: 0 | J61: 0 | K61: 300 | L61: 0 | M61: 0 | N61: 0 | O61: 0
A62: Cajon | B62: 300 | C62: 250 | D62: 250 | E62: 250 | F62: 200 | G62: 200 | H62: 200 | I62: 0 | J62: 0 | K62: 200 | L62: 450 | M62: 450 | N62: 650 | O62: 700
A63: Temuco | B63: 400 | C63: 300 | D63: 300 | E63: 300 | F63: 300 | G63: 300 | H63: 250 | I63: 300 | J63: 200 | K63: 0 | L63: 250 | M63: 250 | N63: 450 | O63: 500
A64: PLC | B64: 650 | C64: 550 | D64: 550 | E64: 550 | F64: 500 | G64: 500 | H64: 500 | I64: 0 | J64: 450 | K64: 250 | L64: 0 | M64: 200 | N64: 450 | O64: 450
A65: Quepe | B65: 650 | C65: 600 | D65: 600 | E65: 600 | F65: 550 | G65: 550 | H65: 500 | I65: 0 | J65: 450 | K65: 250 | L65: 200 | M65: 0 | N65: 200 | O65: 200
... A67: Pitrufquén | B67: 850 | C67: 800 | D67: 800 | E67: 800 | F67: 750 | G67: 750 | H67: 750 | I67: 0 | J67: 700 | K67: 500 | L67: 450 | M67: 200 | N67: 200 | O67: 0

Sheet Biotren 2026
A1: ZONA | B1: PASAJERO COMÚN
B2: 1 | C2: 2 | D2: 3 | E2: 4 | F2: 5 | G2: 6 | H2: 7 | I2: 8 | J2: 9 | K2: 10
A3: 1 | B3: ='Biotren 2025'!AC3 -> 430 | C3: ='Biotren 2025'!AD3 -> 500 | D3: ='Biotren 2025'!AE3 -> 550 | E3: ='Biotren 2025'!AF3 -> 560 | F3: ='Biotren 2025'!AG3 -> 580 | G3: ='Biotren 2025'!AH3 -> 600 | H3: ='Biotren 2025'!AI3 -> 600 | I3: ='Biotren 2025'!AJ3 -> 910 | ... K3: ='Biotren 2025'!AL3 -> 970 | M3: ZONA 1 | N3: HUALQUI | P3: hualqui-conce | Q3: 500
A4: 2 | B4: ='Biotren 2025'!AC4 -> 500 | C4: ='Biotren 2025'!AD4 -> 420 | D4: ='Biotren 2025'!AE4 -> 510 | E4: ='Biotren 2025'!AF4 -> 540 | F4: ='Biotren 2025'!AG4 -> 550 | G4: ='Biotren 2025'!AH4 -> 590 | H4: ='Biotren 2025'!AI4 -> 590 | I4: ='Biotren 2025'!AJ4 -> 900 | ... K4: ='Biotren 2025'!AL4 -> 910 | P4: chiguayante-conce | Q4: 470
A5: 3 | B5: ='Biotren 2025'!AC5 -> 550 | C5: ='Biotren 2025'!AD5 -> 510 | D5: ='Biotren 2025'!AE5 -> 420 | E5: ='Biotren 2025'!AF5 -> 500 | F5: ='Biotren 2025'!AG5 -> 540 | G5: ='Biotren 2025'!AH5 -> 570 | H5: ='Biotren 2025'!AI5 -> 570 | I5: ='Biotren 2025'!AJ5 -> 850 | ... K5: ='Biotren 2025'!AL5 -> 880 | M5: ZONA 2 | N5: LA LEONERA | P5: utfsm, los condores e higueras - conce | Q5: 450
A6: 4 | B6: ='Biotren 2025'!AC6 -> 560 | C6: ='Biotren 2025'!AD6 -> 540 | D6: ='Biotren 2025'!AE6 -> 500 | E6: ='Biotren 2025'!AF6 -> 420 | F6: ='Biotren 2025'!AG6 -> 490 | G6: ='Biotren 2025'!AH6 -> 560 | H6: ='Biotren 2025'!AI6 -> 590 | I6: ='Biotren 2025'!AJ6 -> 870 | ... K6: ='Biotren 2025'!AL6 -> 900 | N6: MANQUIMÁVIDA | P6: mercado y arenal - conce | Q6: 500
A7: 5 | B7: ='Biotren 2025'!AC7 -> 580 | C7: ='Biotren 2025'!AD7 -> 550 | D7: ='Biotren 2025'!AE7 -> 540 | E7: ='Biotren 2025'!AF7 -> 490 | F7: ='Biotren 2025'!AG7 -> 420 | G7: ='Biotren 2025'!AH7 -> 560 | H7: ='Biotren 2025'!AI7 -> 590 | I7: ='Biotren 2025'!AJ7 -> 880 | ... K7: ='Biotren 2025'!AL7 -> 910 | N7: PEDRO MEDINA | P7: jpll, dgnal biobio, alborada - conce | Q7: 500
A8: 6 | B8: ='Biotren 2025'!AC8 -> 600 | C8: ='Biotren 2025'!AD8 -> 590 | D8: ='Biotren 2025'!AE8 -> 570 | E8: ='Biotren 2025'!AF8 -> 560 | F8: ='Biotren 2025'!AG8 -> 560 | G8: ='Biotren 2025'!AH8 -> 440 | H8: ='Biotren 2025'!AI8 -> 510 | I8: ='Biotren 2025'!AJ8 -> 650 | ... K8: ='Biotren 2025'!AL8 -> 790 | N8: CHIGUAYANTE | P8: costa mar, el parque, lomas y cardenal - conce | Q8: 510
A9: 7 | B9: ='Biotren 2025'!AC9 -> 600 | C9: ='Biotren 2025'!AD9 -> 590 | D9: ='Biotren 2025'!AE9 -> 570 | E9: ='Biotren 2025'!AF9 -> 590 | F9: ='Biotren 2025'!AG9 -> 590 | G9: ='Biotren 2025'!AH9 -> 510 | H9: ='Biotren 2025'!AI9 -> 430 | I9: ='Biotren 2025'!AJ9 -> 610 | ... K9: ='Biotren 2025'!AL9 -> 650 | P9: hito, canelos - conce | Q9: 780
A10: 8 | B10: ='Biotren 2025'!AC10 -> 910 | C10: ='Biotren 2025'!AD10 -> 900 | D10: ='Biotren 2025'!AE10 -> 850 | E10: ='Biotren 2025'!AF10 -> 870 | F10: ='Biotren 2025'!AG10 -> 880 | G10: ='Biotren 2025'!AH10 -> 650 | H10: ='Biotren 2025'!AI10 -> 610 | I10: ='Biotren 2025'!AJ10 -> 440 | ... K10: ='Biotren 2025'!AL10 -> 530 | M10: ZONA 3 | N10: CONCEPCIÓN | P10: huinca, cristo - conce | Q10: 780
A11: 9 | B11: ='Biotren 2025'!AC11 -> 960 | C11: ='Biotren 2025'!AD11 -> 910 | D11: ='Biotren 2025'!AE11 -> 850 | E11: ='Biotren 2025'!AF11 -> 880 | F11: ='Biotren 2025'!AG11 -> 900 | G11: ='Biotren 2025'!AH11 -> 680 | H11: ='Biotren 2025'!AI11 -> 630 | I11: ='Biotren 2025'!AJ11 -> 460 | ... K11: ='Biotren 2025'!AL11 -> 450 | N11: LORENZO ARENAS | P11: laguna, coronel - conce | Q11: 810
A12: 10 | B12: ='Biotren 2025'!AC12 -> 970 | C12: ='Biotren 2025'!AD12 -> 910 | D12: ='Biotren 2025'!AE12 -> 880 | E12: ='Biotren 2025'!AF12 -> 900 | F12: ='Biotren 2025'!AG12 -> 910 | G12: ='Biotren 2025'!AH12 -> 790 | H12: ='Biotren 2025'!AI12 -> 650 | I12: ='Biotren 2025'!AJ12 -> 530 | ... K12: ='Biotren 2025'!AL12 -> 440
K13: {=SUMPRODUCT(ABS((B3:K12)-(TRANSPOSE(B3:K12))))} -> 0 | M13: ZONA 4 | N13: UTFSM
A14: ZONA | B14: ESTUDIANTE MEDIA / SUPERIOR | N14: LOS CÓNDORES
B15: 1 | C15: 2 | D15: 3 | E15: 4 | F15: 5 | G15: 6 | H15: 7 | I15: 8 | J15: 9 | K15: 10 | N15: HIGUERAS
A16: 1 | B16: ='Biotren 2025'!AC16 -> 140 | C16: ='Biotren 2025'!AD16 -> 170 | D16: ='Biotren 2025'!AE16 -> 180 | E16: ='Biotren 2025'!AF16 -> 190 | F16: ='Biotren 2025'!AG16 -> 190 | G16: ='Biotren 2025'!AH16 -> 200 | H16: ='Biotren 2025'!AI16 -> 200 | I16: ='Biotren 2025'!AJ16 -> 300 | ... K16: ='Biotren 2025'!AL16 -> 320
A17: 2 | B17: ='Biotren 2025'!AC17 -> 170 | C17: ='Biotren 2025'!AD17 -> 140 | D17: ='Biotren 2025'!AE17 -> 170 | E17: ='Biotren 2025'!AF17 -> 180 | F17: ='Biotren 2025'!AG17 -> 180 | G17: ='Biotren 2025'!AH17 -> 200 | H17: ='Biotren 2025'!AI17 -> 200 | I17: ='Biotren 2025'!AJ17 -> 300 | ... K17: ='Biotren 2025'!AL17 -> 300 | M17: ZONA 5 | N17: EL ARENAL
A18: 3 | B18: ='Biotren 2025'!AC18 -> 180 | C18: ='Biotren 2025'!AD18 -> 170 | D18: ='Biotren 2025'!AE18 -> 140 | E18: ='Biotren 2025'!AF18 -> 170 | F18: ='Biotren 2025'!AG18 -> 180 | G18: ='Biotren 2025'!AH18 -> 190 | H18: ='Biotren 2025'!AI18 -> 190 | I18: ='Biotren 2025'!AJ18 -> 280 | ... K18: ='Biotren 2025'!AL18 -> 290 | N18: MERCADO DE THNO
A19: 4 | B19: ='Biotren 2025'!AC19 -> 190 | C19: ='Biotren 2025'!AD19 -> 180 | D19: ='Biotren 2025'!AE19 -> 170 | E19: ='Biotren 2025'!AF19 -> 140 | F19: ='Biotren 2025'!AG19 -> 160 | G19: ='Biotren 2025'!AH19 -> 190 | H19: ='Biotren 2025'!AI19 -> 200 | I19: ='Biotren 2025'!AJ19 -> 290 | ... K19: ='Biotren 2025'!AL19 -> 300
A20: 5 | B20: ='Biotren 2025'!AC20 -> 190 | C20: ='Biotren 2025'!AD20 -> 180 | D20: ='Biotren 2025'!AE20 -> 180 | E20: ='Biotren 2025'!AF20 -> 160 | F20: ='Biotren 2025'!AG20 -> 140 | G20: ='Biotren 2025'!AH20 -> 190 | H20: ='Biotren 2025'!AI20 -> 200 | I20: ='Biotren 2025'!AJ20 -> 290 | ... K20: ='Biotren 2025'!AL20 -> 300 | M20: ZONA 6 | N20: JUAN PABLO II
A21: 6 | B21: ='Biotren 2025'!AC21 -> 200 | C21: ='Biotren 2025'!AD21 -> 200 | D21: ='Biotren 2025'!AE21 -> 190 | E21: ='Biotren 2025'!AF21 -> 190 | F21: ='Biotren 2025'!AG21 -> 190 | G21: ='Biotren 2025'!AH21 -> 150 | H21: ='Biotren 2025'!AI21 -> 170 | I21: ='Biotren 2025'!AJ21 -> 220 | ... K21: ='Biotren 2025'!AL21 -> 260 | N21: DIAGONAL BIOBÍO
A22: 7 | B22: ='Biotren 2025'!AC22 -> 200 | C22: ='Biotren 2025'!AD22 -> 200 | D22: ='Biotren 2025'!AE22 -> 190 | E22: ='Biotren 2025'!AF22 -> 200 | F22: ='Biotren 2025'!AG22 -> 200 | G22: ='Biotren 2025'!AH22 -> 170 | H22: ='Biotren 2025'!AI22 -> 140 | I22: ='Biotren 2025'!AJ22 -> 200 | ... K22: ='Biotren 2025'!AL22 -> 220 | N22: ALBORADA
A23: 8 | B23: ='Biotren 2025'!AC23 -> 300 | C23: ='Biotren 2025'!AD23 -> 300 | D23: ='Biotren 2025'!AE23 -> 280 | E23: ='Biotren 2025'!AF23 -> 290 | F23: ='Biotren 2025'!AG23 -> 290 | G23: ='Biotren 2025'!AH23 -> 220 | H23: ='Biotren 2025'!AI23 -> 200 | I23: ='Biotren 2025'!AJ23 -> 150 | ... K23: ='Biotren 2025'!AL23 -> 180
A24: 9 | B24: ='Biotren 2025'!AC24 -> 320 | C24: ='Biotren 2025'!AD24 -> 300 | D24: ='Biotren 2025'!AE24 -> 280 | E24: ='Biotren 2025'!AF24 -> 290 | F24: ='Biotren 2025'!AG24 -> 300 | G24: ='Biotren 2025'!AH24 -> 230 | H24: ='Biotren 2025'!AI24 -> 210 | I24: ='Biotren 2025'!AJ24 -> 150 | ... K24: ='Biotren 2025'!AL24 -> 150 | M24: ZONA 7 | N24: COSTA MAR
A25: 10 | B25: ='Biotren 2025'!AC25 -> 320 | C25: ='Biotren 2025'!AD25 -> 300 | D25: ='Biotren 2025'!AE25 -> 290 | E25: ='Biotren 2025'!AF25 -> 300 | F25: ='Biotren 2025'!AG25 -> 300 | G25: ='Biotren 2025'!AH25 -> 260 | H25: ='Biotren 2025'!AI25 -> 220 | I25: ='Biotren 2025'!AJ25 -> 180 | ... K25: ='Biotren 2025'!AL25 -> 150 | N25: EL PARQUE
K26: {=SUMPRODUCT(ABS((B16:K25)-(TRANSPOSE(B16:K25))))} -> 0 | N26: LOMAS COLORADAS
A27: ZONA | B27: TERCERA EDAD | N27: CARDENAL RAÚL SILVA HENRÍQUEZ
B28: 1 | C28: 2 | D28: 3 | E28: 4 | F28: 5 | G28: 6 | H28: 7 | I28: 8 | J28: 9 | K28: 10
A29: 1 | B29: ='Biotren 2025'!AC29 -> 220 | C29: ='Biotren 2025'!AD29 -> 250 | D29: ='Biotren 2025'!AE29 -> 280 | E29: ='Biotren 2025'!AF29 -> 280 | F29: ='Biotren 2025'!AG29 -> 290 | G29: ='Biotren 2025'!AH29 -> 300 | H29: ='Biotren 2025'!AI29 -> 300 | I29: ='Biotren 2025'!AJ29 -> 460 | ... K29: ='Biotren 2025'!AL29 -> 490 | M29: ZONA 8 | N29: HITO GALVARINO
A30: 2 | B30: ='Biotren 2025'!AC30 -> 250 | C30: ='Biotren 2025'!AD30 -> 210 | D30: ='Biotren 2025'!AE30 -> 260 | E30: ='Biotren 2025'!AF30 -> 270 | F30: ='Biotren 2025'!AG30 -> 280 | G30: ='Biotren 2025'!AH30 -> 300 | H30: ='Biotren 2025'!AI30 -> 300 | I30: ='Biotren 2025'!AJ30 -> 450 | ... K30: ='Biotren 2025'!AL30 -> 460 | N30: LOS CANELOS
A31: 3 | B31: ='Biotren 2025'!AC31 -> 280 | C31: ='Biotren 2025'!AD31 -> 260 | D31: ='Biotren 2025'!AE31 -> 210 | E31: ='Biotren 2025'!AF31 -> 250 | F31: ='Biotren 2025'!AG31 -> 270 | G31: ='Biotren 2025'!AH31 -> 290 | H31: ='Biotren 2025'!AI31 -> 290 | I31: ='Biotren 2025'!AJ31 -> 430 | ... K31: ='Biotren 2025'!AL31 -> 440
A32: 4 | B32: ='Biotren 2025'!AC32 -> 280 | C32: ='Biotren 2025'!AD32 -> 270 | D32: ='Biotren 2025'!AE32 -> 250 | E32: ='Biotren 2025'!AF32 -> 210 | F32: ='Biotren 2025'!AG32 -> 250 | G32: ='Biotren 2025'!AH32 -> 280 | H32: ='Biotren 2025'!AI32 -> 300 | I32: ='Biotren 2025'!AJ32 -> 440 | ... K32: ='Biotren 2025'!AL32 -> 450 | M32: ZONA 9 | N32: HUINCA
A33: 5 | B33: ='Biotren 2025'!AC33 -> 290 | C33: ='Biotren 2025'!AD33 -> 280 | D33: ='Biotren 2025'!AE33 -> 270 | E33: ='Biotren 2025'!AF33 -> 250 | F33: ='Biotren 2025'!AG33 -> 210 | G33: ='Biotren 2025'!AH33 -> 280 | H33: ='Biotren 2025'!AI33 -> 300 | I33: ='Biotren 2025'!AJ33 -> 440 | ... K33: ='Biotren 2025'!AL33 -> 460 | N33: CRISTO REDENTOR
A34: 6 | B34: ='Biotren 2025'!AC34 -> 300 | C34: ='Biotren 2025'!AD34 -> 300 | D34: ='Biotren 2025'!AE34 -> 290 | E34: ='Biotren 2025'!AF34 -> 280 | F34: ='Biotren 2025'!AG34 -> 280 | G34: ='Biotren 2025'!AH34 -> 220 | H34: ='Biotren 2025'!AI34 -> 260 | I34: ='Biotren 2025'!AJ34 -> 330 | ... K34: ='Biotren 2025'!AL34 -> 400
A35: 7 | B35: ='Biotren 2025'!AC35 -> 300 | C35: ='Biotren 2025'!AD35 -> 300 | D35: ='Biotren 2025'!AE35 -> 290 | E35: ='Biotren 2025'!AF35 -> 300 | F35: ='Biotren 2025'!AG35 -> 300 | G35: ='Biotren 2025'!AH35 -> 260 | H35: ='Biotren 2025'!AI35 -> 220 | I35: ='Biotren 2025'!AJ35 -> 310 | ... K35: ='Biotren 2025'!AL35 -> 330 | M35: ZONA 10 | N35: LAGUNA QUIÑENCO
A36: 8 | B36: ='Biotren 2025'!AC36 -> 460 | C36: ='Biotren 2025'!AD36 -> 450 | D36: ='Biotren 2025'!AE36 -> 430 | E36: ='Biotren 2025'!AF36 -> 440 | F36: ='Biotren 2025'!AG36 -> 440 | G36: ='Biotren 2025'!AH36 -> 330 | H36: ='Biotren 2025'!AI36 -> 310 | I36: ='Biotren 2025'!AJ36 -> 220 | ... K36: ='Biotren 2025'!AL36 -> 270 | N36: CORONEL
A37: 9 | B37: ='Biotren 2025'!AC37 -> 480 | C37: ='Biotren 2025'!AD37 -> 460 | D37: ='Biotren 2025'!AE37 -> 430 | E37: ='Biotren 2025'!AF37 -> 440 | F37: ='Biotren 2025'!AG37 -> 450 | G37: ='Biotren 2025'!AH37 -> 340 | H37: ='Biotren 2025'!AI37 -> 320 | I37: ='Biotren 2025'!AJ37 -> 230 | ... K37: ='Biotren 2025'!AL37 -> 230
A38: 10 | B38: ='Biotren 2025'!AC38 -> 490 | C38: ='Biotren 2025'!AD38 -> 460 | D38: ='Biotren 2025'!AE38 -> 440 | E38: ='Biotren 2025'!AF38 -> 450 | F38: ='Biotren 2025'!AG38 -> 460 | G38: ='Biotren 2025'!AH38 -> 400 | H38: ='Biotren 2025'!AI38 -> 330 | I38: ='Biotren 2025'!AJ38 -> 270 | ... K38: ='Biotren 2025'!AL38 -> 220
K39: {=SUMPRODUCT(ABS((B29:K38)-(TRANSPOSE(B29:K38))))} -> 0

Sheet BT-26 por Estación
A1: Matriz Tarifaria Adulto
A2: Estaciones | B2: Hualqui | C2: Leonera | D2: Manquimavida | E2: Pedro Medina | F2: Chiguayante | G2: Concepcion | H2: Lorenzo Arenas | I2: UTFSM | J2: Los Condores | K2: Higueras | L2: Arenal | M2: Mercado | N2: Juan Pablo II | O2: Diagonal Bio Bio | P2: Alborada | Q2: Costa Mar | R2: El Parque | S2: Lomas Coloradas | T2: Raul Silva H. | U2: Hito Galvarino | V2: Los Canelos | W2: Huinca | X2: Cristo Redentor | Y2: Lag.Quiñenco | Z2: Coronel | AB2: Estaciones | AC2: Hualqui | AD2: Leonera | AE2: Manquimavida | AF2: Pedro Medina | AG2: Chiguayante | AH2: Concepcion | AI2: Lorenzo Arenas | AJ2: UTFSM | AK2: Los Condores | AL2: Higueras | AM2: Arenal | AN2: Mercado | AO2: Juan Pablo II | AP2: Diagonal Bio Bio | AQ2: Alborada | AR2: Costa Mar | AS2: El Parque | AT2: Lomas Coloradas | AU2: Raul Silva H. | AV2: Hito Galvarino | AW2: Los Canelos | AX2: Huinca | AY2: Cristo Redentor | AZ2: Lag.Quiñenco | BA2: Coronel | BC2: Estaciones | BD2: Hualqui | BE2: Leonera | BF2: Manquimavida | BG2: Pedro Medina | BH2: Chiguayante | BI2: Concepcion | BJ2: Lorenzo Arenas | BK2: UTFSM | BL2: Los Condores | BM2: Higueras | BN2: Arenal | BO2: Mercado | BP2: Juan Pablo II | BQ2: Diagonal Bio Bio | BR2: Alborada | BS2: Costa Mar | BT2: El Parque | BU2: Lomas Coloradas | BV2: Raul Silva H. | BW2: Hito Galvarino | BX2: Los Canelos | BY2: Huinca | BZ2: Cristo Redentor | CA2: Lag.Quiñenco | CB2: Coronel
A3: Hualqui | B3: 430 | C3: 500 | D3: 500 | E3: 500 | F3: 500 | G3: 550 | H3: 550 | I3: 560 | J3: 560 | K3: 560 | L3: 580 | M3: 580 | N3: 600 | O3: 600 | P3: 600 | Q3: 600 | R3: 600 | S3: 600 | T3: 600 | U3: 910 | V3: 910 | W3: 960 | X3: 960 | Y3: 970 | Z3: 970 | AB3: Hualqui | AC3: 340 | AD3: 400 | AE3: 400 | AF3: 400 | AG3: 400 | AH3: 450 | AI3: 450 | AJ3: 460 | AK3: 460 | AL3: 460 | AM3: 480 | AN3: 480 | AO3: 480 | AP3: 480 | AQ3: 480 | AR3: 490 | AS3: 490 | AT3: 490 | AU3: 490 | AV3: 770 | AW3: 770 | AX3: 820 | AY3: 820 | AZ3: 830 | BA3: 830 | BC3: Hualqui | BD3: =B3-AC3 -> 90 | BE3: =C3-AD3 -> 100 | BF3: =D3-AE3 -> 100 | BG3: =E3-AF3 -> 100 | BH3: =F3-AG3 -> 100 | BI3: =G3-AH3 -> 100 | BJ3: =H3-AI3 -> 100 | BK3: =I3-AJ3 -> 100 | ... CB3: =Z3-BA3 -> 140
A4: Leonera | B4: 500 | C4: 420 | D4: 420 | E4: 420 | F4: 420 | G4: 510 | H4: 510 | I4: 540 | J4: 540 | K4: 540 | L4: 550 | M4: 550 | N4: 590 | O4: 590 | P4: 590 | Q4: 590 | R4: 590 | S4: 590 | T4: 590 | U4: 900 | V4: 900 | W4: 910 | X4: 910 | Y4: 910 | Z4: 910 | AB4: Leonera | AC4: 400 | AD4: 340 | AE4: 340 | AF4: 340 | AG4: 340 | AH4: 420 | AI4: 420 | AJ4: 450 | AK4: 450 | AL4: 450 | AM4: 460 | AN4: 460 | AO4: 470 | AP4: 470 | AQ4: 470 | AR4: 480 | AS4: 480 | AT4: 480 | AU4: 480 | AV4: 760 | AW4: 760 | AX4: 770 | AY4: 770 | AZ4: 770 | BA4: 770 | BC4: Leonera | BD4: =B4-AC4 -> 100 | BE4: =C4-AD4 -> 80 | BF4: =D4-AE4 -> 80 | BG4: =E4-AF4 -> 80 | BH4: =F4-AG4 -> 80 | BI4: =G4-AH4 -> 90 | BJ4: =H4-AI4 -> 90 | BK4: =I4-AJ4 -> 90 | ... CB4: =Z4-BA4 -> 140
A5: Manquimavida | B5: 500 | C5: 420 | D5: 420 | E5: 420 | F5: 420 | G5: 510 | H5: 510 | I5: 540 | J5: 540 | K5: 540 | L5: 550 | M5: 550 | N5: 590 | O5: 590 | P5: 590 | Q5: 590 | R5: 590 | S5: 590 | T5: 590 | U5: 900 | V5: 900 | W5: 910 | X5: 910 | Y5: 910 | Z5: 910 | AB5: Manquimavida | AC5: 400 | AD5: 340 | AE5: 340 | AF5: 340 | AG5: 340 | AH5: 420 | AI5: 420 | AJ5: 450 | AK5: 450 | AL5: 450 | AM5: 460 | AN5: 460 | AO5: 470 | AP5: 470 | AQ5: 470 | AR5: 480 | AS5: 480 | AT5: 480 | AU5: 480 | AV5: 760 | AW5: 760 | AX5: 770 | AY5: 770 | AZ5: 770 | BA5: 770 | BC5: Manquimavida | BD5: =B5-AC5 -> 100 | BE5: =C5-AD5 -> 80 | BF5: =D5-AE5 -> 80 | BG5: =E5-AF5 -> 80 | BH5: =F5-AG5 -> 80 | BI5: =G5-AH5 -> 90 | BJ5: =H5-AI5 -> 90 | BK5: =I5-AJ5 -> 90 | ... CB5: =Z5-BA5 -> 140
A6: Pedro Medina | B6: 500 | C6: 420 | D6: 420 | E6: 420 | F6: 420 | G6: 510 | H6: 510 | I6: 540 | J6: 540 | K6: 540 | L6: 550 | M6: 550 | N6: 590 | O6: 590 | P6: 590 | Q6: 590 | R6: 590 | S6: 590 | T6: 590 | U6: 900 | V6: 900 | W6: 910 | X6: 910 | Y6: 910 | Z6: 910 | AB6: Pedro Medina | AC6: 400 | AD6: 340 | AE6: 340 | AF6: 340 | AG6: 340 | AH6: 420 | AI6: 420 | AJ6: 450 | AK6: 450 | AL6: 450 | AM6: 460 | AN6: 460 | AO6: 470 | AP6: 470 | AQ6: 470 | AR6: 480 | AS6: 480 | AT6: 480 | AU6: 480 | AV6: 760 | AW6: 760 | AX6: 770 | AY6: 770 | AZ6: 770 | BA6: 770 | BC6: Pedro Medina | BD6: =B6-AC6 -> 100 | BE6: =C6-AD6 -> 80 | BF6: =D6-AE6 -> 80 | BG6: =E6-AF6 -> 80 | BH6: =F6-AG6 -> 80 | BI6: =G6-AH6 -> 90 | BJ6: =H6-AI6 -> 90 | BK6: =I6-AJ6 -> 90 | ... CB6: =Z6-BA6 -> 140
A7: Chiguayante | B7: 500 | C7: 420 | D7: 420 | E7: 420 | F7: 420 | G7: 510 | H7: 510 | I7: 540 | J7: 540 | K7: 540 | L7: 550 | M7: 550 | N7: 590 | O7: 590 | P7: 590 | Q7: 590 | R7: 590 | S7: 590 | T7: 590 | U7: 900 | V7: 900 | W7: 910 | X7: 910 | Y7: 910 | Z7: 910 | AB7: Chiguayante | AC7: 400 | AD7: 340 | AE7: 340 | AF7: 340 | AG7: 340 | AH7: 420 | AI7: 420 | AJ7: 450 | AK7: 450 | AL7: 450 | AM7: 460 | AN7: 460 | AO7: 470 | AP7: 470 | AQ7: 470 | AR7: 480 | AS7: 480 | AT7: 480 | AU7: 480 | AV7: 760 | AW7: 760 | AX7: 770 | AY7: 770 | AZ7: 770 | BA7: 770 | BC7: Chiguayante | BD7: =B7-AC7 -> 100 | BE7: =C7-AD7 -> 80 | BF7: =D7-AE7 -> 80 | BG7: =E7-AF7 -> 80 | BH7: =F7-AG7 -> 80 | BI7: =G7-AH7 -> 90 | BJ7: =H7-AI7 -> 90 | BK7: =I7-AJ7 -> 90 | ... CB7: =Z7-BA7 -> 140
A8: Concepcion | B8: 550 | C8: 510 | D8: 510 | E8: 510 | F8: 510 | G8: 420 | H8: 420 | I8: 500 | J8: 500 | K8: 500 | L8: 540 | M8: 540 | N8: 570 | O8: 570 | P8: 570 | Q8: 570 | R8: 570 | S8: 570 | T8: 570 | U8: 850 | V8: 850 | W8: 850 | X8: 850 | Y8: 880 | Z8: 880 | AB8: Concepcion | AC8: 450 | AD8: 420 | AE8: 420 | AF8: 420 | AG8: 420 | AH8: 340 | AI8: 340 | AJ8: 400 | AK8: 400 | AL8: 400 | AM8: 450 | AN8: 450 | AO8: 450 | AP8: 450 | AQ8: 450 | AR8: 460 | AS8: 460 | AT8: 460 | AU8: 460 | AV8: 720 | AW8: 720 | AX8: 720 | AY8: 720 | AZ8: 740 | BA8: 740 | BC8: Concepcion | BD8: =B8-AC8 -> 100 | BE8: =C8-AD8 -> 90 | BF8: =D8-AE8 -> 90 | BG8: =E8-AF8 -> 90 | BH8: =F8-AG8 -> 90 | BI8: =G8-AH8 -> 80 | BJ8: =H8-AI8 -> 80 | BK8: =I8-AJ8 -> 100 | ... CB8: =Z8-BA8 -> 140
A9: Lorenzo Arenas | B9: 550 | C9: 510 | D9: 510 | E9: 510 | F9: 510 | G9: 420 | H9: 420 | I9: 500 | J9: 500 | K9: 500 | L9: 540 | M9: 540 | N9: 570 | O9: 570 | P9: 570 | Q9: 570 | R9: 570 | S9: 570 | T9: 570 | U9: 850 | V9: 850 | W9: 850 | X9: 850 | Y9: 880 | Z9: 880 | AB9: Lorenzo Arenas | AC9: 450 | AD9: 420 | AE9: 420 | AF9: 420 | AG9: 420 | AH9: 340 | AI9: 340 | AJ9: 400 | AK9: 400 | AL9: 400 | AM9: 450 | AN9: 450 | AO9: 450 | AP9: 450 | AQ9: 450 | AR9: 460 | AS9: 460 | AT9: 460 | AU9: 460 | AV9: 720 | AW9: 720 | AX9: 720 | AY9: 720 | AZ9: 740 | BA9: 740 | BC9: Lorenzo Arenas | BD9: =B9-AC9 -> 100 | BE9: =C9-AD9 -> 90 | BF9: =D9-AE9 -> 90 | BG9: =E9-AF9 -> 90 | BH9: =F9-AG9 -> 90 | BI9: =G9-AH9 -> 80 | BJ9: =H9-AI9 -> 80 | BK9: =I9-AJ9 -> 100 | ... CB9: =Z9-BA9 -> 140
A10: UTFSM | B10: 560 | C10: 540 | D10: 540 | E10: 540 | F10: 540 | G10: 500 | H10: 500 | I10: 420 | J10: 420 | K10: 420 | L10: 490 | M10: 490 | N10: 560 | O10: 560 | P10: 560 | Q10: 590 | R10: 590 | S10: 590 | T10: 590 | U10: 870 | V10: 870 | W10: 880 | X10: 880 | Y10: 900 | Z10: 900 | AB10: UTFSM | AC10: 460 | AD10: 450 | AE10: 450 | AF10: 450 | AG10: 450 | AH10: 400 | AI10: 400 | AJ10: 340 | AK10: 340 | AL10: 340 | AM10: 400 | AN10: 400 | AO10: 440 | AP10: 440 | AQ10: 440 | AR10: 480 | AS10: 480 | AT10: 480 | AU10: 480 | AV10: 730 | AW10: 730 | AX10: 740 | AY10: 740 | AZ10: 760 | BA10: 760 | BC10: UTFSM | BD10: =B10-AC10 -> 100 | BE10: =C10-AD10 -> 90 | BF10: =D10-AE10 -> 90 | BG10: =E10-AF10 -> 90 | BH10: =F10-AG10 -> 90 | BI10: =G10-AH10 -> 100 | BJ10: =H10-AI10 -> 100 | BK10: =I10-AJ10 -> 80 | ... CB10: =Z10-BA10 -> 140
A11: Los Condores | B11: 560 | C11: 540 | D11: 540 | E11: 540 | F11: 540 | G11: 500 | H11: 500 | I11: 420 | J11: 420 | K11: 420 | L11: 490 | M11: 490 | N11: 560 | O11: 560 | P11: 560 | Q11: 590 | R11: 590 | S11: 590 | T11: 590 | U11: 870 | V11: 870 | W11: 880 | X11: 880 | Y11: 900 | Z11: 900 | AB11: Los Condores | AC11: 460 | AD11: 450 | AE11: 450 | AF11: 450 | AG11: 450 | AH11: 400 | AI11: 400 | AJ11: 340 | AK11: 340 | AL11: 340 | AM11: 400 | AN11: 400 | AO11: 440 | AP11: 440 | AQ11: 440 | AR11: 480 | AS11: 480 | AT11: 480 | AU11: 480 | AV11: 730 | AW11: 730 | AX11: 740 | AY11: 740 | AZ11: 760 | BA11: 760 | BC11: Los Condores | BD11: =B11-AC11 -> 100 | BE11: =C11-AD11 -> 90 | BF11: =D11-AE11 -> 90 | BG11: =E11-AF11 -> 90 | BH11: =F11-AG11 -> 90 | BI11: =G11-AH11 -> 100 | BJ11: =H11-AI11 -> 100 | BK11: =I11-AJ11 -> 80 | ... CB11: =Z11-BA11 -> 140
A12: Higueras | B12: 560 | C12: 540 | D12: 540 | E12: 540 | F12: 540 | G12: 500 | H12: 500 | I12: 420 | J12: 420 | K12: 420 | L12: 490 | M12: 490 | N12: 560 | O12: 560 | P12: 560 | Q12: 590 | R12: 590 | S12: 590 | T12: 590 | U12: 870 | V12: 870 | W12: 880 | X12: 880 | Y12: 900 | Z12: 900 | AB12: Higueras | AC12: 460 | AD12: 450 | AE12: 450 | AF12: 450 | AG12: 450 | AH12: 400 | AI12: 400 | AJ12: 340 | AK12: 340 | AL12: 340 | AM12: 400 | AN12: 400 | AO12: 440 | AP12: 440 | AQ12: 440 | AR12: 480 | AS12: 480 | AT12: 480 | AU12: 480 | AV12: 730 | AW12: 730 | AX12: 740 | AY12: 740 | AZ12: 760 | BA12: 760 | BC12: Higueras | BD12: =B12-AC12 -> 100 | BE12: =C12-AD12 -> 90 | BF12: =D12-AE12 -> 90 | BG12: =E12-AF12 -> 90 | BH12: =F12-AG12 -> 90 | BI12: =G12-AH12 -> 100 | BJ12: =H12-AI12 -> 100 | BK12: =I12-AJ12 -> 80 | ... CB12: =Z12-BA12 -> 140
A13: Arenal | B13: 580 | C13: 550 | D13: 550 | E13: 550 | F13: 550 | G13: 540 | H13: 540 | I13: 490 | J13: 490 | K13: 490 | L13: 420 | M13: 420 | N13: 560 | O13: 560 | P13: 560 | Q13: 590 | R13: 590 | S13: 590 | T13: 590 | U13: 880 | V13: 880 | W13: 900 | X13: 900 | Y13: 910 | Z13: 910 | AB13: Arenal | AC13: 480 | AD13: 460 | AE13: 460 | AF13: 460 | AG13: 460 | AH13: 450 | AI13: 450 | AJ13: 400 | AK13: 400 | AL13: 400 | AM13: 340 | AN13: 340 | AO13: 440 | AP13: 440 | AQ13: 440 | AR13: 480 | AS13: 480 | AT13: 480 | AU13: 480 | AV13: 740 | AW13: 740 | AX13: 760 | AY13: 760 | AZ13: 770 | BA13: 770 | BC13: Arenal | BD13: =B13-AC13 -> 100 | BE13: =C13-AD13 -> 90 | BF13: =D13-AE13 -> 90 | BG13: =E13-AF13 -> 90 | BH13: =F13-AG13 -> 90 | BI13: =G13-AH13 -> 90 | BJ13: =H13-AI13 -> 90 | BK13: =I13-AJ13 -> 90 | ... CB13: =Z13-BA13 -> 140
A14: Mercado | B14: 580 | C14: 550 | D14: 550 | E14: 550 | F14: 550 | G14: 540 | H14: 540 | I14: 490 | J14: 490 | K14: 490 | L14: 420 | M14: 420 | N14: 560 | O14: 560 | P14: 560 | Q14: 590 | R14: 590 | S14: 590 | T14: 590 | U14: 880 | V14: 880 | W14: 900 | X14: 900 | Y14: 910 | Z14: 910 | AB14: Mercado | AC14: 480 | AD14: 460 | AE14: 460 | AF14: 460 | AG14: 460 | AH14: 450 | AI14: 450 | AJ14: 400 | AK14: 400 | AL14: 400 | AM14: 340 | AN14: 340 | AO14: 440 | AP14: 440 | AQ14: 440 | AR14: 480 | AS14: 480 | AT14: 480 | AU14: 480 | AV14: 740 | AW14: 740 | AX14: 760 | AY14: 760 | AZ14: 770 | BA14: 770 | BC14: Mercado | BD14: =B14-AC14 -> 100 | BE14: =C14-AD14 -> 90 | BF14: =D14-AE14 -> 90 | BG14: =E14-AF14 -> 90 | BH14: =F14-AG14 -> 90 | BI14: =G14-AH14 -> 90 | BJ14: =H14-AI14 -> 90 | BK14: =I14-AJ14 -> 90 | ... CB14: =Z14-BA14 -> 140
... A27: Coronel | B27: 970 | C27: 910 | D27: 910 | E27: 910 | F27: 910 | G27: 880 | H27: 880 | I27: 900 | J27: 900 | K27: 900 | L27: 910 | M27: 910 | N27: 790 | O27: 790 | P27: 790 | Q27: 650 | R27: 650 | S27: 650 | T27: 650 | U27: 530 | V27: 530 | W27: 450 | X27: 450 | Y27: 440 | Z27: 440 | AB27: Coronel | AC27: 830 | AD27: 770 | AE27: 770 | AF27: 770 | AG27: 770 | AH27: 740 | AI27: 740 | AJ27: 760 | AK27: 760 | AL27: 760 | AM27: 770 | AN27: 770 | AO27: 670 | AP27: 670 | AQ27: 670 | AR27: 530 | AS27: 530 | AT27: 530 | AU27: 530 | AV27: 440 | AW27: 440 | AX27: 350 | AY27: 350 | AZ27: 340 | BA27: 340 | BC27: Coronel | BD27: =B27-AC27 -> 140 | BE27: =C27-AD27 -> 140 | BF27: =D27-AE27 -> 140 | BG27: =E27-AF27 -> 140 | BH27: =F27-AG27 -> 140 | BI27: =G27-AH27 -> 140 | BJ27: =H27-AI27 -> 140 | BK27: =I27-AJ27 -> 140 | ... CB27: =Z27-BA27 -> 100
Z28: {=SUMPRODUCT(ABS((B3:Z27)-(TRANSPOSE(B3:Z27))))} -> 0
A29: Matriz Tarifaria Estudiante
A30: Estaciones | B30: Hualqui | C30: Leonera | D30: Manquimavida | E30: Pedro Medina | F30: Chiguayante | G30: Concepcion | H30: Lorenzo Arenas | I30: UTFSM | J30: Los Condores | K30: Higueras | L30: Arenal | M30: Mercado | N30: Juan Pablo II | O30: Diagonal Bio Bio | P30: Alborada | Q30: Costa Mar | R30: El Parque | S30: Lomas Coloradas | T30: Raul Silva H. | U30: Hito Galvarino | V30: Los Canelos | W30: Huinca | X30: Cristo Redentor | Y30: Lag.Quiñenco | Z30: Coronel | AB30: Estaciones | AC30: Hualqui | AD30: Leonera | AE30: Manquimavida | AF30: Pedro Medina | AG30: Chiguayante | AH30: Concepcion | AI30: Lorenzo Arenas | AJ30: UTFSM | AK30: Los Condores | AL30: Higueras | AM30: Arenal | AN30: Mercado | AO30: Juan Pablo II | AP30: Diagonal Bio Bio | AQ30: Alborada | AR30: Costa Mar | AS30: El Parque | AT30: Lomas Coloradas | AU30: Raul Silva H. | AV30: Hito Galvarino | AW30: Los Canelos | AX30: Huinca | AY30: Cristo Redentor | AZ30: Lag.Quiñenco | BA30: Coronel | BC30: Estaciones | BD30: Hualqui | BE30: Leonera | BF30: Manquimavida | BG30: Pedro Medina | BH30: Chiguayante | BI30: Concepcion | BJ30: Lorenzo Arenas | BK30: UTFSM | BL30: Los Condores | BM30: Higueras | BN30: Arenal | BO30: Mercado | BP30: Juan Pablo II | BQ30: Diagonal Bio Bio | BR30: Alborada | BS30: Costa Mar | BT30: El Parque | BU30: Lomas Coloradas | BV30: Raul Silva H. | BW30: Hito Galvarino | BX30: Los Canelos | BY30: Huinca | BZ30: Cristo Redentor | CA30: Lag.Quiñenco | CB30: Coronel
A31: Hualqui | B31: 140 | C31: 170 | D31: 170 | E31: 170 | F31: 170 | G31: 180 | H31: 180 | I31: 190 | J31: 190 | K31: 190 | L31: 190 | M31: 190 | N31: 200 | O31: 200 | P31: 200 | Q31: 200 | R31: 200 | S31: 200 | T31: 200 | U31: 300 | V31: 300 | W31: 320 | X31: 320 | Y31: 320 | Z31: 320 | AB31: Hualqui | AC31: 110 | AD31: 130 | AE31: 130 | AF31: 130 | AG31: 130 | AH31: 150 | AI31: 150 | AJ31: 160 | AK31: 160 | AL31: 160 | AM31: 160 | AN31: 160 | AO31: 160 | AP31: 160 | AQ31: 160 | AR31: 170 | AS31: 170 | AT31: 170 | AU31: 170 | AV31: 260 | AW31: 260 | AX31: 270 | AY31: 270 | AZ31: 280 | BA31: 280 | BC31: Hualqui | BD31: 110 | BE31: 130 | BF31: 130 | BG31: 130 | BH31: 130 | BI31: 150 | BJ31: 150 | BK31: 160 | BL31: 160 | BM31: 160 | BN31: 160 | BO31: 160 | BP31: 160 | BQ31: 160 | BR31: 160 | BS31: 170 | BT31: 170 | BU31: 170 | BV31: 170 | BW31: 260 | BX31: 260 | BY31: 270 | BZ31: 270 | CA31: 280 | CB31: 280
A32: Leonera | B32: 170 | C32: 140 | D32: 140 | E32: 140 | F32: 140 | G32: 170 | H32: 170 | I32: 180 | J32: 180 | K32: 180 | L32: 180 | M32: 180 | N32: 200 | O32: 200 | P32: 200 | Q32: 200 | R32: 200 | S32: 200 | T32: 200 | U32: 300 | V32: 300 | W32: 300 | X32: 300 | Y32: 300 | Z32: 300 | AB32: Leonera | AC32: 130 | AD32: 110 | AE32: 110 | AF32: 110 | AG32: 110 | AH32: 140 | AI32: 140 | AJ32: 150 | AK32: 150 | AL32: 150 | AM32: 160 | AN32: 160 | AO32: 160 | AP32: 160 | AQ32: 160 | AR32: 160 | AS32: 160 | AT32: 160 | AU32: 160 | AV32: 250 | AW32: 250 | AX32: 260 | AY32: 260 | AZ32: 260 | BA32: 260 | BC32: Leonera | BD32: 130 | BE32: 110 | BF32: 110 | BG32: 110 | BH32: 110 | BI32: 140 | BJ32: 140 | BK32: 150 | BL32: 150 | BM32: 150 | BN32: 160 | BO32: 160 | BP32: 160 | BQ32: 160 | BR32: 160 | BS32: 160 | BT32: 160 | BU32: 160 | BV32: 160 | BW32: 250 | BX32: 250 | BY32: 260 | BZ32: 260 | CA32: 260 | CB32: 260
A33: Manquimavida | B33: 170 | C33: 140 | D33: 140 | E33: 140 | F33: 140 | G33: 170 | H33: 170 | I33: 180 | J33: 180 | K33: 180 | L33: 180 | M33: 180 | N33: 200 | O33: 200 | P33: 200 | Q33: 200 | R33: 200 | S33: 200 | T33: 200 | U33: 300 | V33: 300 | W33: 300 | X33: 300 | Y33: 300 | Z33: 300 | AB33: Manquimavida | AC33: 130 | AD33: 110 | AE33: 110 | AF33: 110 | AG33: 110 | AH33: 140 | AI33: 140 | AJ33: 150 | AK33: 150 | AL33: 150 | AM33: 160 | AN33: 160 | AO33: 160 | AP33: 160 | AQ33: 160 | AR33: 160 | AS33: 160 | AT33: 160 | AU33: 160 | AV33: 250 | AW33: 250 | AX33: 260 | AY33: 260 | AZ33: 260 | BA33: 260 | BC33: Manquimavida | BD33: 130 | BE33: 110 | BF33: 110 | BG33: 110 | BH33: 110 | BI33: 140 | BJ33: 140 | BK33: 150 | BL33: 150 | BM33: 150 | BN33: 160 | BO33: 160 | BP33: 160 | BQ33: 160 | BR33: 160 | BS33: 160 | BT33: 160 | BU33: 160 | BV33: 160 | BW33: 250 | BX33: 250 | BY33: 260 | BZ33: 260 | CA33: 260 | CB33: 260
A34: Pedro Medina | B34: 170 | C34: 140 | D34: 140 | E34: 140 | F34: 140 | G34: 170 | H34: 170 | I34: 180 | J34: 180 | K34: 180 | L34: 180 | M34: 180 | N34: 200 | O34: 200 | P34: 200 | Q34: 200 | R34: 200 | S34: 200 | T34: 200 | U34: 300 | V34: 300 | W34: 300 | X34: 300 | Y34: 300 | Z34: 300 | AB34: Pedro Medina | AC34: 130 | AD34: 110 | AE34: 110 | AF34: 110 | AG34: 110 | AH34: 140 | AI34: 140 | AJ34: 150 | AK34: 150 | AL34: 150 | AM34: 160 | AN34: 160 | AO34: 160 | AP34: 160 | AQ34: 160 | AR34: 160 | AS34: 160 | AT34: 160 | AU34: 160 | AV34: 250 | AW34: 250 | AX34: 260 | AY34: 260 | AZ34: 260 | BA34: 260 | BC34: Pedro Medina | BD34: 130 | BE34: 110 | BF34: 110 | BG34: 110 | BH34: 110 | BI34: 140 | BJ34: 140 | BK34: 150 | BL34: 150 | BM34: 150 | BN34: 160 | BO34: 160 | BP34: 160 | BQ34: 160 | BR34: 160 | BS34: 160 | BT34: 160 | BU34: 160 | BV34: 160 | BW34: 250 | BX34: 250 | BY34: 260 | BZ34: 260 | CA34: 260 | CB34: 260
A35: Chiguayante | B35: 170 | C35: 140 | D35: 140 | E35: 140 | F35: 140 | G35: 170 | H35: 170 | I35: 180 | J35: 180 | K35: 180 | L35: 180 | M35: 180 | N35: 200 | O35: 200 | P35: 200 | Q35: 200 | R35: 200 | S35: 200 | T35: 200 | U35: 300 | V35: 300 | W35: 300 | X35: 300 | Y35: 300 | Z35: 300 | AB35: Chiguayante | AC35: 130 | AD35: 110 | AE35: 110 | AF35: 110 | AG35: 110 | AH35: 140 | AI35: 140 | AJ35: 150 | AK35: 150 | AL35: 150 | AM35: 160 | AN35: 160 | AO35: 160 | AP35: 160 | AQ35: 160 | AR35: 160 | AS35: 160 | AT35: 160 | AU35: 160 | AV35: 250 | AW35: 250 | AX35: 260 | AY35: 260 | AZ35: 260 | BA35: 260 | BC35: Chiguayante | BD35: 130 | BE35: 110 | BF35: 110 | BG35: 110 | BH35: 110 | BI35: 140 | BJ35: 140 | BK35: 150 | BL35: 150 | BM35: 150 | BN35: 160 | BO35: 160 | BP35: 160 | BQ35: 160 | BR35: 160 | BS35: 160 | BT35: 160 | BU35: 160 | BV35: 160 | BW35: 250 | BX35: 250 | BY35: 260 | BZ35: 260 | CA35: 260 | CB35: 260
A36: Concepcion | B36: 180 | C36: 170 | D36: 170 | E36: 170 | F36: 170 | G36: 140 | H36: 140 | I36: 170 | J36: 170 | K36: 170 | L36: 180 | M36: 180 | N36: 190 | O36: 190 | P36: 190 | Q36: 190 | R36: 190 | S36: 190 | T36: 190 | U36: 280 | V36: 280 | W36: 280 | X36: 280 | Y36: 290 | Z36: 290 | AB36: Concepcion | AC36: 150 | AD36: 140 | AE36: 140 | AF36: 140 | AG36: 140 | AH36: 110 | AI36: 110 | AJ36: 130 | AK36: 130 | AL36: 130 | AM36: 150 | AN36: 150 | AO36: 150 | AP36: 150 | AQ36: 150 | AR36: 160 | AS36: 160 | AT36: 160 | AU36: 160 | AV36: 240 | AW36: 240 | AX36: 240 | AY36: 240 | AZ36: 250 | BA36: 250 | BC36: Concepcion | BD36: 150 | BE36: 140 | BF36: 140 | BG36: 140 | BH36: 140 | BI36: 110 | BJ36: 110 | BK36: 130 | BL36: 130 | BM36: 130 | BN36: 150 | BO36: 150 | BP36: 150 | BQ36: 150 | BR36: 150 | BS36: 160 | BT36: 160 | BU36: 160 | BV36: 160 | BW36: 240 | BX36: 240 | BY36: 240 | BZ36: 240 | CA36: 250 | CB36: 250
A37: Lorenzo Arenas | B37: 180 | C37: 170 | D37: 170 | E37: 170 | F37: 170 | G37: 140 | H37: 140 | I37: 170 | J37: 170 | K37: 170 | L37: 180 | M37: 180 | N37: 190 | O37: 190 | P37: 190 | Q37: 190 | R37: 190 | S37: 190 | T37: 190 | U37: 280 | V37: 280 | W37: 280 | X37: 280 | Y37: 290 | Z37: 290 | AB37: Lorenzo Arenas | AC37: 150 | AD37: 140 | AE37: 140 | AF37: 140 | AG37: 140 | AH37: 110 | AI37: 110 | AJ37: 130 | AK37: 130 | AL37: 130 | AM37: 150 | AN37: 150 | AO37: 150 | AP37: 150 | AQ37: 150 | AR37: 160 | AS37: 160 | AT37: 160 | AU37: 160 | AV37: 240 | AW37: 240 | AX37: 240 | AY37: 240 | AZ37: 250 | BA37: 250 | BC37: Lorenzo Arenas | BD37: 150 | BE37: 140 | BF37: 140 | BG37: 140 | BH37: 140 | BI37: 110 | BJ37: 110 | BK37: 130 | BL37: 130 | BM37: 130 | BN37: 150 | BO37: 150 | BP37: 150 | BQ37: 150 | BR37: 150 | BS37: 160 | BT37: 160 | BU37: 160 | BV37: 160 | BW37: 240 | BX37: 240 | BY37: 240 | BZ37: 240 | CA37: 250 | CB37: 250
A38: UTFSM | B38: 190 | C38: 180 | D38: 180 | E38: 180 | F38: 180 | G38: 170 | H38: 170 | I38: 140 | J38: 140 | K38: 140 | L38: 160 | M38: 160 | N38: 190 | O38: 190 | P38: 190 | Q38: 200 | R38: 200 | S38: 200 | T38: 200 | U38: 290 | V38: 290 | W38: 290 | X38: 290 | Y38: 300 | Z38: 300 | AB38: UTFSM | AC38: 160 | AD38: 150 | AE38: 150 | AF38: 150 | AG38: 150 | AH38: 130 | AI38: 130 | AJ38: 110 | AK38: 110 | AL38: 110 | AM38: 130 | AN38: 130 | AO38: 150 | AP38: 150 | AQ38: 150 | AR38: 160 | AS38: 160 | AT38: 160 | AU38: 160 | AV38: 240 | AW38: 240 | AX38: 250 | AY38: 250 | AZ38: 250 | BA38: 250 | BC38: UTFSM | BD38: 160 | BE38: 150 | BF38: 150 | BG38: 150 | BH38: 150 | BI38: 130 | BJ38: 130 | BK38: 110 | BL38: 110 | BM38: 110 | BN38: 130 | BO38: 130 | BP38: 150 | BQ38: 150 | BR38: 150 | BS38: 160 | BT38: 160 | BU38: 160 | BV38: 160 | BW38: 240 | BX38: 240 | BY38: 250 | BZ38: 250 | CA38: 250 | CB38: 250
A39: Los Condores | B39: 190 | C39: 180 | D39: 180 | E39: 180 | F39: 180 | G39: 170 | H39: 170 | I39: 140 | J39: 140 | K39: 140 | L39: 160 | M39: 160 | N39: 190 | O39: 190 | P39: 190 | Q39: 200 | R39: 200 | S39: 200 | T39: 200 | U39: 290 | V39: 290 | W39: 290 | X39: 290 | Y39: 300 | Z39: 300 | AB39: Los Condores | AC39: 160 | AD39: 150 | AE39: 150 | AF39: 150 | AG39: 150 | AH39: 130 | AI39: 130 | AJ39: 110 | AK39: 110 | AL39: 110 | AM39: 130 | AN39: 130 | AO39: 150 | AP39: 150 | AQ39: 150 | AR39: 160 | AS39: 160 | AT39: 160 | AU39: 160 | AV39: 240 | AW39: 240 | AX39: 250 | AY39: 250 | AZ39: 250 | BA39: 250 | BC39: Los Condores | BD39: 160 | BE39: 150 | BF39: 150 | BG39: 150 | BH39: 150 | BI39: 130 | BJ39: 130 | BK39: 110 | BL39: 110 | BM39: 110 | BN39: 130 | BO39: 130 | BP39: 150 | BQ39: 150 | BR39: 150 | BS39: 160 | BT39: 160 | BU39: 160 | BV39: 160 | BW39: 240 | BX39: 240 | BY39: 250 | BZ39: 250 | CA39: 250 | CB39: 250
A40: Higueras | B40: 190 | C40: 180 | D40: 180 | E40: 180 | F40: 180 | G40: 170 | H40: 170 | I40: 140 | J40: 140 | K40: 140 | L40: 160 | M40: 160 | N40: 190 | O40: 190 | P40: 190 | Q40: 200 | R40: 200 | S40: 200 | T40: 200 | U40: 290 | V40: 290 | W40: 290 | X40: 290 | Y40: 300 | Z40: 300 | AB40: Higueras | AC40: 160 | AD40: 150 | AE40: 150 | AF40: 150 | AG40: 150 | AH40: 130 | AI40: 130 | AJ40: 110 | AK40: 110 | AL40: 110 | AM40: 130 | AN40: 130 | AO40: 150 | AP40: 150 | AQ40: 150 | AR40: 160 | AS40: 160 | AT40: 160 | AU40: 160 | AV40: 240 | AW40: 240 | AX40: 250 | AY40: 250 | AZ40: 250 | BA40: 250 | BC40: Higueras | BD40: 160 | BE40: 150 | BF40: 150 | BG40: 150 | BH40: 150 | BI40: 130 | BJ40: 130 | BK40: 110 | BL40: 110 | BM40: 110 | BN40: 130 | BO40: 130 | BP40: 150 | BQ40: 150 | BR40: 150 | BS40: 160 | BT40: 160 | BU40: 160 | BV40: 160 | BW40: 240 | BX40: 240 | BY40: 250 | BZ40: 250 | CA40: 250 | CB40: 250
A41: Arenal | B41: 190 | C41: 180 | D41: 180 | E41: 180 | F41: 180 | G41: 180 | H41: 180 | I41: 160 | J41: 160 | K41: 160 | L41: 140 | M41: 140 | N41: 190 | O41: 190 | P41: 190 | Q41: 200 | R41: 200 | S41: 200 | T41: 200 | U41: 290 | V41: 290 | W41: 300 | X41: 300 | Y41: 300 | Z41: 300 | AB41: Arenal | AC41: 160 | AD41: 160 | AE41: 160 | AF41: 160 | AG41: 160 | AH41: 150 | AI41: 150 | AJ41: 130 | AK41: 130 | AL41: 130 | AM41: 110 | AN41: 110 | AO41: 150 | AP41: 150 | AQ41: 150 | AR41: 160 | AS41: 160 | AT41: 160 | AU41: 160 | AV41: 250 | AW41: 250 | AX41: 250 | AY41: 250 | AZ41: 260 | BA41: 260 | BC41: Arenal | BD41: 160 | BE41: 160 | BF41: 160 | BG41: 160 | BH41: 160 | BI41: 150 | BJ41: 150 | BK41: 130 | BL41: 130 | BM41: 130 | BN41: 110 | BO41: 110 | BP41: 150 | BQ41: 150 | BR41: 150 | BS41: 160 | BT41: 160 | BU41: 160 | BV41: 160 | BW41: 250 | BX41: 250 | BY41: 250 | BZ41: 250 | CA41: 260 | CB41: 260
A42: Mercado | B42: 190 | C42: 180 | D42: 180 | E42: 180 | F42: 180 | G42: 180 | H42: 180 | I42: 160 | J42: 160 | K42: 160 | L42: 140 | M42: 140 | N42: 190 | O42: 190 | P42: 190 | Q42: 200 | R42: 200 | S42: 200 | T42: 200 | U42: 290 | V42: 290 | W42: 300 | X42: 300 | Y42: 300 | Z42: 300 | AB42: Mercado | AC42: 160 | AD42: 160 | AE42: 160 | AF42: 160 | AG42: 160 | AH42: 150 | AI42: 150 | AJ42: 130 | AK42: 130 | AL42: 130 | AM42: 110 | AN42: 110 | AO42: 150 | AP42: 150 | AQ42: 150 | AR42: 160 | AS42: 160 | AT42: 160 | AU42: 160 | AV42: 250 | AW42: 250 | AX42: 250 | AY42: 250 | AZ42: 260 | BA42: 260 | BC42: Mercado | BD42: 160 | BE42: 160 | BF42: 160 | BG42: 160 | BH42: 160 | BI42: 150 | BJ42: 150 | BK42: 130 | BL42: 130 | BM42: 130 | BN42: 110 | BO42: 110 | BP42: 150 | BQ42: 150 | BR42: 150 | BS42: 160 | BT42: 160 | BU42: 160 | BV42: 160 | BW42: 250 | BX42: 250 | BY42: 250 | BZ42: 250 | CA42: 260 | CB42: 260
... A55: Coronel | B55: 320 | C55: 300 | D55: 300 | E55: 300 | F55: 300 | G55: 290 | H55: 290 | I55: 300 | J55: 300 | K55: 300 | L55: 300 | M55: 300 | N55: 260 | O55: 260 | P55: 260 | Q55: 220 | R55: 220 | S55: 220 | T55: 220 | U55: 180 | V55: 180 | W55: 150 | X55: 150 | Y55: 150 | Z55: 150 | AB55: Coronel | AC55: 280 | AD55: 260 | AE55: 260 | AF55: 260 | AG55: 260 | AH55: 250 | AI55: 250 | AJ55: 250 | AK55: 250 | AL55: 250 | AM55: 260 | AN55: 260 | AO55: 220 | AP55: 220 | AQ55: 220 | AR55: 180 | AS55: 180 | AT55: 180 | AU55: 180 | AV55: 150 | AW55: 150 | AX55: 120 | AY55: 120 | AZ55: 110 | BA55: 110 | BC55: Coronel | BD55: 280 | BE55: 260 | BF55: 260 | BG55: 260 | BH55: 260 | BI55: 250 | BJ55: 250 | BK55: 250 | BL55: 250 | BM55: 250 | BN55: 260 | BO55: 260 | BP55: 220 | BQ55: 220 | BR55: 220 | BS55: 180 | BT55: 180 | BU55: 180 | BV55: 180 | BW55: 150 | BX55: 150 | BY55: 120 | BZ55: 120 | CA55: 110 | CB55: 110
Z56: {=SUMPRODUCT(ABS((B31:Z55)-(TRANSPOSE(B31:Z55))))} -> 0
A57: Matriz Tarifaria Tercera Edad
A58: Estaciones | B58: Hualqui | C58: Leonera | D58: Manquimavida | E58: Pedro Medina | F58: Chiguayante | G58: Concepcion | H58: Lorenzo Arenas | I58: UTFSM | J58: Los Condores | K58: Higueras | L58: Arenal | M58: Mercado | N58: Juan Pablo II | O58: Diagonal Bio Bio | P58: Alborada | Q58: Costa Mar | R58: El Parque | S58: Lomas Coloradas | T58: Raul Silva H. | U58: Hito Galvarino | V58: Los Canelos | W58: Huinca | X58: Cristo Redentor | Y58: Lag.Quiñenco | Z58: Coronel | AB58: Estaciones | AC58: Hualqui | AD58: Leonera | AE58: Manquimavida | AF58: Pedro Medina | AG58: Chiguayante | AH58: Concepcion | AI58: Lorenzo Arenas | AJ58: UTFSM | AK58: Los Condores | AL58: Higueras | AM58: Arenal | AN58: Mercado | AO58: Juan Pablo II | AP58: Diagonal Bio Bio | AQ58: Alborada | AR58: Costa Mar | AS58: El Parque | AT58: Lomas Coloradas | AU58: Raul Silva H. | AV58: Hito Galvarino | AW58: Los Canelos | AX58: Huinca | AY58: Cristo Redentor | AZ58: Lag.Quiñenco | BA58: Coronel | BC58: Estaciones | BD58: Hualqui | BE58: Leonera | BF58: Manquimavida | BG58: Pedro Medina | BH58: Chiguayante | BI58: Concepcion | BJ58: Lorenzo Arenas | BK58: UTFSM | BL58: Los Condores | BM58: Higueras | BN58: Arenal | BO58: Mercado | BP58: Juan Pablo II | BQ58: Diagonal Bio Bio | BR58: Alborada | BS58: Costa Mar | BT58: El Parque | BU58: Lomas Coloradas | BV58: Raul Silva H. | BW58: Hito Galvarino | BX58: Los Canelos | BY58: Huinca | BZ58: Cristo Redentor | CA58: Lag.Quiñenco | CB58: Coronel
A59: Hualqui | B59: 220 | C59: 250 | D59: 250 | E59: 250 | F59: 250 | G59: 280 | H59: 280 | I59: 280 | J59: 280 | K59: 280 | L59: 290 | M59: 290 | N59: 300 | O59: 300 | P59: 300 | Q59: 300 | R59: 300 | S59: 300 | T59: 300 | U59: 460 | V59: 460 | W59: 480 | X59: 480 | Y59: 490 | Z59: 490 | AB59: Hualqui | AC59: 170 | AD59: 200 | AE59: 200 | AF59: 200 | AG59: 200 | AH59: 230 | AI59: 230 | AJ59: 230 | AK59: 230 | AL59: 230 | AM59: 240 | AN59: 240 | AO59: 240 | AP59: 240 | AQ59: 240 | AR59: 250 | AS59: 250 | AT59: 250 | AU59: 250 | AV59: 390 | AW59: 390 | AX59: 410 | AY59: 410 | AZ59: 410 | BA59: 410 | BC59: Hualqui | BD59: 170 | BE59: 200 | BF59: 200 | BG59: 200 | BH59: 200 | BI59: 230 | BJ59: 230 | BK59: 230 | BL59: 230 | BM59: 230 | BN59: 240 | BO59: 240 | BP59: 240 | BQ59: 240 | BR59: 240 | BS59: 250 | BT59: 250 | BU59: 250 | BV59: 250 | BW59: 390 | BX59: 390 | BY59: 410 | BZ59: 410 | CA59: 410 | CB59: 410
A60: Leonera | B60: 250 | C60: 210 | D60: 210 | E60: 210 | F60: 210 | G60: 260 | H60: 260 | I60: 270 | J60: 270 | K60: 270 | L60: 280 | M60: 280 | N60: 300 | O60: 300 | P60: 300 | Q60: 300 | R60: 300 | S60: 300 | T60: 300 | U60: 450 | V60: 450 | W60: 460 | X60: 460 | Y60: 460 | Z60: 460 | AB60: Leonera | AC60: 200 | AD60: 170 | AE60: 170 | AF60: 170 | AG60: 170 | AH60: 210 | AI60: 210 | AJ60: 230 | AK60: 230 | AL60: 230 | AM60: 230 | AN60: 230 | AO60: 240 | AP60: 240 | AQ60: 240 | AR60: 240 | AS60: 240 | AT60: 240 | AU60: 240 | AV60: 380 | AW60: 380 | AX60: 390 | AY60: 390 | AZ60: 390 | BA60: 390 | BC60: Leonera | BD60: 200 | BE60: 170 | BF60: 170 | BG60: 170 | BH60: 170 | BI60: 210 | BJ60: 210 | BK60: 230 | BL60: 230 | BM60: 230 | BN60: 230 | BO60: 230 | BP60: 240 | BQ60: 240 | BR60: 240 | BS60: 240 | BT60: 240 | BU60: 240 | BV60: 240 | BW60: 380 | BX60: 380 | BY60: 390 | BZ60: 390 | CA60: 390 | CB60: 390
A61: Manquimavida | B61: 250 | C61: 210 | D61: 210 | E61: 210 | F61: 210 | G61: 260 | H61: 260 | I61: 270 | J61: 270 | K61: 270 | L61: 280 | M61: 280 | N61: 300 | O61: 300 | P61: 300 | Q61: 300 | R61: 300 | S61: 300 | T61: 300 | U61: 450 | V61: 450 | W61: 460 | X61: 460 | Y61: 460 | Z61: 460 | AB61: Manquimavida | AC61: 200 | AD61: 170 | AE61: 170 | AF61: 170 | AG61: 170 | AH61: 210 | AI61: 210 | AJ61: 230 | AK61: 230 | AL61: 230 | AM61: 230 | AN61: 230 | AO61: 240 | AP61: 240 | AQ61: 240 | AR61: 240 | AS61: 240 | AT61: 240 | AU61: 240 | AV61: 380 | AW61: 380 | AX61: 390 | AY61: 390 | AZ61: 390 | BA61: 390 | BC61: Manquimavida | BD61: 200 | BE61: 170 | BF61: 170 | BG61: 170 | BH61: 170 | BI61: 210 | BJ61: 210 | BK61: 230 | BL61: 230 | BM61: 230 | BN61: 230 | BO61: 230 | BP61: 240 | BQ61: 240 | BR61: 240 | BS61: 240 | BT61: 240 | BU61: 240 | BV61: 240 | BW61: 380 | BX61: 380 | BY61: 390 | BZ61: 390 | CA61: 390 | CB61: 390
A62: Pedro Medina | B62: 250 | C62: 210 | D62: 210 | E62: 210 | F62: 210 | G62: 260 | H62: 260 | I62: 270 | J62: 270 | K62: 270 | L62: 280 | M62: 280 | N62: 300 | O62: 300 | P62: 300 | Q62: 300 | R62: 300 | S62: 300 | T62: 300 | U62: 450 | V62: 450 | W62: 460 | X62: 460 | Y62: 460 | Z62: 460 | AB62: Pedro Medina | AC62: 200 | AD62: 170 | AE62: 170 | AF62: 170 | AG62: 170 | AH62: 210 | AI62: 210 | AJ62: 230 | AK62: 230 | AL62: 230 | AM62: 230 | AN62: 230 | AO62: 240 | AP62: 240 | AQ62: 240 | AR62: 240 | AS62: 240 | AT62: 240 | AU62: 240 | AV62: 380 | AW62: 380 | AX62: 390 | AY62: 390 | AZ62: 390 | BA62: 390 | BC62: Pedro Medina | BD62: 200 | BE62: 170 | BF62: 170 | BG62: 170 | BH62: 170 | BI62: 210 | BJ62: 210 | BK62: 230 | BL62: 230 | BM62: 230 | BN62: 230 | BO62: 230 | BP62: 240 | BQ62: 240 | BR62: 240 | BS62: 240 | BT62: 240 | BU62: 240 | BV62: 240 | BW62: 380 | BX62: 380 | BY62: 390 | BZ62: 390 | CA62: 390 | CB62: 390
A63: Chiguayante | B63: 250 | C63: 210 | D63: 210 | E63: 210 | F63: 210 | G63: 260 | H63: 260 | I63: 270 | J63: 270 | K63: 270 | L63: 280 | M63: 280 | N63: 300 | O63: 300 | P63: 300 | Q63: 300 | R63: 300 | S63: 300 | T63: 300 | U63: 450 | V63: 450 | W63: 460 | X63: 460 | Y63: 460 | Z63: 460 | AB63: Chiguayante | AC63: 200 | AD63: 170 | AE63: 170 | AF63: 170 | AG63: 170 | AH63: 210 | AI63: 210 | AJ63: 230 | AK63: 230 | AL63: 230 | AM63: 230 | AN63: 230 | AO63: 240 | AP63: 240 | AQ63: 240 | AR63: 240 | AS63: 240 | AT63: 240 | AU63: 240 | AV63: 380 | AW63: 380 | AX63: 390 | AY63: 390 | AZ63: 390 | BA63: 390 | BC63: Chiguayante | BD63: 200 | BE63: 170 | BF63: 170 | BG63: 170 | BH63: 170 | BI63: 210 | BJ63: 210 | BK63: 230 | BL63: 230 | BM63: 230 | BN63: 230 | BO63: 230 | BP63: 240 | BQ63: 240 | BR63: 240 | BS63: 240 | BT63: 240 | BU63: 240 | BV63: 240 | BW63: 380 | BX63: 380 | BY63: 390 | BZ63: 390 | CA63: 390 | CB63: 390
A64: Concepcion | B64: 280 | C64: 260 | D64: 260 | E64: 260 | F64: 260 | G64: 210 | H64: 210 | I64: 250 | J64: 250 | K64: 250 | L64: 270 | M64: 270 | N64: 290 | O64: 290 | P64: 290 | Q64: 290 | R64: 290 | S64: 290 | T64: 290 | U64: 430 | V64: 430 | W64: 430 | X64: 430 | Y64: 440 | Z64: 440 | AB64: Concepcion | AC64: 230 | AD64: 210 | AE64: 210 | AF64: 210 | AG64: 210 | AH64: 170 | AI64: 170 | AJ64: 200 | AK64: 200 | AL64: 200 | AM64: 230 | AN64: 230 | AO64: 230 | AP64: 230 | AQ64: 230 | AR64: 230 | AS64: 230 | AT64: 230 | AU64: 230 | AV64: 360 | AW64: 360 | AX64: 360 | AY64: 360 | AZ64: 370 | BA64: 370 | BC64: Concepcion | BD64: 230 | BE64: 210 | BF64: 210 | BG64: 210 | BH64: 210 | BI64: 170 | BJ64: 170 | BK64: 200 | BL64: 200 | BM64: 200 | BN64: 230 | BO64: 230 | BP64: 230 | BQ64: 230 | BR64: 230 | BS64: 230 | BT64: 230 | BU64: 230 | BV64: 230 | BW64: 360 | BX64: 360 | BY64: 360 | BZ64: 360 | CA64: 370 | CB64: 370
A65: Lorenzo Arenas | B65: 280 | C65: 260 | D65: 260 | E65: 260 | F65: 260 | G65: 210 | H65: 210 | I65: 250 | J65: 250 | K65: 250 | L65: 270 | M65: 270 | N65: 290 | O65: 290 | P65: 290 | Q65: 290 | R65: 290 | S65: 290 | T65: 290 | U65: 430 | V65: 430 | W65: 430 | X65: 430 | Y65: 440 | Z65: 440 | AB65: Lorenzo Arenas | AC65: 230 | AD65: 210 | AE65: 210 | AF65: 210 | AG65: 210 | AH65: 170 | AI65: 170 | AJ65: 200 | AK65: 200 | AL65: 200 | AM65: 230 | AN65: 230 | AO65: 230 | AP65: 230 | AQ65: 230 | AR65: 230 | AS65: 230 | AT65: 230 | AU65: 230 | AV65: 360 | AW65: 360 | AX65: 360 | AY65: 360 | AZ65: 370 | BA65: 370 | BC65: Lorenzo Arenas | BD65: 230 | BE65: 210 | BF65: 210 | BG65: 210 | BH65: 210 | BI65: 170 | BJ65: 170 | BK65: 200 | BL65: 200 | BM65: 200 | BN65: 230 | BO65: 230 | BP65: 230 | BQ65: 230 | BR65: 230 | BS65: 230 | BT65: 230 | BU65: 230 | BV65: 230 | BW65: 360 | BX65: 360 | BY65: 360 | BZ65: 360 | CA65: 370 | CB65: 370
A66: UTFSM | B66: 280 | C66: 270 | D66: 270 | E66: 270 | F66: 270 | G66: 250 | H66: 250 | I66: 210 | J66: 210 | K66: 210 | L66: 250 | M66: 250 | N66: 280 | O66: 280 | P66: 280 | Q66: 300 | R66: 300 | S66: 300 | T66: 300 | U66: 440 | V66: 440 | W66: 440 | X66: 440 | Y66: 450 | Z66: 450 | AB66: UTFSM | AC66: 230 | AD66: 230 | AE66: 230 | AF66: 230 | AG66: 230 | AH66: 200 | AI66: 200 | AJ66: 170 | AK66: 170 | AL66: 170 | AM66: 200 | AN66: 200 | AO66: 220 | AP66: 220 | AQ66: 220 | AR66: 240 | AS66: 240 | AT66: 240 | AU66: 240 | AV66: 370 | AW66: 370 | AX66: 370 | AY66: 370 | AZ66: 380 | BA66: 380 | BC66: UTFSM | BD66: 230 | BE66: 230 | BF66: 230 | BG66: 230 | BH66: 230 | BI66: 200 | BJ66: 200 | BK66: 170 | BL66: 170 | BM66: 170 | BN66: 200 | BO66: 200 | BP66: 220 | BQ66: 220 | BR66: 220 | BS66: 240 | BT66: 240 | BU66: 240 | BV66: 240 | BW66: 370 | BX66: 370 | BY66: 370 | BZ66: 370 | CA66: 380 | CB66: 380
A67: Los Condores | B67: 280 | C67: 270 | D67: 270 | E67: 270 | F67: 270 | G67: 250 | H67: 250 | I67: 210 | J67: 210 | K67: 210 | L67: 250 | M67: 250 | N67: 280 | O67: 280 | P67: 280 | Q67: 300 | R67: 300 | S67: 300 | T67: 300 | U67: 440 | V67: 440 | W67: 440 | X67: 440 | Y67: 450 | Z67: 450 | AB67: Los Condores | AC67: 230 | AD67: 230 | AE67: 230 | AF67: 230 | AG67: 230 | AH67: 200 | AI67: 200 | AJ67: 170 | AK67: 170 | AL67: 170 | AM67: 200 | AN67: 200 | AO67: 220 | AP67: 220 | AQ67: 220 | AR67: 240 | AS67: 240 | AT67: 240 | AU67: 240 | AV67: 370 | AW67: 370 | AX67: 370 | AY67: 370 | AZ67: 380 | BA67: 380 | BC67: Los Condores | BD67: 230 | BE67: 230 | BF67: 230 | BG67: 230 | BH67: 230 | BI67: 200 | BJ67: 200 | BK67: 170 | BL67: 170 | BM67: 170 | BN67: 200 | BO67: 200 | BP67: 220 | BQ67: 220 | BR67: 220 | BS67: 240 | BT67: 240 | BU67: 240 | BV67: 240 | BW67: 370 | BX67: 370 | BY67: 370 | BZ67: 370 | CA67: 380 | CB67: 380
A68: Higueras | B68: 280 | C68: 270 | D68: 270 | E68: 270 | F68: 270 | G68: 250 | H68: 250 | I68: 210 | J68: 210 | K68: 210 | L68: 250 | M68: 250 | N68: 280 | O68: 280 | P68: 280 | Q68: 300 | R68: 300 | S68: 300 | T68: 300 | U68: 440 | V68: 440 | W68: 440 | X68: 440 | Y68: 450 | Z68: 450 | AB68: Higueras | AC68: 230 | AD68: 230 | AE68: 230 | AF68: 230 | AG68: 230 | AH68: 200 | AI68: 200 | AJ68: 170 | AK68: 170 | AL68: 170 | AM68: 200 | AN68: 200 | AO68: 220 | AP68: 220 | AQ68: 220 | AR68: 240 | AS68: 240 | AT68: 240 | AU68: 240 | AV68: 370 | AW68: 370 | AX68: 370 | AY68: 370 | AZ68: 380 | BA68: 380 | BC68: Higueras | BD68: 230 | BE68: 230 | BF68: 230 | BG68: 230 | BH68: 230 | BI68: 200 | BJ68: 200 | BK68: 170 | BL68: 170 | BM68: 170 | BN68: 200 | BO68: 200 | BP68: 220 | BQ68: 220 | BR68: 220 | BS68: 240 | BT68: 240 | BU68: 240 | BV68: 240 | BW68: 370 | BX68: 370 | BY68: 370 | BZ68: 370 | CA68: 380 | CB68: 380
A69: Arenal | B69: 290 | C69: 280 | D69: 280 | E69: 280 | F69: 280 | G69: 270 | H69: 270 | I69: 250 | J69: 250 | K69: 250 | L69: 210 | M69: 210 | N69: 280 | O69: 280 | P69: 280 | Q69: 300 | R69: 300 | S69: 300 | T69: 300 | U69: 440 | V69: 440 | W69: 450 | X69: 450 | Y69: 460 | Z69: 460 | AB69: Arenal | AC69: 240 | AD69: 230 | AE69: 230 | AF69: 230 | AG69: 230 | AH69: 230 | AI69: 230 | AJ69: 200 | AK69: 200 | AL69: 200 | AM69: 170 | AN69: 170 | AO69: 220 | AP69: 220 | AQ69: 220 | AR69: 240 | AS69: 240 | AT69: 240 | AU69: 240 | AV69: 370 | AW69: 370 | AX69: 380 | AY69: 380 | AZ69: 390 | BA69: 390 | BC69: Arenal | BD69: 240 | BE69: 230 | BF69: 230 | BG69: 230 | BH69: 230 | BI69: 230 | BJ69: 230 | BK69: 200 | BL69: 200 | BM69: 200 | BN69: 170 | BO69: 170 | BP69: 220 | BQ69: 220 | BR69: 220 | BS69: 240 | BT69: 240 | BU69: 240 | BV69: 240 | BW69: 370 | BX69: 370 | BY69: 380 | BZ69: 380 | CA69: 390 | CB69: 390
A70: Mercado | B70: 290 | C70: 280 | D70: 280 | E70: 280 | F70: 280 | G70: 270 | H70: 270 | I70: 250 | J70: 250 | K70: 250 | L70: 210 | M70: 210 | N70: 280 | O70: 280 | P70: 280 | Q70: 300 | R70: 300 | S70: 300 | T70: 300 | U70: 440 | V70: 440 | W70: 450 | X70: 450 | Y70: 460 | Z70: 460 | AB70: Mercado | AC70: 240 | AD70: 230 | AE70: 230 | AF70: 230 | AG70: 230 | AH70: 230 | AI70: 230 | AJ70: 200 | AK70: 200 | AL70: 200 | AM70: 170 | AN70: 170 | AO70: 220 | AP70: 220 | AQ70: 220 | AR70: 240 | AS70: 240 | AT70: 240 | AU70: 240 | AV70: 370 | AW70: 370 | AX70: 380 | AY70: 380 | AZ70: 390 | BA70: 390 | BC70: Mercado | BD70: 240 | BE70: 230 | BF70: 230 | BG70: 230 | BH70: 230 | BI70: 230 | BJ70: 230 | BK70: 200 | BL70: 200 | BM70: 200 | BN70: 170 | BO70: 170 | BP70: 220 | BQ70: 220 | BR70: 220 | BS70: 240 | BT70: 240 | BU70: 240 | BV70: 240 | BW70: 370 | BX70: 370 | BY70: 380 | BZ70: 380 | CA70: 390 | CB70: 390
... A83: Coronel | B83: 490 | C83: 460 | D83: 460 | E83: 460 | F83: 460 | G83: 440 | H83: 440 | I83: 450 | J83: 450 | K83: 450 | L83: 460 | M83: 460 | N83: 400 | O83: 400 | P83: 400 | Q83: 330 | R83: 330 | S83: 330 | T83: 330 | U83: 270 | V83: 270 | W83: 230 | X83: 230 | Y83: 220 | Z83: 220 | AB83: Coronel | AC83: 410 | AD83: 390 | AE83: 390 | AF83: 390 | AG83: 390 | AH83: 370 | AI83: 370 | AJ83: 380 | AK83: 380 | AL83: 380 | AM83: 390 | AN83: 390 | AO83: 340 | AP83: 340 | AQ83: 340 | AR83: 270 | AS83: 270 | AT83: 270 | AU83: 270 | AV83: 220 | AW83: 220 | AX83: 180 | AY83: 180 | AZ83: 170 | BA83: 170 | BC83: Coronel | BD83: 410 | BE83: 390 | BF83: 390 | BG83: 390 | BH83: 390 | BI83: 370 | BJ83: 370 | BK83: 380 | BL83: 380 | BM83: 380 | BN83: 390 | BO83: 390 | BP83: 340 | BQ83: 340 | BR83: 340 | BS83: 270 | BT83: 270 | BU83: 270 | BV83: 270 | BW83: 220 | BX83: 220 | BY83: 180 | BZ83: 180 | CA83: 170 | CB83: 170
Z84: {=SUMPRODUCT(ABS((B59:Z83)-(TRANSPOSE(B59:Z83))))} -> 0

Sheet CortoLaja 2026
A1: Matriz Tarifaria Adulto
A2: Estaciónes | B2: Mercado | C2: Arenal | D2: Higueras | E2: Los Condores | F2: UTFSM | G2: Lorenzo Arenas | H2: Concepción | I2: Chiguayante | J2: Predro Medina | K2: Manquimávida | L2: La leonera | M2: Hualqui | N2: Quilacoya | O2: San Miguel | P2: Unihue | Q2: Valle Chanco | R2: Los Acacios | S2: Talcamávida | T2: Gomero | U2: Buenuraqui | V2: San Rosendo | W2: Laja
A3: Mercado | B3: 0 | C3: 550 | D3: 550 | E3: 550 | F3: 550 | G3: 550 | H3: 550 | I3: 550 | J3: 550 | K3: 550 | L3: 550 | M3: 550 | N3: 1170 | O3: 1170 | P3: 1300 | Q3: 1300 | R3: 1300 | S3: 1300 | T3: 1300 | U3: 2030 | V3: 2170 | W3: 2170
A4: Arenal | B4: 550 | C4: 0 | D4: 550 | E4: 550 | F4: 550 | G4: 550 | H4: 550 | I4: 550 | J4: 550 | K4: 550 | L4: 550 | M4: 550 | N4: 1170 | O4: 1170 | P4: 1300 | Q4: 1300 | R4: 1300 | S4: 1300 | T4: 1300 | U4: 2030 | V4: 2170 | W4: 2170
A5: Higueras | B5: 550 | C5: 550 | D5: 0 | E5: 550 | F5: 550 | G5: 550 | H5: 550 | I5: 550 | J5: 550 | K5: 550 | L5: 550 | M5: 550 | N5: 1170 | O5: 1170 | P5: 1300 | Q5: 1300 | R5: 1300 | S5: 1300 | T5: 1300 | U5: 2030 | V5: 2170 | W5: 2170
A6: Los Condores | B6: 550 | C6: 550 | D6: 550 | E6: 0 | F6: 550 | G6: 550 | H6: 550 | I6: 550 | J6: 550 | K6: 550 | L6: 550 | M6: 550 | N6: 1170 | O6: 1170 | P6: 1300 | Q6: 1300 | R6: 1300 | S6: 1300 | T6: 1300 | U6: 2030 | V6: 2170 | W6: 2170
A7: UTFSM | B7: 550 | C7: 550 | D7: 550 | E7: 550 | F7: 0 | G7: 550 | H7: 550 | I7: 550 | J7: 550 | K7: 550 | L7: 550 | M7: 550 | N7: 1170 | O7: 1170 | P7: 1300 | Q7: 1300 | R7: 1300 | S7: 1300 | T7: 1300 | U7: 2030 | V7: 2170 | W7: 2170
A8: Lorenzo Arenas | B8: 550 | C8: 550 | D8: 550 | E8: 550 | F8: 550 | G8: 0 | H8: 550 | I8: 550 | J8: 550 | K8: 550 | L8: 550 | M8: 550 | N8: 1170 | O8: 1170 | P8: 1300 | Q8: 1300 | R8: 1300 | S8: 1300 | T8: 1300 | U8: 2030 | V8: 2170 | W8: 2170
A9: Concepción | B9: 550 | C9: 550 | D9: 550 | E9: 550 | F9: 550 | G9: 550 | H9: 0 | I9: 550 | J9: 550 | K9: 550 | L9: 550 | M9: 550 | N9: 1170 | O9: 1170 | P9: 1300 | Q9: 1300 | R9: 1300 | S9: 1300 | T9: 1300 | U9: 2030 | V9: 2170 | W9: 2170
A10: Chiguayante | B10: 550 | C10: 550 | D10: 550 | E10: 550 | F10: 550 | G10: 550 | H10: 550 | I10: 0 | J10: 550 | K10: 550 | L10: 550 | M10: 550 | N10: 1170 | O10: 1170 | P10: 1300 | Q10: 1300 | R10: 1300 | S10: 1300 | T10: 1300 | U10: 2030 | V10: 2170 | W10: 2170
A11: Pedro Medina | B11: 550 | C11: 550 | D11: 550 | E11: 550 | F11: 550 | G11: 550 | H11: 550 | I11: 550 | J11: 0 | K11: 550 | L11: 550 | M11: 550 | N11: 1170 | O11: 1170 | P11: 1300 | Q11: 1300 | R11: 1300 | S11: 1300 | T11: 1300 | U11: 2030 | V11: 2170 | W11: 2170
A12: Manquimávida | B12: 550 | C12: 550 | D12: 550 | E12: 550 | F12: 550 | G12: 550 | H12: 550 | I12: 550 | J12: 550 | K12: 0 | L12: 550 | M12: 550 | N12: 1170 | O12: 1170 | P12: 1300 | Q12: 1300 | R12: 1300 | S12: 1300 | T12: 1300 | U12: 2030 | V12: 2170 | W12: 2170
A13: La Leonera | B13: 550 | C13: 550 | D13: 550 | E13: 550 | F13: 550 | G13: 550 | H13: 550 | I13: 550 | J13: 550 | K13: 550 | L13: 0 | M13: 550 | N13: 1170 | O13: 1170 | P13: 1300 | Q13: 1300 | R13: 1300 | S13: 1300 | T13: 1300 | U13: 2030 | V13: 2170 | W13: 2170
A14: Hualqui | B14: 550 | C14: 550 | D14: 550 | E14: 550 | F14: 550 | G14: 550 | H14: 550 | I14: 550 | J14: 550 | K14: 550 | L14: 550 | M14: 0 | N14: 650 | O14: 650 | P14: 1300 | Q14: 1300 | R14: 1300 | S14: 1300 | T14: 1300 | U14: 2030 | V14: 2170 | W14: 2170
... A24: Laja | B24: 2170 | C24: 2170 | D24: 2170 | E24: 2170 | F24: 2170 | G24: 2170 | H24: 2170 | I24: 2170 | J24: 2170 | K24: 2170 | L24: 2170 | M24: 2170 | N24: 1840 | O24: 1840 | P24: 1200 | Q24: 1200 | R24: 1200 | S24: 1200 | T24: 1200 | U24: 1200 | V24: 650 | W24: 0
A25: 0.5
A26: Matriz Tarifaria Estudiante Media y Superior
A27: Estaciónes | B27: Mercado | C27: Arenal | D27: Higueras | E27: Los Condores | F27: UTFSM | G27: Lorenzo Arenas | H27: Concepción | I27: Chiguayante | J27: Predro Medina | K27: Manquimávida | L27: La leonera | M27: Hualqui | N27: Quilacoya | O27: San Miguel | P27: Unihue | Q27: Valle Chanco | R27: Los Acacios | S27: Talcamávida | T27: Gomero | U27: Buenuraqui | V27: San Rosendo | W27: Laja
A28: Mercado | B28: =MROUND(B3*$A$25,10) -> 0 | C28: =MROUND(C3*$A$25,10) -> 280 | D28: =MROUND(D3*$A$25,10) -> 280 | E28: =MROUND(E3*$A$25,10) -> 280 | F28: =MROUND(F3*$A$25,10) -> 280 | G28: =MROUND(G3*$A$25,10) -> 280 | H28: =MROUND(H3*$A$25,10) -> 280 | I28: =MROUND(I3*$A$25,10) -> 280 | ... W28: =MROUND(W3*$A$25,10) -> 1090
A29: Arenal | B29: =MROUND(B4*$A$25,10) -> 280 | C29: =MROUND(C4*$A$25,10) -> 0 | D29: =MROUND(D4*$A$25,10) -> 280 | E29: =MROUND(E4*$A$25,10) -> 280 | F29: =MROUND(F4*$A$25,10) -> 280 | G29: =MROUND(G4*$A$25,10) -> 280 | H29: =MROUND(H4*$A$25,10) -> 280 | I29: =MROUND(I4*$A$25,10) -> 280 | ... W29: =MROUND(W4*$A$25,10) -> 1090
A30: Higueras | B30: =MROUND(B5*$A$25,10) -> 280 | C30: =MROUND(C5*$A$25,10) -> 280 | D30: =MROUND(D5*$A$25,10) -> 0 | E30: =MROUND(E5*$A$25,10) -> 280 | F30: =MROUND(F5*$A$25,10) -> 280 | G30: =MROUND(G5*$A$25,10) -> 280 | H30: =MROUND(H5*$A$25,10) -> 280 | I30: =MROUND(I5*$A$25,10) -> 280 | ... W30: =MROUND(W5*$A$25,10) -> 1090
A31: Los Condores | B31: =MROUND(B6*$A$25,10) -> 280 | C31: =MROUND(C6*$A$25,10) -> 280 | D31: =MROUND(D6*$A$25,10) -> 280 | E31: =MROUND(E6*$A$25,10) -> 0 | F31: =MROUND(F6*$A$25,10) -> 280 | G31: =MROUND(G6*$A$25,10) -> 280 | H31: =MROUND(H6*$A$25,10) -> 280 | I31: =MROUND(I6*$A$25,10) -> 280 | ... W31: =MROUND(W6*$A$25,10) -> 1090
A32: UTFSM | B32: =MROUND(B7*$A$25,10) -> 280 | C32: =MROUND(C7*$A$25,10) -> 280 | D32: =MROUND(D7*$A$25,10) -> 280 | E32: =MROUND(E7*$A$25,10) -> 280 | F32: =MROUND(F7*$A$25,10) -> 0 | G32: =MROUND(G7*$A$25,10) -> 280 | H32: =MROUND(H7*$A$25,10) -> 280 | I32: =MROUND(I7*$A$25,10) -> 280 | ... W32: =MROUND(W7*$A$25,10) -> 1090
A33: Lorenzo Arenas | B33: =MROUND(B8*$A$25,10) -> 280 | C33: =MROUND(C8*$A$25,10) -> 280 | D33: =MROUND(D8*$A$25,10) -> 280 | E33: =MROUND(E8*$A$25,10) -> 280 | F33: =MROUND(F8*$A$25,10) -> 280 | G33: =MROUND(G8*$A$25,10) -> 0 | H33: =MROUND(H8*$A$25,10) -> 280 | I33: =MROUND(I8*$A$25,10) -> 280 | ... W33: =MROUND(W8*$A$25,10) -> 1090
A34: Concepción | B34: =MROUND(B9*$A$25,10) -> 280 | C34: =MROUND(C9*$A$25,10) -> 280 | D34: =MROUND(D9*$A$25,10) -> 280 | E34: =MROUND(E9*$A$25,10) -> 280 | F34: =MROUND(F9*$A$25,10) -> 280 | G34: =MROUND(G9*$A$25,10) -> 280 | H34: =MROUND(H9*$A$25,10) -> 0 | I34: =MROUND(I9*$A$25,10) -> 280 | ... W34: =MROUND(W9*$A$25,10) -> 1090
A35: Chiguayante | B35: =MROUND(B10*$A$25,10) -> 280 | C35: =MROUND(C10*$A$25,10) -> 280 | D35: =MROUND(D10*$A$25,10) -> 280 | E35: =MROUND(E10*$A$25,10) -> 280 | F35: =MROUND(F10*$A$25,10) -> 280 | G35: =MROUND(G10*$A$25,10) -> 280 | H35: =MROUND(H10*$A$25,10) -> 280 | I35: =MROUND(I10*$A$25,10) -> 0 | ... W35: =MROUND(W10*$A$25,10) -> 1090
A36: Pedro Medina | B36: =MROUND(B11*$A$25,10) -> 280 | C36: =MROUND(C11*$A$25,10) -> 280 | D36: =MROUND(D11*$A$25,10) -> 280 | E36: =MROUND(E11*$A$25,10) -> 280 | F36: =MROUND(F11*$A$25,10) -> 280 | G36: =MROUND(G11*$A$25,10) -> 280 | H36: =MROUND(H11*$A$25,10) -> 280 | I36: =MROUND(I11*$A$25,10) -> 280 | ... W36: =MROUND(W11*$A$25,10) -> 1090
A37: Manquimávida | B37: =MROUND(B12*$A$25,10) -> 280 | C37: =MROUND(C12*$A$25,10) -> 280 | D37: =MROUND(D12*$A$25,10) -> 280 | E37: =MROUND(E12*$A$25,10) -> 280 | F37: =MROUND(F12*$A$25,10) -> 280 | G37: =MROUND(G12*$A$25,10) -> 280 | H37: =MROUND(H12*$A$25,10) -> 280 | I37: =MROUND(I12*$A$25,10) -> 280 | ... W37: =MROUND(W12*$A$25,10) -> 1090
A38: La Leonera | B38: =MROUND(B13*$A$25,10) -> 280 | C38: =MROUND(C13*$A$25,10) -> 280 | D38: =MROUND(D13*$A$25,10) -> 280 | E38: =MROUND(E13*$A$25,10) -> 280 | F38: =MROUND(F13*$A$25,10) -> 280 | G38: =MROUND(G13*$A$25,10) -> 280 | H38: =MROUND(H13*$A$25,10) -> 280 | I38: =MROUND(I13*$A$25,10) -> 280 | ... W38: =MROUND(W13*$A$25,10) -> 1090
A39: Hualqui | B39: =MROUND(B14*$A$25,10) -> 280 | C39: =MROUND(C14*$A$25,10) -> 280 | D39: =MROUND(D14*$A$25,10) -> 280 | E39: =MROUND(E14*$A$25,10) -> 280 | F39: =MROUND(F14*$A$25,10) -> 280 | G39: =MROUND(G14*$A$25,10) -> 280 | H39: =MROUND(H14*$A$25,10) -> 280 | I39: =MROUND(I14*$A$25,10) -> 280 | ... W39: =MROUND(W14*$A$25,10) -> 1090
