Workbook

Sheet Resumen
A2: Pasajeros | B2: =SUM(B3:B30) -> 1039422
A3: Normales | B3: ='Afluencia diaria Biotren abr-26'!C38 -> 640272
A4: Tercera Edad | B4: ='Afluencia diaria Biotren abr-26'!F38 -> 65434
A5: Estudiantes | B5: ='Afluencia diaria Biotren abr-26'!D38 -> 244905
A6: Convenio EFE | B6: ='Afluencia diaria Biotren abr-26'!AD38 -> 0
A7: Convenio Asmar | B7: ='Afluencia diaria Biotren abr-26'!M38 -> 0
A8: Convenio Armada | B8: ='Afluencia diaria Biotren abr-26'!K38 -> 0
A9: Convenio Ewos | B9: ='Afluencia diaria Biotren abr-26'!N38 -> 0
A10: Convenio Sodimac | B10: ='Afluencia diaria Biotren abr-26'!L38 -> 0
A11: Convenio San Ignacio | B11: ='Afluencia diaria Biotren abr-26'!O38 -> 0
A12: Convenio Muni Thno | B12: ='Afluencia diaria Biotren abr-26'!P38 -> 0
A13: Convenio Serviu | B13: ='Afluencia diaria Biotren abr-26'!Q38 -> 0
A14: Convenio Mop | B14: ='Afluencia diaria Biotren abr-26'!R38 -> 0
A15: Convenio Est Basico | B15: ='Afluencia diaria Biotren abr-26'!E38 -> 18189
A16: Convenio Discapacitados | B16: ='Afluencia diaria Biotren abr-26'!AE38 -> 29852
A17: Delegaciones | B17: ='Afluencia diaria Biotren abr-26'!AH38 -> 0
A18: Correos de Chile | B18: ='Afluencia diaria Biotren abr-26'!T38 -> 0
A19: Fun. Full | B19: ='Afluencia diaria Biotren abr-26'!AG38 -> 508
A20: Funcionarios | B20: ='Afluencia diaria Biotren abr-26'!AC38 -> 8629
A21: Hosp. Higueras | B21: ='Afluencia diaria Biotren abr-26'!G38 -> 0
A22: Conv. Colectivo | B22: ='Afluencia diaria Biotren abr-26'!AF38 -> 3482
A23: Camanchaca | B23: ='Afluencia diaria Biotren abr-26'!H38 -> 0
A24: Pto. Coronel | B24: ='Afluencia diaria Biotren abr-26'!I38 -> 0
A25: Carabineros | B25: ='Afluencia diaria Biotren abr-26'!Z38 -> 0
A26: Orizon | B26: ='Afluencia diaria Biotren abr-26'!J38 -> 0
A27: Gendarmeria | B27: ='Afluencia diaria Biotren abr-26'!Y38 -> 0
A28: Conaf | B28: ='Afluencia diaria Biotren abr-26'!X38 -> 0
A29: M.Coronel | B29: ='Afluencia diaria Biotren abr-26'!U38 -> 0
A30: Multas | B30: ='Afluencia diaria Biotren abr-26'!AK38 -> 28151

Sheet Afluencia diaria Biotren abr-26
C2: AFLUENCIA DIARIA BIOTREN POR TARJETAS
C3: =B7 -> 46143
C5: Monedero | D5: Estudiante | E5: Est. Básico | F5: Adulto Mayor | G5: Hosp. Higueras | H5: Camanchaca | I5: Pto. Coronel | J5: Orizon | K5: Armada | L5: Sodimac | M5: ASMAR | N5: EWOS | O5: San Ignacio | P5: M. Thno. | Q5: SERVIU | R5: MOP | S5: M. Hualpén | T5: Correos Chile | U5: M. Coronel | V5: SII | W5: CGE | X5: CONAF | Y5: Gendarmería | Z5: Carabineros | AA5: Inst. Madera | AB5: Banco Estado | AC5: Funcionario | AD5: Fun. EFE | AE5: Discapacitados | AF5: Convenio Colec. | AG5: Fun. Full | AH5: Delegaciones | AJ5: Multas
A6: DIA | B6: FECHA | C6: Monedero | D6: Estudiante | E6: Est. Básico | F6: Adulto Mayor | G6: Hosp. Higueras | H6: Camanchaca | I6: Pto. Coronel | J6: Orizon | K6: Armada | L6: Sodimac | M6: ASMAR | N6: EWOS | O6: San Ignacio | P6: M. Thno. | Q6: SERVIU | R6: MOP | S6: M. Hualpén | T6: Correos Chile | U6: M. Coronel | V6: SII | W6: CGE | X6: CONAF | Y6: Gendarmería | Z6: Carabineros | AA6: Inst. Madera | AB6: Banco Estado | AC6: Funcionario | AD6: Fun. EFE | AE6: Discapacitados | AF6: Convenio Colec. | AG6: Fun. Full | AH6: Delegaciones | AI6: Compensacion 3 | AJ6: Multas | AK6: Salidas sin Entrada | AL6: TOTAL AFLUENCIA | AM6: Afluencias + Multas | AN6: CARGA ($) 2020 | AO6: TOTAL AFLUENCIA 2020 (+ Multas) | AP6: DIF. | AQ6: % | AR6: PM | AS6: % | AT6: PT | AU6: % | AV6: PP | AW6: Afluencias + Multas +SSE
A7: =B7 -> 46143 | B7: 46143 | C7: 327 | D7: 41 | E7: 3 | F7: 21 | AC7: 3 | AE7: 8 | AF7: 7 | AG7: 6 | AK7: 17 | AL7: =SUM(C7:AG7) -> 416 | AM7: =AL7 -> 416 | AW7: =AL7+AK7 -> 433
A8: =B8 -> 46144 | B8: 46144 | C8: 13699 | D8: 3282 | E8: 274 | F8: 1104 | AC8: 159 | AE8: 458 | AF8: 52 | AG8: 8 | AK8: 793 | AL8: =SUM(C8:AG8) -> 19036 | AM8: =AL8 -> 19036 | AW8: =AL8+AK8 -> 19829
A9: =B9 -> 46145 | B9: 46145 | C9: 5025 | D9: 1404 | E9: 119 | F9: 381 | AC9: 72 | AE9: 167 | AF9: 34 | AG9: 7 | AK9: 347 | AL9: =SUM(C9:AG9) -> 7209 | AM9: =AL9 -> 7209 | AW9: =AL9+AK9 -> 7556
A10: =B10 -> 46146 | B10: 46146 | C10: 30530 | D10: 12927 | E10: 780 | F10: 3152 | AC10: 442 | AE10: 1496 | AF10: 167 | AG10: 22 | AK10: 1323 | AL10: =SUM(C10:AG10) -> 49516 | AM10: =AL10 -> 49516 | AW10: =AL10+AK10 -> 50839
A11: =B11 -> 46147 | B11: 46147 | C11: 29798 | D11: 12766 | E11: 786 | F11: 2995 | AC11: 414 | AE11: 1434 | AF11: 177 | AG11: 22 | AK11: 1089 | AL11: =SUM(C11:AG11) -> 48392 | AM11: =AL11 -> 48392 | AW11: =AL11+AK11 -> 49481
A12: =B12 -> 46148 | B12: 46148 | C12: 27039 | D12: 11549 | E12: 656 | F12: 2509 | AC12: 344 | AE12: 1270 | AF12: 141 | AG12: 22 | AK12: 1046 | AL12: =SUM(C12:AG12) -> 43530 | AM12: =AL12 -> 43530 | AW12: =AL12+AK12 -> 44576
A13: =B13 -> 46149 | B13: 46149 | C13: 31956 | D13: 13354 | E13: 935 | F13: 3245 | AC13: 451 | AE13: 1522 | AF13: 188 | AG13: 23 | AK13: 1123 | AL13: =SUM(C13:AG13) -> 51674 | AM13: =AL13 -> 51674 | AW13: =AL13+AK13 -> 52797
A14: =B14 -> 46150 | B14: 46150 | C14: 29817 | D14: 12156 | E14: 790 | F14: 2859 | AC14: 406 | AE14: 1298 | AF14: 171 | AG14: 19 | AK14: 1201 | AL14: =SUM(C14:AG14) -> 47516 | AM14: =AL14 -> 47516 | AW14: =AL14+AK14 -> 48717
A15: =B15 -> 46151 | B15: 46151 | C15: 13948 | D15: 4207 | E15: 341 | F15: 1253 | AC15: 162 | AE15: 576 | AF15: 36 | AG15: 6 | AK15: 673 | AL15: =SUM(C15:AG15) -> 20529 | AM15: =AL15 -> 20529 | AW15: =AL15+AK15 -> 21202
A16: =B16 -> 46152 | B16: 46152 | C16: 5641 | D16: 1307 | E16: 134 | F16: 473 | AC16: 56 | AE16: 227 | AF16: 23 | AG16: 5 | AK16: 310 | AL16: =SUM(C16:AG16) -> 7866 | AM16: =AL16 -> 7866 | AW16: =AL16+AK16 -> 8176
A17: =B17 -> 46153 | B17: 46153 | C17: 27433 | D17: 11130 | E17: 831 | F17: 2927 | AC17: 389 | AE17: 1369 | AF17: 137 | AG17: 19 | AK17: 1115 | AL17: =SUM(C17:AG17) -> 44235 | AM17: =AL17 -> 44235 | AW17: =AL17+AK17 -> 45350
A18: =B18 -> 46154 | B18: 46154 | C18: 27892 | D18: 11557 | E18: 869 | F18: 2950 | AC18: 390 | AE18: 1358 | AF18: 156 | AG18: 17 | AK18: 1106 | AL18: =SUM(C18:AG18) -> 45189 | AM18: =AL18 -> 45189 | AW18: =AL18+AK18 -> 46295
... A31: =B31 -> 46167 | B31: 46167 | C31: 29808 | D31: 13285 | E31: 913 | F31: 3274 | AC31: 413 | AE31: 1475 | AF31: 170 | AG31: 30 | AK31: 1179 | AL31: =SUM(C31:AG31) -> 49368 | AM31: =AL31 -> 49368 | AW31: =AL31+AK31 -> 50547
A32: =B32 -> 46168 | B32: 46168 | C32: 29956 | D32: 13135 | E32: 884 | F32: 3235 | AC32: 433 | AE32: 1474 | AF32: 172 | AG32: 28 | AK32: 1219 | AL32: =SUM(C32:AG32) -> 49317 | AM32: =AL32 -> 49317 | AW32: =AL32+AK32 -> 50536 | AX32: =AVERAGE(AL12,AL19) -> 44995.5 | AY32: =AL33-AX32 -> 282.5 | AZ32: =AY32+AL32 -> 49599.5
A33: =B33 -> 46169 | B33: 46169 | C33: 27305 | D33: 12239 | E33: 887 | F33: 2882 | AC33: 391 | AE33: 1397 | AF33: 160 | AG33: 17 | AK33: 1082 | AL33: =SUM(C33:AG33) -> 45278 | AM33: =AL33 -> 45278 | AW33: =AL33+AK33 -> 46360 | AZ33: =AZ32*448 -> 22220576
A34: =B34 -> 46170 | B34: 46170 | C34: 27563 | D34: 12403 | E34: 880 | F34: 2851 | AC34: 395 | AE34: 1369 | AF34: 178 | AG34: 17 | AK34: 1098 | AL34: =SUM(C34:AG34) -> 45656 | AM34: =AL34 -> 45656 | AW34: =AL34+AK34 -> 46754
A35: =B35 -> 46171 | B35: 46171 | C35: 29285 | D35: 11982 | E35: 859 | F35: 3016 | AC35: 384 | AE35: 1386 | AF35: 163 | AG35: 15 | AK35: 1607 | AL35: =SUM(C35:AG35) -> 47090 | AM35: =AL35 -> 47090 | AW35: =AL35+AK35 -> 48697
A36: =B36 -> 46172 | B36: 46172 | C36: 13556 | D36: 3842 | E36: 369 | F36: 1265 | AC36: 137 | AE36: 519 | AF36: 57 | AG36: 8 | AK36: 792 | AL36: =SUM(C36:AG36) -> 19753 | AM36: =AL36 -> 19753 | AW36: =AL36+AK36 -> 20545
A37: =B37 -> 46173 | B37: 46173 | C37: 5967 | D37: 1673 | E37: 196 | F37: 503 | AC37: 56 | AE37: 182 | AF37: 37 | AG37: 6 | AK37: 405 | AL37: =SUM(C37:AG37) -> 8620 | AM37: =AL37 -> 8620 | AW37: =AL37+AK37 -> 9025
C38: =SUM(C7:C37) -> 640272 | D38: =SUM(D7:D37) -> 244905 | E38: =SUM(E7:E37) -> 18189 | F38: =SUM(F7:F37) -> 65434 | G38: =SUM(G7:G37) -> 0 | H38: =SUM(H7:H37) -> 0 | I38: =SUM(I7:I37) -> 0 | J38: =SUM(J7:J37) -> 0 | ... AK38: =SUM(AK7:AK37) -> 28151 | AL38: =SUM(C38:AG38) -> 1011271 | AM38: =SUM(AM7:AM37) -> 1011271 | AN38: =SUM(AN7:AN37) -> 0 | AO38: =SUM(AO7:AO37) -> 0 | AP38: =SUM(AP7:AP37) -> 0 | AQ38: =SUM(AQ7:AQ37) -> 0 | AR38: =SUM(AR7:AR37) -> 0 | AS38: =SUM(AS7:AS37) -> 0 | AT38: =SUM(AT7:AT37) -> 0 | ... AW38: =SUM(AW7:AW37) -> 1039422
C39: Monedero | D39: Adulto Mayor | E39: Capacidades Diferentes | F39: Estudiante Básica | G39: Estudiante | H39: Convenios Colectivos | I39: Funcionario Normal | J39: Funcionario Full | K39: Compensación 3 | L39: Multas | M39: Salidas sin Entrada
B40: 45047 | C40: 202 | D40: 6 | F40: 1 | G40: 29 | H40: 3 | I40: 19 | J40: 0 | K40: 0 | L40: 11 | M40: 13
B41: 45048 | C41: 33052 | D41: 1804 | E41: 215 | F41: 288 | G41: 9875 | H41: 144 | I41: 1517 | J41: 41 | K41: 0 | L41: 504 | M41: 1338
B42: 45049 | C42: 33178 | D42: 1712 | E42: 187 | F42: 255 | G42: 10065 | H42: 123 | I42: 1497 | J42: 49 | K42: 0 | L42: 417 | M42: 1063
B43: 45050 | C43: 32810 | D43: 1709 | E43: 231 | F43: 268 | G43: 9833 | H43: 129 | I43: 1511 | J43: 45 | K43: 0 | L43: 354 | M43: 978
B44: 45051 | C44: 30940 | D44: 1624 | E44: 207 | F44: 213 | G44: 8743 | H44: 127 | I44: 1330 | J44: 16 | K44: 0 | L44: 387 | M44: 996
B45: 45052 | C45: 10156 | D45: 532 | E45: 49 | F45: 79 | G45: 1797 | H45: 31 | I45: 460 | J45: 2 | K45: 0 | L45: 153 | M45: 400
B46: 45053 | C46: 9819 | D46: 482 | E46: 41 | F46: 52 | G46: 1207 | H46: 26 | I46: 382 | J46: 0 | K46: 0 | L46: 199 | M46: 826
B47: 45054 | C47: 32165 | D47: 1668 | E47: 219 | F47: 207 | G47: 9748 | H47: 129 | I47: 1511 | J47: 16 | K47: 0 | L47: 429 | M47: 1105
B48: 45055 | C48: 33014 | D48: 1678 | E48: 206 | F48: 264 | G48: 10250 | H48: 128 | I48: 1517 | J48: 21 | K48: 0 | L48: 386 | M48: 982
B49: 45056 | C49: 32413 | D49: 1596 | E49: 192 | F49: 270 | G49: 10337 | H49: 109 | I49: 1458 | J49: 68 | K49: 0 | L49: 365 | M49: 926
B50: 45057 | C50: 31618 | D50: 1640 | E50: 217 | F50: 261 | G50: 9837 | H50: 112 | I50: 1391 | J50: 8 | K50: 0 | L50: 400 | M50: 835
B51: 45058 | C51: 33503 | D51: 1655 | E51: 213 | F51: 238 | G51: 9254 | H51: 131 | I51: 1364 | J51: 30 | K51: 0 | L51: 394 | M51: 1098
B52: 45059 | C52: 12065 | D52: 499 | E52: 63 | F52: 74 | G52: 2195 | H52: 44 | I52: 508 | J52: 3 | K52: 0 | L52: 167 | M52: 427
... B70: 45077 | C70: 31117 | D70: 1684 | E70: 246 | F70: 282 | G70: 9948 | H70: 125 | I70: 1408 | J70: 17 | K70: 0 | L70: 353 | M70: 831
C71: =SUM(C7:C38) -> 1280544 | D71: =SUM(D7:D38) -> 489810 | E71: =SUM(E7:E38) -> 36378 | F71: =SUM(F7:F38) -> 130868 | AC71: =SUM(AC7:AC38) -> 17258 | AE71: =SUM(AE7:AE38) -> 59704 | AF71: =SUM(AF7:AF38) -> 6964 | AG71: =SUM(AG7:AG38) -> 1016

Sheet Afxcontrato SINTEG
A1: Día | B1: Monedero | C1: Estudiante | D1: Est. Básico | E1: Adulto Mayor | F1: Hosp. Higueras | G1: Camanchaca | H1: Pto. Coronel | I1: Orizon | J1: Armada | K1: Sodimac | L1: ASMAR | M1: EWOS | N1: San Ignacio | O1: M. Thno. | P1: SERVIU | Q1: MOP | R1: M. Hualpén | S1: Correos Chile | T1: M. Coronel | U1: SII | V1: CGE | W1: CONAF | X1: Gendarmería | Y1: Carabineros | Z1: Inst. Madera | AA1: Banco Estado | AB1: Funcionario | AC1: Fun. EFE | AD1: Discapacitados | AE1: Convenio Colec. | AF1: Fun. Full | AG1: Delegaciones | AH1: Multas | AI1: Total
A2: 44927 | B2: 173 | C2: 16 | D2: 1 | E2: 7 | F2: 0 | G2: 0 | H2: 0 | I2: 0 | J2: 0 | K2: 0 | L2: 0 | M2: 0 | N2: 0 | O2: 0 | P2: 0 | Q2: 0 | R2: 0 | S2: 0 | T2: 0 | U2: 0 | V2: 0 | W2: 0 | X2: 0 | Y2: 0 | Z2: 0 | AA2: 0 | AB2: 0 | AC2: 0 | AD2: 4 | AE2: 2 | AF2: 1 | AG2: 0 | AH2: 10 | AI2: 214
A3: 44928 | B3: 285 | C3: 39 | D3: 1 | E3: 11 | F3: 0 | G3: 0 | H3: 0 | I3: 0 | J3: 0 | K3: 2 | L3: 0 | M3: 0 | N3: 0 | O3: 0 | P3: 0 | Q3: 0 | R3: 0 | S3: 0 | T3: 0 | U3: 0 | V3: 0 | W3: 0 | X3: 0 | Y3: 0 | Z3: 0 | AA3: 0 | AB3: 9 | AC3: 0 | AD3: 13 | AE3: 1 | AF3: 1 | AG3: 0 | AH3: 10 | AI3: 372
A4: 44929 | B4: 18658 | C4: 3163 | D4: 140 | E4: 1070 | F4: 28 | G4: 24 | H4: 12 | I4: 0 | J4: 39 | K4: 46 | L4: 2 | M4: 15 | N4: 0 | O4: 10 | P4: 20 | Q4: 10 | R4: 0 | S4: 11 | T4: 2 | U4: 0 | V4: 0 | W4: 0 | X4: 0 | Y4: 26 | Z4: 0 | AA4: 0 | AB4: 195 | AC4: 11 | AD4: 769 | AE4: 70 | AF4: 14 | AG4: 0 | AH4: 885 | AI4: 25220
A5: 44930 | B5: 19849 | C5: 3261 | D5: 132 | E5: 1234 | F5: 39 | G5: 28 | H5: 12 | I5: 0 | J5: 45 | K5: 48 | L5: 3 | M5: 23 | N5: 0 | O5: 10 | P5: 20 | Q5: 14 | R5: 0 | S5: 12 | T5: 2 | U5: 0 | V5: 0 | W5: 0 | X5: 0 | Y5: 28 | Z5: 0 | AA5: 0 | AB5: 177 | AC5: 10 | AD5: 887 | AE5: 58 | AF5: 27 | AG5: 0 | AH5: 994 | AI5: 26913
A6: 44931 | B6: 19210 | C6: 3262 | D6: 120 | E6: 1151 | F6: 46 | G6: 31 | H6: 7 | I6: 0 | J6: 39 | K6: 56 | L6: 1 | M6: 12 | N6: 0 | O6: 12 | P6: 23 | Q6: 11 | R6: 0 | S6: 9 | T6: 2 | U6: 0 | V6: 0 | W6: 0 | X6: 0 | Y6: 23 | Z6: 0 | AA6: 0 | AB6: 181 | AC6: 11 | AD6: 867 | AE6: 67 | AF6: 33 | AG6: 2 | AH6: 878 | AI6: 26054
A7: 44932 | B7: 18399 | C7: 3174 | D7: 133 | E7: 1110 | F7: 37 | G7: 35 | H7: 6 | I7: 0 | J7: 35 | K7: 43 | L7: 1 | M7: 12 | N7: 0 | O7: 11 | P7: 17 | Q7: 11 | R7: 0 | S7: 7 | T7: 1 | U7: 0 | V7: 0 | W7: 0 | X7: 0 | Y7: 27 | Z7: 0 | AA7: 0 | AB7: 201 | AC7: 10 | AD7: 820 | AE7: 55 | AF7: 17 | AG7: 0 | AH7: 1003 | AI7: 25165
A8: 44933 | B8: 5317 | C8: 1010 | D8: 49 | E8: 305 | F8: 4 | G8: 4 | H8: 0 | I8: 0 | J8: 6 | K8: 8 | L8: 0 | M8: 2 | N8: 0 | O8: 1 | P8: 0 | Q8: 0 | R8: 0 | S8: 1 | T8: 1 | U8: 0 | V8: 0 | W8: 0 | X8: 0 | Y8: 5 | Z8: 0 | AA8: 0 | AB8: 56 | AC8: 0 | AD8: 272 | AE8: 18 | AF8: 2 | AG8: 0 | AH8: 340 | AI8: 7401
A9: 44934 | B9: 259 | C9: 33 | D9: 0 | E9: 15 | F9: 0 | G9: 0 | H9: 0 | I9: 0 | J9: 0 | K9: 1 | L9: 0 | M9: 0 | N9: 0 | O9: 0 | P9: 0 | Q9: 0 | R9: 0 | S9: 0 | T9: 0 | U9: 0 | V9: 0 | W9: 0 | X9: 0 | Y9: 0 | Z9: 0 | AA9: 0 | AB9: 1 | AC9: 0 | AD9: 18 | AE9: 4 | AF9: 0 | AG9: 0 | AH9: 22 | AI9: 353
A10: 44935 | B10: 18919 | C10: 3155 | D10: 131 | E10: 1201 | F10: 37 | G10: 33 | H10: 8 | I10: 0 | J10: 43 | K10: 39 | L10: 1 | M10: 10 | N10: 0 | O10: 8 | P10: 21 | Q10: 17 | R10: 0 | S10: 10 | T10: 1 | U10: 0 | V10: 0 | W10: 0 | X10: 0 | Y10: 27 | Z10: 0 | AA10: 0 | AB10: 200 | AC10: 7 | AD10: 839 | AE10: 63 | AF10: 36 | AG10: 0 | AH10: 1228 | AI10: 26034
A11: 44936 | B11: 19397 | C11: 3276 | D11: 120 | E11: 1166 | F11: 37 | G11: 29 | H11: 10 | I11: 0 | J11: 50 | K11: 41 | L11: 1 | M11: 13 | N11: 0 | O11: 9 | P11: 16 | Q11: 15 | R11: 0 | S11: 10 | T11: 2 | U11: 0 | V11: 0 | W11: 0 | X11: 0 | Y11: 27 | Z11: 0 | AA11: 0 | AB11: 189 | AC11: 8 | AD11: 823 | AE11: 85 | AF11: 37 | AG11: 0 | AH11: 1210 | AI11: 26571
A12: 44937 | B12: 19624 | C12: 3226 | D12: 163 | E12: 1122 | F12: 24 | G12: 25 | H12: 5 | I12: 0 | J12: 37 | K12: 38 | L12: 1 | M12: 6 | N12: 0 | O12: 9 | P12: 12 | Q12: 9 | R12: 0 | S12: 10 | T12: 2 | U12: 0 | V12: 0 | W12: 0 | X12: 0 | Y12: 22 | Z12: 0 | AA12: 0 | AB12: 203 | AC12: 6 | AD12: 875 | AE12: 90 | AF12: 25 | AG12: 0 | AH12: 1252 | AI12: 26786
A13: 44938 | B13: 19581 | C13: 3107 | D13: 139 | E13: 1164 | F13: 25 | G13: 21 | H13: 4 | I13: 0 | J13: 28 | K13: 30 | L13: 2 | M13: 12 | N13: 0 | O13: 7 | P13: 14 | Q13: 6 | R13: 0 | S13: 9 | T13: 1 | U13: 0 | V13: 0 | W13: 0 | X13: 0 | Y13: 28 | Z13: 0 | AA13: 0 | AB13: 185 | AC13: 6 | AD13: 867 | AE13: 78 | AF13: 79 | AG13: 0 | AH13: 1375 | AI13: 26768
... A32: 44957 | B32: 19489 | C32: 2686 | D32: 129 | E32: 1195 | F32: 28 | G32: 15 | H32: 15 | I32: 0 | J32: 40 | K32: 28 | L32: 3 | M32: 6 | N32: 0 | O32: 5 | P32: 11 | Q32: 6 | R32: 0 | S32: 7 | T32: 3 | U32: 0 | V32: 0 | W32: 0 | X32: 0 | Y32: 20 | Z32: 0 | AA32: 0 | AB32: 149 | AC32: 6 | AD32: 812 | AE32: 84 | AF32: 66 | AG32: 0 | AH32: 1379 | AI32: 26182
A33: Total | B33: 421955 | C33: 67534 | D33: 3064 | E33: 25149 | F33: 568 | G33: 531 | H33: 192 | I33: 0 | J33: 686 | K33: 720 | L33: 36 | M33: 245 | N33: 0 | O33: 162 | P33: 293 | Q33: 213 | R33: 0 | S33: 198 | T33: 30 | U33: 0 | V33: 0 | W33: 0 | X33: 0 | Y33: 476 | Z33: 0 | AA33: 0 | AB33: 3965 | AC33: 168 | AD33: 18660 | AE33: 1555 | AF33: 1192 | AG33: 2 | AH33: 28207 | AI33: 575801
